{"type":"FeatureCollection","features":[{"type":"Feature","properties":{"admin":"FJI"},"geometry":{"type":"MultiPolygon","coordinates":[[[[152.1763698668906,-18.20640046121875],[151.9980766315898,-18.73225125504148],[151.36955904368165,-18.996552055660008],[150.751059361349,-19.222311276812405],[150.78225409368628,-18.822445158056368],[151.27977372331273,-18.601853244693125],[151.56756883847703,-18.542723459015203],[152.1763698668906,-18.20640046121875]]],[[[150.0571030352528,-19.748587097527935],[150.3297344861957,-19.572758523921863],[150.5079918462317,-19.880257531189724],[150.1615658162425,-20.43451165109074],[149.5847963233842,-20.579891510793374],[149.17106115389834,-20.449047997877962],[149.26371589539116,-19.982578126668816],[149.72168522920254,-19.61673895996503],[150.0571030352528,-19.748587097527935]]],[[[-152.01824110430871,-18.156451599731984],[-151.9480661442967,-18.67479542909894],[-151.9980766315898,-18.73225125504148],[-152.1763698668906,-18.20640046121875],[-152.01824110430871,-18.156451599731984]]]]}},{"type":"Feature","properties":{"admin":"TZA"},"geometry":{"type":"Polygon","coordinates":[[[29.207725354529263,-1.1025730923425492],[29.352767470941718,-1.2300047773157736],[32.45653471046024,-3.5914159819379674],[32.50595960876252,-4.262574727756356],[33.720828521805025,-5.417100808983322],[33.29205310047821,-6.8359031890415505],[33.3259018579204,-7.486555128941833],[33.86382942532774,-7.904155438614594],[33.88063302880222,-8.201804862865231],[33.622379299370216,-8.891935478780345],[33.65983917052372,-9.238563732493233],[33.58434618280308,-9.782441420997579],[33.856362284406536,-10.494247673034232],[34.1634589311727,-11.609211114738676],[34.466041804604,-11.855682643393132],[34.46604512016348,-11.855684895964655],[33.755534271783816,-12.50756710984914],[32.800929951253266,-12.942898853826957],[32.28972835631797,-12.924521411953101],[31.969515781384157,-13.26011153140043],[31.374217176702352,-13.288919262810724],[31.144770172183758,-13.430111930874144],[30.134182462734888,-13.115185465419056],[29.48809932012624,-13.205627788099356],[29.31234746491806,-11.678665231706793],[29.041977395326533,-11.152284077903417],[28.88103561447042,-10.839511424249583],[28.048991125711403,-10.628246072588654],[27.57405922810591,-10.28780133659574],[27.03558214085497,-10.096726917249299],[26.69975318847994,-9.90644834614008],[26.350072081663964,-9.616908713730032],[26.35007633554331,-9.61690985177242],[25.923896527981093,-8.178897903096026],[25.440171528924093,-7.537424533208868],[25.28167422292065,-6.8715842732687005],[25.378523852249497,-6.273507295449756],[25.240558762813873,-5.213128567999596],[25.597090017653745,-5.158199951265523],[25.915054541646395,-4.739890719778132],[26.257612475780643,-4.137061649049551],[26.472752975541187,-3.8949894892826338],[26.468810528082976,-3.5188574601883573],[26.285934142284894,-3.2563761989929016],[26.239931201715354,-2.800219565401562],[26.239927987460852,-2.800190595920129],[26.489645769279534,-2.653499785300738],[26.54397616239437,-1.9713939881682045],[26.20503637035659,-1.3168408213046285],[26.507697873861446,-1.1774758618368546],[27.452097577939732,-1.1923400508543143],[29.207725354529263,-1.1025730923425492]]]}},{"type":"Feature","properties":{"admin":"SAH"},"geometry":{"type":"Polygon","coordinates":[[[-7.054918039391377,29.97001943011994],[-7.056502959598985,29.906891889441702],[-7.077871914025311,29.723866157965077],[-7.123267712115967,28.27547874727629],[-9.812498347687717,28.32599647479057],[-9.878845135148682,25.81269459651755],[-10.657599936696549,25.723015239844905],[-10.879183847160588,25.207955484423834],[-10.772796966978696,23.74253475563326],[-14.035488414113464,23.748932531021847],[-14.232226949584106,23.40694325017535],[-14.177488295177403,23.839944468486674],[-14.163010672689646,23.838333418419698],[-12.284021713908075,23.919938688832875],[-12.169852980280028,24.287184649741903],[-11.811655977768089,24.742839941452626],[-11.483055710262034,26.12801544685421],[-10.293612008520725,27.193868568991608],[-9.859038280495442,28.42009530163852],[-9.600168069395504,28.490674730795515],[-9.304478299121588,29.2374152931991],[-8.613636342781014,29.339670629335718],[-8.32261778777847,29.21599024373968],[-7.9517290498387965,29.21599024373968],[-7.681383131452847,29.432539028267946],[-7.176005298165459,29.463147428053606],[-7.178859584338792,29.97001943011994],[-7.054918039391377,29.97001943011994]]]}},{"type":"Feature","properties":{"admin":"CAN"},"geometry":{"type":"MultiPolygon","coordinates":[[[[-88.00276860864629,46.765950757641065],[-88.09714175022187,46.76754275708185],[-88.78089883372633,47.376326048971954],[-88.97406578483087,47.63958970899782],[-89.94888196544271,47.88931299581391],[-89.67474328648997,48.41468491205977],[-89.10773247376876,48.772154102886304],[-89.6697872753948,49.01685864567527],[-89.1613423866246,49.472900351064226],[-89.41704451142452,49.87538546132754],[-89.01786834416734,50.15631695969418],[-89.01784808681504,50.15633103950786],[-88.25084557527555,50.41576758061692],[-87.75920596003084,50.75002810449888],[-88.38166717905744,51.08130303528397],[-88.11102719648412,51.66048147350046],[-87.91658804662838,52.01503128698958],[-88.13282688545813,52.23402594679723],[-88.22052062377475,52.43037105269913],[-88.11647259378842,52.67493040015616],[-89.05415886272084,52.52223664266173],[-90.18235434643792,52.255188744239476],[-90.18112389301243,52.56870135498936],[-90.24367789754854,52.774156873901006],[-90.62547885670234,52.902610441624425],[-91.23593740298216,52.91626648659183],[-86.01439584358556,55.3107000631796],[-82.68032644221678,56.6189807417581],[-82.68032115806992,56.618980091133224],[-81.79517509242842,56.540159952648935],[-81.2840708990381,56.38028231034764],[-80.74680185379762,56.34932302343507],[-79.87257459764302,56.4887128809616],[-78.89732096783207,56.591416465705635],[-78.12658423773968,56.5514376197535],[-76.88743145432733,56.69422124465474],[-75.73011002037234,56.77397193287179],[-75.66042169482276,56.64083121251002],[-75.0372893482365,56.716187944620636],[-74.53492093511166,56.865680502131305],[-74.21639232414441,56.83212216595722],[-73.93026127116273,56.54330313977998],[-72.62408192452962,56.762732937357676],[-73.13082473230894,56.51666531700522],[-72.28196349720182,56.57058171678352],[-71.83758943466397,56.6655212370093],[-71.17187925319811,56.646831899599256],[-70.58957309262276,56.509460028221135],[-69.48248788307336,56.38742051562431],[-68.79350108072616,56.33023426388021],[-68.1669993312401,56.351976813045965],[-67.73371886106159,56.179159549541225],[-68.93393069927788,56.006358515685726],[-68.00848666502655,55.930575106302015],[-66.30766540257201,55.972344923329665],[-65.6753768953971,56.03390579926516],[-65.45541899264839,55.821029501152935],[-64.4531262001626,56.0009917826953],[-64.76993518017983,56.14903738660648],[-64.15127317040003,56.26655462905063],[-63.3982686864765,56.2822447429548],[-62.857102435346796,56.316187584103645],[-62.53789219529062,56.23489643887882],[-62.30078164896294,56.04685631296532],[-61.58160904615245,56.07473224704728],[-60.81898894715495,55.91591826559311],[-59.787158080558065,55.97218244421256],[-58.929230502548265,55.963697460121956],[-58.608453745163125,56.18089596014918],[-57.9717776854535,56.240855172630106],[-57.2585487487197,56.12401251708054],[-57.84213822760295,55.78932475993121],[-56.9731538753397,56.0722717181656],[-56.5093715203101,56.06288713871148],[-55.64083138751333,56.40677707524143],[-55.90604204568887,56.610423194332306],[-56.34910141517304,56.74082017053922],[-55.65102891775361,57.085135825970674],[-54.55406897942532,57.30139329997682],[-53.888091543437845,57.25427649389764],[-53.55336669308243,57.12260322711102],[-53.39946607668192,56.77320817435189],[-54.19835210409698,56.61506616891648],[-53.221637147160834,56.54891544919845],[-53.806258763949366,56.20533502627916],[-52.57197587101942,56.47001627192375],[-52.22385486094112,56.253305589500805],[-52.816217435493634,55.99606900579632],[-52.61451105499097,55.755118021149144],[-51.58690011003868,56.01298746423071],[-50.682841249333414,56.31095636450859],[-50.06347797939273,56.674106683945624],[-49.271578818602535,56.64929749380394],[-48.48109564874187,56.60147720975351],[-47.945522477650314,56.43784257013726],[-48.16364874105284,56.27055842270674],[-48.881717875053,56.08686024211687],[-48.738445834795314,55.898219669496974],[-49.06829208302453,55.72322293216064],[-50.623886442528786,55.46561787549354],[-51.553077957844415,55.407839899638205],[-52.01556523815129,55.52028476929031],[-52.47541478900241,55.332009438491774],[-53.53872888816629,55.00757365116523],[-53.96642284918884,54.835266543231775],[-55.07283011985063,54.56322729947454],[-56.00259300656019,54.536241572325814],[-56.744064967597154,54.36260372595989],[-57.169850661769935,54.09049664211498],[-57.977538657350806,54.03741157593292],[-59.240766317759785,53.68814798921268],[-60.6198198249243,53.18712684993152],[-61.35209444252093,52.82543050406206],[-62.0958018606057,52.276289981094905],[-61.231623399287,52.195868462699494],[-61.490252071171994,51.73663397327109],[-61.62415453277725,51.355266663689946],[-60.57628257599713,51.4554023721812],[-59.581470913988035,51.235244060295315],[-59.123051823606886,51.03971774252792],[-58.90104173558698,50.79373787908963],[-58.20379323281309,50.648907118078334],[-57.710090701204955,50.42517216153497],[-56.61897524350665,50.394317843235115],[-55.92944076481532,50.34257838591514],[-56.4805020989893,49.87247514677153],[-56.770392475577815,49.31302781409131],[-56.81729984125793,48.67269813777029],[-56.22836079716324,48.114960300215486],[-55.5346901669175,48.30767561208649],[-54.67367688132651,48.90609385495214],[-54.27958362119369,49.79499779694199],[-54.50548377708964,50.08305835732371],[-53.18598835265174,50.33620937077588],[-52.07961929904904,50.70879146311698],[-51.37119390145501,51.072069437498335],[-51.10320766783528,51.41388950727386],[-51.1392762631454,51.83893861277771],[-51.56532645202952,52.20672734164263],[-50.269205137839,52.7053116006169],[-50.09739692652036,53.123206569003735],[-49.520089425682094,53.81636190293583],[-48.9623031328456,53.91585405174997],[-48.01204477368022,53.79851040655776],[-47.407295501605894,53.75629949207866],[-46.75510225241391,53.86995884233326],[-46.32615342100614,53.723213254206314],[-45.813917416175336,53.46822746158807],[-45.79991330855216,53.29478052068755],[-44.689810950267116,53.26067591696811],[-45.08779185461788,52.87691290011745],[-45.43641083148835,52.28039912767941],[-44.90597514412611,52.20502598734082],[-44.684684770413064,51.91781251605759],[-43.49328971871612,52.18870418329066],[-42.40200571008362,52.71378293858425],[-41.77809939836434,52.929734659063556],[-41.64187377503528,52.51214664202659],[-41.30260263681,51.895672416276376],[-41.03914657854154,51.29435909273355],[-41.5521145609467,50.97123575305373],[-40.871062785303714,50.67616259021871],[-40.47510996468861,50.37246427929231],[-39.48446272938391,50.23346394685852],[-39.16011651601916,50.06064251846806],[-39.18456494218207,49.59497913874922],[-38.69402249701426,49.520927136240175],[-38.544807707956565,49.30926616863915],[-38.87044263024623,48.666173407005004],[-39.50323051449103,48.4468681145017],[-40.12452792302017,48.24023722878539],[-41.40497463691727,48.02913412295221],[-42.57924052285557,47.5340144012805],[-43.836336174777884,47.435007707431346],[-45.277437448228994,47.56335244452253],[-46.33874352733316,47.567736188067244],[-47.0996937686748,47.52561183710613],[-47.97176819346242,47.08489319427933],[-49.05483696981603,46.80879705391492],[-50.609078689952824,45.96686804084349],[-51.80442203670711,45.36407460187682],[-51.12223758378667,45.47232361544723],[-49.45270763357599,46.323194046558],[-47.62783127184004,46.84931016175699],[-46.520115542498274,46.91156587851718],[-46.06598599714385,46.603917691491304],[-46.99028467270685,46.17666368996235],[-47.14914352449638,45.476866004595465],[-47.177274767093586,44.97666450964935],[-46.39714409666199,44.64082343010861],[-45.13551030898447,44.73853860566589],[-44.02964051427584,45.486697724492565],[-44.21854960000302,45.0061703566903],[-43.86337967570084,44.76321615487851],[-44.98499114010173,44.31879505156629],[-46.816641072230176,43.90950150961524],[-47.68709958787546,43.628179044727894],[-48.76084127414925,43.121250518042054],[-49.30226623012644,43.173293995220114],[-49.039503739592426,43.76726095894015],[-47.47091285712873,44.33709471881254],[-48.66177283768632,44.31473610308401],[-49.52434722813351,44.231403734662024],[-49.80202210728716,44.616330168088034],[-49.29877884684953,45.525065789598216],[-49.513027215612595,45.71375888550592],[-50.06425653617148,45.60281322273864],[-50.20505404819635,45.77426811710022],[-51.04893161748307,45.27906314709762],[-51.56838312633865,44.75957945489947],[-52.00137013868054,44.4515783493712],[-52.37273497548009,44.346107378738864],[-52.62774467674331,44.311790641244116],[-52.79524959866743,44.14266048547149],[-54.15616443851872,44.14209701681831],[-55.28057721391345,44.13735523309665],[-55.687071772530885,44.01062241463642],[-56.75687059354406,43.50978962210667],[-56.88075481498818,43.45517860385854],[-57.27377449305519,43.18045493671251],[-57.95797634621598,43.18064749757345],[-58.69201852991602,43.17783897179402],[-59.09331324742472,43.06525351031499],[-59.052269635081906,42.92548393577091],[-59.107937313837645,42.707207063982494],[-59.163146203983246,42.63433586822907],[-60.34530076916604,42.274584147335126],[-61.18421574305062,42.16013170505395],[-62.277995616676904,41.76855078354299],[-62.46746848370777,41.76855078354299],[-62.659102550048416,41.88465015230387],[-62.68459868958562,41.98952448393383],[-62.624712070904884,42.065897592293894],[-62.31337759448612,42.320936212269885],[-61.73049128906581,42.717974820056014],[-61.2627976980866,43.13958414957049],[-61.04013107846641,43.74978942054343],[-60.80193817380931,44.374955499512964],[-61.35913041361069,44.693432345659225],[-61.18863469528271,44.813200520365484],[-61.24084135110365,44.89527148477183],[-61.441984563812426,44.89527148477183],[-61.51703908366339,45.00134650010742],[-61.44545243464087,45.159132684458974],[-61.63505319865215,45.09030283792358],[-61.81686654899668,45.11083102207516],[-61.726551565038974,45.17670952555305],[-61.85295024755403,45.241999271991425],[-61.801397355726586,45.41574547626592],[-62.21573304340787,45.625852389697435],[-62.644408738777145,45.84284882263112],[-63.164555764761474,46.09263913121898],[-63.66260013400291,46.32505490376006],[-64.44892465038994,46.14391784343183],[-64.68997301951805,46.13762108514025],[-65.44560583657825,46.30405516497771],[-66.09610279643992,46.22096450679658],[-66.63433528546354,46.418686656469085],[-67.28471240750893,46.519706347621714],[-67.75371203965489,46.55860216456375],[-67.88625251313962,46.66539427826277],[-67.71700116592714,47.00886707096291],[-67.96137284491434,47.00588377885782],[-68.17210695395616,46.765950757641065],[-69.65442037401813,46.76638985297865],[-72.10581781553442,46.765950757641065],[-74.54041945429466,46.76586293769629],[-76.69078785050134,46.765950757641065],[-78.8399925543921,46.765950757641065],[-80.95337717988464,46.765950757641065],[-83.13709811131989,46.765950757641065],[-83.84134234467511,46.765950757641065],[-85.9681881556297,46.765950757641065],[-88.00276860864629,46.765950757641065]]],[[[-53.179516606702215,53.87383529213947],[-52.45881116817687,54.07095698958914],[-51.598404357040536,54.066924076242245],[-51.715200007233676,53.98446369818016],[-52.752577261580356,53.74678334138783],[-53.18836273608246,53.75682096349148],[-53.179516606702215,53.87383529213947]]],[[[-45.29727316111219,57.55373535754251],[-45.67481684766576,57.69975838345027],[-45.48551622624367,57.796471992827634],[-45.18476224428629,57.8141319309645],[-43.945355623452336,57.785489225251986],[-43.214024141094264,57.63680712434778],[-43.285680394578776,57.560291476987004],[-43.876052333442104,57.56842098895134],[-44.477787537379086,57.5742985381054],[-45.160896016499365,57.53675064240913],[-45.29727316111219,57.55373535754251]]],[[[-51.042677826560286,53.71471287996625],[-50.64124698099492,53.84486294524647],[-50.393214886055944,53.835411320002414],[-50.337927459021074,53.74654632762611],[-50.85901248570156,53.51597829063825],[-51.096970630368354,53.55354487664692],[-51.10851365382788,53.68456555581049],[-51.042677826560286,53.71471287996625]]],[[[-52.01028461566887,58.12607179958306],[-52.51109678785006,58.029438699109654],[-53.28177175184323,58.048192721829864],[-53.8201111044956,58.113150472842136],[-53.291850509043506,58.22284723940241],[-52.36118517765857,58.28699588437456],[-52.0535557072167,58.20325893415242],[-52.01028461566887,58.12607179958306]]],[[[-50.92057190061146,58.70183814247647],[-51.180727009596005,58.69590365017771],[-52.16858477341043,58.70909295679635],[-52.18564022655639,58.766151393982106],[-51.102415476036214,58.76319668948932],[-50.8047433210495,58.72538917156373],[-50.92057190061146,58.70183814247647]]],[[[-51.94676885544885,58.947326222076796],[-51.45379160075203,58.881323189028365],[-51.758348710385654,58.81065276895008],[-52.65105650993204,58.76937379497847],[-52.98557404666141,58.81578970626887],[-53.04795205884821,58.88897806043732],[-52.90867617409481,58.967099012757714],[-52.23124569906553,58.95967692309347],[-51.94676885544885,58.947326222076796]]],[[[-49.25821151882416,57.978674407058534],[-50.09940057728637,58.01002336809464],[-51.42010825463084,58.0908817163072],[-51.33907628514682,58.225006498099305],[-51.16447182596526,58.342142596292945],[-51.506594678136324,58.44213516216987],[-52.58187626791681,58.46957895724499],[-53.065837886704585,58.538126385837614],[-52.664534812726515,58.62663849600929],[-51.57196012400109,58.61311015226394],[-51.11580194174843,58.54364225399517],[-50.03925639559248,58.54412779070526],[-49.71751109608458,58.471416742214316],[-50.01674142884561,58.386333190057236],[-49.49106662560147,58.334026421357876],[-49.251953302931405,58.27823920491929],[-48.52742985260451,58.26781842562166],[-47.759527224515026,58.247886299145954],[-46.78391712337627,58.299246276800986],[-45.62360330308654,58.319212430214726],[-44.75757686467282,58.302721301941766],[-44.32604123674759,58.212991152088456],[-44.37944382211438,58.112039293523864],[-44.84252225058455,58.04579145960056],[-45.77016305760677,57.991458870848774],[-46.42948614064252,58.022289284264566],[-48.10263758666403,57.98319714664622],[-49.25821151882416,57.978674407058534]]],[[[-60.04505611375285,58.82963115964863],[-59.36375873972825,58.79859632705158],[-59.69815019633006,58.73821380058545],[-60.86207215572603,58.678825669694056],[-61.49281421062748,58.74538667387495],[-60.88610414750389,58.809483604075346],[-60.04505611375285,58.82963115964863]]],[[[-59.55667841766034,58.95454454223837],[-58.957342312362805,58.91644590423771],[-59.70964925935932,58.87912637177542],[-60.603477786504435,58.87931577052087],[-60.52235001918259,58.90666672812372],[-59.82216363658518,58.96302638389535],[-59.55667841766034,58.95454454223837]]],[[[-39.085881621124074,48.17946296533734],[-39.668652532348695,47.802992655468],[-40.42454655787932,47.27058133265131],[-39.850369445013115,47.47754541395368],[-39.442398339264855,47.3464463240603],[-39.8039667670996,47.131677616081795],[-39.25757820224722,46.961567010028965],[-38.851850868202064,47.11284381949851],[-38.2347569595632,46.921768834428775],[-38.67961813777455,46.461092428451984],[-38.125007850885545,46.569387833453085],[-38.1917626355634,46.23194951150639],[-38.15038779671842,45.8313023013108],[-38.71268346731797,45.25418756702957],[-39.05350123102848,45.22953210429361],[-39.477310548164695,45.35440967515444],[-39.0755158711615,45.88944681975247],[-39.238919425154265,45.971647708731744],[-40.34392850590708,45.405804548568405],[-40.767791080951824,45.42867759921801],[-40.11040709784847,45.73637162137637],[-40.7307090730404,45.89420023597837],[-41.52771979503555,45.85547965826974],[-42.9236165016485,45.87528219766301],[-42.93677469163566,46.06655076188196],[-42.37072027122119,46.29226210894902],[-42.593627795654086,46.46515735470999],[-41.7902331831948,46.844608117464645],[-40.52361335318707,47.821812017456736],[-39.89608688499871,48.161886404587705],[-39.17224100314925,48.36548495626672],[-38.861291351357906,48.33969613299575],[-39.085881621124074,48.17946296533734]]],[[[-51.6580001449161,54.96710348976108],[-51.16816044501681,54.83171665619796],[-50.62561846499277,54.707241437956384],[-50.823220848730344,54.514554698242755],[-50.32350795642627,54.546334407444114],[-50.05196569688109,54.41044884151168],[-50.77266307917631,54.279970614875126],[-51.618850002572465,54.37979239597989],[-51.72631579693475,54.56440973461891],[-52.63507324766097,54.34584368240674],[-53.81398881400328,54.12945399363191],[-53.70277042185162,54.37380988117456],[-54.60492009545253,54.3340339523246],[-53.78247967361232,54.53750712678348],[-53.261117824742634,54.85403032588213],[-52.53986665296729,55.21107585045043],[-52.14281806566244,55.1797976818485],[-52.27164463954325,55.00935099243142],[-51.872271117403166,55.06945581992386],[-51.6580001449161,54.96710348976108]]],[[[-44.934038951535534,57.426292906923194],[-44.213468816494704,57.53882818785549],[-43.17701617450532,57.39516124834656],[-42.600370858654514,57.25633921148442],[-42.7199838712704,57.12626599860585],[-41.55122186577042,57.19402154491166],[-41.225674653483715,57.00120051704509],[-39.99383971248006,56.87859683997093],[-39.65577977387895,56.7511045831345],[-39.493442551782266,56.445862058711384],[-40.7778205250772,56.289112312987555],[-39.656828634808576,56.06405178998499],[-38.80007745054943,55.986962115874654],[-38.31344006414067,55.65674378699935],[-37.389646051705654,55.63242838017222],[-37.85909148547494,55.371308832749435],[-39.409401520639875,54.92348672650859],[-39.98723065628501,55.090516741867525],[-40.536907004627224,55.456837467758014],[-41.37799090217608,55.40987831940956],[-41.70739595521018,55.192284698335456],[-41.31677350726589,54.96664720854781],[-40.67731718096984,54.784622932540294],[-40.53534319066603,54.67811547520373],[-40.54848594967321,54.2723322017126],[-41.06891063251193,53.96882189267162],[-41.74865140857682,54.084097944790116],[-42.96976949664172,54.41856373962063],[-42.46503108332187,54.058177804795235],[-42.06950935279481,53.79923593892001],[-42.116653676677174,53.64711363889985],[-43.66383229790661,53.820906998237874],[-44.755722317139224,54.069522931511685],[-45.29013004321886,54.27437956589474],[-44.93907733012679,54.3914712754789],[-45.62612157391485,54.60181631065105],[-46.29523312603254,54.796853013197065],[-46.426572096145975,54.680675509899686],[-48.30152226603804,54.61623605233301],[-48.65176532599309,54.75445840788667],[-47.87105314926428,55.04511309097354],[-46.70755521857902,55.0520338484804],[-45.381442508924465,55.10165156973405],[-45.41452383098778,55.239010005921614],[-44.96268432865877,55.42783670905068],[-43.72072187894072,55.78614880452169],[-43.67983830593955,55.94432695164711],[-43.75081558439385,56.0648463015389],[-44.434649366605285,56.23264006140785],[-45.47245032906287,56.34820863350147],[-44.97240126491177,56.433089916443784],[-45.29704031206126,56.63767485827225],[-45.78589806757423,56.65612866053841],[-46.08150310869261,56.7654352855991],[-46.53895414263645,56.670780331317175],[-47.6653061339442,56.62911845435642],[-49.68107111621952,56.70133911317428],[-50.76051001058086,56.79504064147446],[-51.62382922544172,56.842693072001005],[-51.915489095726656,56.95244266358594],[-51.063975582981925,57.09222087180254],[-51.881482891068046,57.093543832286606],[-51.51897642495801,57.39268486447944],[-50.613859217127946,57.64416188427809],[-49.82544344114028,57.75499276878003],[-48.24110220166477,57.82579887988818],[-48.97325181832338,57.65183576460769],[-48.83770106354481,57.478106657721106],[-47.91570066312371,57.70168337345482],[-46.292420918649825,57.81180830848049],[-45.80577067643425,57.529554119366296],[-46.20090058376168,57.34260882183994],[-44.934038951535534,57.426292906923194]]],[[[-52.94328998152152,57.91245628655879],[-51.793945677844206,57.90340502427254],[-50.84672724656787,57.83976049785597],[-52.15340328756958,57.59916625360042],[-52.93424555587493,57.54509308349052],[-53.957343343194694,57.33176058742192],[-54.58922865592577,57.34260126954305],[-54.45214844347936,57.591970804054],[-54.16922068940523,57.72796578834747],[-53.64471757800752,57.84125792889368],[-52.94328998152152,57.91245628655879]]],[[[-67.52094516090172,58.396077682437465],[-67.52094571050071,58.396077682437465],[-66.13058939481851,58.5628585617158],[-64.63401731518944,58.70022873421838],[-63.8094880616147,58.697349628805725],[-62.98369074257588,58.72763513951595],[-63.49160604368754,58.56556178344359],[-64.11491720635121,58.48935327676129],[-64.65557122679229,58.47846978337955],[-65.93563239994617,58.38155727913111],[-66.91217184052672,58.346175869118476],[-67.52094516090172,58.396077682437465]]],[[[-91.1220526728492,49.73900606227997],[-90.39841241360136,49.783172968720606],[-91.51493910042925,49.14750471891406],[-91.54463865874136,48.68578434859357],[-91.82141464776582,48.686908508310005],[-91.88007930554824,48.95064186898845],[-91.76947464505268,49.2129757660554],[-91.86797444671167,49.38870718302353],[-91.63945223837649,49.63432167780601],[-91.33885575782548,49.81071536936538],[-91.1220526728492,49.73900606227997]]],[[[-56.392528823602476,59.04532197245466],[-55.403590821083036,59.02083706433812],[-54.11688823583714,58.95380209389847],[-53.919824829191626,58.86322481217408],[-53.901988018853075,58.78083335829556],[-54.7325198971305,58.8031101658377],[-55.468304395756405,58.86680960073458],[-56.65008949213726,58.8739925200694],[-55.99074871988484,58.93071908102164],[-56.52825261244221,58.975689458131846],[-56.392528823602476,59.04532197245466]]],[[[-88.82557197207036,46.456796530149475],[-89.28449171337908,46.36833775110504],[-90.14432951240856,46.65595066990109],[-90.10522609258176,46.87861778291606],[-90.49153635011115,47.09631715906749],[-90.41180428002428,47.272234268794186],[-91.01144859222723,47.382695857105695],[-90.87967049417652,47.713784552178964],[-90.64525402383792,47.853306044671065],[-90.06593548959148,47.721903617815265],[-89.74370907654328,47.63009666269198],[-89.1552286926926,47.56580159924427],[-89.16469518531775,47.355145708848966],[-89.15446519067476,47.06239909016005],[-88.73421909493685,46.80511686614897],[-88.82557197207036,46.456796530149475]]],[[[-67.87714613846772,57.99310562709523],[-67.21740151452634,57.93996191716958],[-65.8243096266687,57.925621161443374],[-65.46920058235658,57.850112095353595],[-65.14119767627628,57.73814245204021],[-66.01849811598144,57.66974451406377],[-67.89063174830424,57.47410185278614],[-69.09494327532549,57.27190426223611],[-69.40987391744139,57.14214630716125],[-71.28563049768609,56.99554882870125],[-71.26315634370306,57.129025945486894],[-72.19536933785177,57.286205030817904],[-71.63465558231184,57.40912349810388],[-70.7077070006148,57.61473651040293],[-69.75072068777177,57.79296474057107],[-69.8725061484096,57.95318228416536],[-67.87714613846772,57.99310562709523]]],[[[-59.40858636618174,58.33350130942656],[-58.82517769280732,58.372263453911366],[-58.27244325792286,58.36224498543986],[-58.446487971967976,58.24719169894755],[-59.05217647589442,58.13229192571833],[-61.02535643371931,58.09392258956368],[-62.69473027928456,57.984963603972794],[-63.5585455494078,57.979175525213265],[-63.426175359451705,58.06158643656554],[-62.00199586095101,58.170768857164],[-64.58209727397467,58.141665206270915],[-65.24555834845314,58.185279072656435],[-63.89442576459958,58.414897205818505],[-63.213318800715534,58.4779561000124],[-61.86531916369808,58.40174624347443],[-61.23072466252428,58.263782355528264],[-60.30910803604203,58.24568799494494],[-60.55257451936355,58.466991172681226],[-59.850159128284844,58.547545779307384],[-59.34894479079273,58.52215662669212],[-59.425626186555206,58.41550005744308],[-59.40858636618174,58.33350130942656]]],[[[-60.3159462233076,57.6294701792072],[-59.92817908926413,57.517203448089084],[-60.17410125284422,57.236033113587396],[-60.44005500226756,57.02359329820967],[-59.7790263763958,56.87004896970358],[-59.02394113222071,56.7198642828101],[-59.36339791825349,56.57737403423843],[-60.37908942504196,56.551004183374445],[-60.24971769015284,56.42369358103869],[-60.6848977028168,56.30019158872108],[-61.653882404871915,56.35335561609913],[-62.4915089683356,56.4438345809108],[-63.21796701864065,56.42355997447351],[-64.55848010252468,56.30941072538124],[-66.16492673137641,56.25841781641207],[-67.28799116018067,56.226104174500676],[-67.27099224086405,56.38613169683953],[-67.88055911310006,56.477074012778075],[-68.48499168745904,56.43990598339772],[-68.63272082153337,56.69920553921126],[-68.16669633036817,56.733394844958944],[-67.14353228605009,56.78783525633863],[-66.35289713181238,56.77355187620391],[-65.47084863809701,56.82870437610501],[-66.43328797273041,56.902046800631176],[-67.73147127911855,56.877163556553384],[-68.54141605722656,56.88346280520243],[-68.58157679337245,56.99787495384436],[-66.95723810772867,57.11973478577593],[-67.85669047700905,57.115515645486354],[-68.6746895982954,57.19451770743449],[-67.66398479609639,57.413596124153905],[-66.99184826765827,57.52657714941071],[-65.06534549819155,57.69471018999532],[-64.61463675377094,57.64196200057871],[-65.20855274165109,57.511624714749026],[-63.745410612636874,57.59616261843349],[-63.28368372489161,57.45432612866208],[-62.31274237861881,57.59774996830451],[-62.0022842324034,57.50615284634821],[-62.16528395446935,57.22195809219742],[-61.6107843097019,57.3436465855914],[-61.368498279838164,57.63319018885067],[-60.77981697010842,57.673309061778106],[-60.3159462233076,57.6294701792072]]],[[[-57.08628047314067,57.52656030018627],[-57.329201199948805,57.70703028093451],[-56.38562806512581,57.83637610527774],[-55.83341674524671,57.78054427978137],[-54.75933210546063,57.81420610656795],[-54.77274899087518,57.736744977921276],[-55.56893924813027,57.605883943781826],[-54.95275817828946,57.48543432499187],[-55.570270484490095,57.224659572185104],[-56.74117670724489,57.10876441835086],[-57.246787678155,57.13396120845963],[-57.41651042751957,57.24781878542284],[-58.37531668259606,57.47126498339755],[-58.172732937479836,57.56129999685704],[-57.08628047314067,57.52656030018627]]],[[[-60.04044136604762,57.77162640745459],[-59.26185304098757,57.782307690658044],[-58.96461954019808,57.723260972226775],[-59.86177401491306,57.54173631535347],[-60.3170224925313,57.73405120095084],[-60.04044136604762,57.77162640745459]]],[[[-53.83436505774461,58.53131512972649],[-53.64527477063444,58.427960278755066],[-53.88722571605892,58.309637543853555],[-54.526093468364024,58.13099569500695],[-55.4972543521543,58.10568485212363],[-56.00786549879554,58.145081281355594],[-55.68351356653965,58.28546879638774],[-56.62994004742724,58.26725147474723],[-56.25450001623824,58.44604912953855],[-55.68059156537008,58.439003058904106],[-54.681981861314775,58.515111181317835],[-53.94131382937982,58.502348032518746],[-53.83436505774461,58.53131512972649]]],[[[-50.820767327085164,59.26406368988836],[-50.34386312393794,59.311391503229686],[-49.77794064947985,59.32203878778713],[-49.92889870067038,59.356351384999265],[-48.68618644854563,59.36385999076702],[-48.19378595191234,59.283041474312114],[-47.37727599508379,59.24932920090747],[-46.573529885728306,59.218903714261536],[-46.38670328383408,59.10831208839264],[-45.86048648855238,59.05161844058076],[-46.70585210148883,58.99792026284082],[-47.99406344478028,58.85592720869897],[-48.9775204944458,58.841881904510906],[-50.040968195959636,58.86682918335606],[-50.44789568002067,58.94454997706125],[-50.29052631649577,59.01148296949266],[-49.76114580221705,59.059295571728214],[-50.74119518401458,59.05794358219616],[-51.19623446095134,59.11607866473084],[-51.356000175167274,59.1923710230552],[-50.820767327085164,59.26406368988836]]],[[[-48.048493408290675,59.45417829345161],[-47.21078781987396,59.47992951914445],[-46.589347440227755,59.48425967229261],[-45.515327061127365,59.50559106192857],[-44.64472191026893,59.552989631179265],[-44.01096545424673,59.54647924346219],[-43.52085367547806,59.51083883677968],[-42.983978469471076,59.57841491775887],[-42.256693510438055,59.59751181855986],[-41.29646039270019,59.6104599985545],[-39.695587460350886,59.61526781921071],[-39.442979705195185,59.602693821183436],[-37.903040049689665,59.62230376595054],[-36.78891460146827,59.61500464504613],[-35.67409981475263,59.60763871961404],[-34.29740346141051,59.59845671298121],[-33.202936105495375,59.5832288775588],[-32.30017928273709,59.55004684672614],[-32.37537457974652,59.5162221797014],[-33.74370543849916,59.458739534698765],[-35.05880857482141,59.43085694491622],[-35.5864752261348,59.39924840900264],[-34.440100398549056,59.39998622183287],[-35.830677937743204,59.31027776718213],[-36.7659156045045,59.26634817169201],[-37.90193923669046,59.13235717172377],[-39.05052107769335,59.10383788886104],[-39.453398130657455,59.06815476310842],[-41.105171525963044,59.04915794292179],[-40.4089042591771,59.02667060390215],[-40.83754395988559,58.99421864478472],[-40.55895046052545,58.90194551266158],[-41.18907596839611,58.83553186696915],[-42.12484301999197,58.77929994865878],[-42.52636464632938,58.69947719983085],[-43.399422587759126,58.63688257898256],[-43.4115114193059,58.58855737825188],[-42.4650088693301,58.59687442640429],[-42.547155258427125,58.54400477496413],[-44.25092295752834,58.41013654424648],[-45.56943242968495,58.47240789587349],[-47.246567579426646,58.437566267739754],[-48.009217286102555,58.46479145674945],[-49.02168345717436,58.476509667711184],[-48.87572867018899,58.581826041742936],[-47.77013428518756,58.63023639029702],[-47.734072093182235,58.77931802957248],[-47.37543970713529,58.793386594729895],[-46.103259155934296,58.705710932406696],[-46.58356826160519,58.83495037483105],[-47.38155406928757,58.87234464265088],[-46.794052170269104,58.94598882438813],[-45.752591351449624,58.99015455052678],[-45.47294343730076,59.053136686565246],[-46.08613980443386,59.12144542427457],[-46.13124982913499,59.20774424767726],[-44.695152321625216,59.200690626925606],[-44.31198712329497,59.182820132317474],[-43.365245889769724,59.24216558781672],[-44.52070460591212,59.260538921371904],[-46.39451027226267,59.2504347594494],[-47.215111445928606,59.303489683780484],[-47.52108011603796,59.364243643193404],[-48.040993445341634,59.40661973991875],[-48.048493408290675,59.45417829345161]]],[[[-45.18728044601883,55.84357441854619],[-45.72132843342968,55.737048022004174],[-46.421672656942555,55.71884374411784],[-46.330042090775436,55.89498783056173],[-45.80093959118966,56.09244405675541],[-45.187686490371895,56.14058422006158],[-44.85496229949339,56.044180946348156],[-45.05343930746587,55.892824288106915],[-45.18728044601883,55.84357441854619]]],[[[-56.582611521175366,56.54640884072794],[-56.45304163673822,56.419707756696184],[-57.03241187262585,56.30162367224427],[-57.64481190152463,56.40376368428265],[-58.19335788433719,56.367062871236534],[-58.71959675882658,56.51677748328442],[-58.01068068107552,56.61833984777241],[-57.33688160270101,56.7579948961225],[-56.888014987569186,56.66697548672744],[-56.644660541116686,56.60857298567809],[-56.582611521175366,56.54640884072794]]],[[[-45.89898494308659,47.30791441467846],[-45.62175075439228,47.359546998882244],[-44.777795222287786,47.20535088341453],[-44.197394664739655,46.94633272505724],[-44.241172084668136,46.83177091665846],[-44.59602698026261,46.8205744506237],[-45.41006311328889,47.01610012855064],[-45.89898494308659,47.30791441467846]]],[[[-46.5637663945365,45.50514285075435],[-46.4783932629864,45.18423051298385],[-45.99494738410573,45.09503164492157],[-45.3081486161049,45.11318722057645],[-45.80638449290378,44.83921016826996],[-46.09998742429867,44.79537511164097],[-46.882545612692184,45.07956363660776],[-46.947532781211926,45.301820639888824],[-46.5637663945365,45.50514285075435]]]]}},{"type":"Feature","properties":{"admin":"USA"},"geometry":{"type":"MultiPolygon","coordinates":[[[[-88.00276860864629,46.765950757641065],[-85.9681881556297,46.765950757641065],[-83.84134234467511,46.765950757641065],[-83.13709811131989,46.765950757641065],[-80.95337717988464,46.765950757641065],[-78.8399925543921,46.765950757641065],[-76.69078785050134,46.765950757641065],[-74.54041945429466,46.76586293769629],[-72.10581781553442,46.765950757641065],[-69.65442037401813,46.76638985297865],[-68.17210695395616,46.765950757641065],[-67.96137284491434,47.00588377885782],[-67.71700116592714,47.00886707096291],[-67.88625251313962,46.66539427826277],[-67.75371203965489,46.55860216456375],[-67.28471240750893,46.519706347621714],[-66.63433528546354,46.418686656469085],[-66.09610279643992,46.22096450679658],[-65.44560583657825,46.30405516497771],[-64.68997301951805,46.13762108514025],[-64.44892465038994,46.14391784343183],[-63.66260013400291,46.32505490376006],[-63.164555764761474,46.09263913121898],[-62.644408738777145,45.84284882263112],[-62.21573304340787,45.625852389697435],[-61.801397355726586,45.41574547626592],[-61.85295024755403,45.241999271991425],[-61.726551565038974,45.17670952555305],[-61.81686654899668,45.11083102207516],[-61.63505319865215,45.09030283792358],[-61.44545243464087,45.159132684458974],[-61.51703908366339,45.00134650010742],[-61.441984563812426,44.89527148477183],[-61.24084135110365,44.89527148477183],[-61.18863469528271,44.813200520365484],[-61.35913041361069,44.693432345659225],[-60.80193817380931,44.374955499512964],[-61.04013107846641,43.74978942054343],[-61.2627976980866,43.13958414957049],[-61.73049128906581,42.717974820056014],[-62.31337759448612,42.320936212269885],[-62.624712070904884,42.065897592293894],[-62.68459868958562,41.98952448393383],[-62.659102550048416,41.88465015230387],[-62.46746848370777,41.76855078354299],[-62.277995616676904,41.76855078354299],[-61.18421574305062,42.16013170505395],[-60.34530076916604,42.274584147335126],[-59.163146203983246,42.63433586822907],[-59.107937313837645,42.707207063982494],[-59.052269635081906,42.92548393577091],[-59.09331324742472,43.06525351031499],[-58.69201852991602,43.17783897179402],[-57.95797634621598,43.18064749757345],[-57.27377449305519,43.18045493671251],[-56.88075481498818,43.45517860385854],[-56.75687059354406,43.50978962210667],[-55.687071772530885,44.01062241463642],[-55.28057721391345,44.13735523309665],[-54.15616443851872,44.14209701681831],[-52.79524959866743,44.14266048547149],[-52.62774467674331,44.311790641244116],[-52.37273497548009,44.346107378738864],[-52.00137013868054,44.4515783493712],[-51.56838312633865,44.75957945489947],[-51.04893161748307,45.27906314709762],[-50.20505404819635,45.77426811710022],[-50.06425653617148,45.60281322273864],[-49.513027215612595,45.71375888550592],[-49.29877884684953,45.525065789598216],[-49.80202210728716,44.616330168088034],[-49.52434722813351,44.231403734662024],[-49.51320016650237,44.00596430674117],[-50.47600986432521,43.66982230717379],[-51.36262828126003,43.42816660498798],[-52.25565035049023,43.21955726159687],[-52.86554453900579,42.797005020515215],[-53.07344284838828,42.635551072114204],[-53.27082081223571,42.251894306266685],[-53.20935099629104,41.864212711235616],[-52.904816142092926,41.84582110979512],[-52.85633403345832,42.113401743641944],[-52.70792418338605,41.95076897308355],[-52.86758948553507,41.740565277266576],[-53.43425313045858,41.62068387627488],[-53.79080622306109,41.63508290743428],[-54.41197958895053,41.505731741395415],[-54.759130696413834,41.46857305289402],[-55.21719181726449,41.43186042780669],[-55.95320662113559,41.215718419277636],[-54.771770307363475,41.35648277373835],[-54.61378314978121,41.214893380814566],[-55.78350550611217,40.98960981838506],[-56.26870123164939,40.988103371932915],[-56.202085369559505,41.08044972524123],[-56.53313188611796,40.87155558177527],[-56.3254769718399,40.836874224027845],[-56.744945889586056,40.289709301955355],[-57.5729083989689,39.69480518722167],[-57.53997244504066,39.89431954751187],[-57.69012514583748,39.93462808219667],[-57.85280315254548,40.12770311498344],[-57.88388935947946,39.71073374270442],[-57.755388723050025,39.57197100029118],[-57.87499974185929,39.27573178540746],[-58.256618701434974,38.96886968195107],[-58.96568057777211,38.33113882741846],[-59.02284978427431,38.363074525548825],[-58.5500205469901,38.90663954519187],[-58.81168462613719,39.208880930794955],[-58.607608903615215,39.85835210931181],[-58.909891783979745,39.52162728560168],[-58.96865884876548,39.02253093964386],[-59.42380047150717,39.14640623793729],[-59.00479595864854,38.8914725363769],[-59.29823660813595,38.129145467496066],[-59.09846137645345,38.07322630596275],[-59.133826746409504,37.792307272063255],[-59.35366417579607,36.96997552463073],[-60.092807972546815,36.350351237945404],[-61.00307488539696,36.10051654661557],[-61.71083335030741,35.60252483504632],[-62.12634412414685,35.54776111213644],[-62.64533912538281,35.23292410436955],[-62.86600207884516,34.94363029317474],[-63.94508954707791,34.37942442017844],[-64.54494067278674,33.96170260067687],[-65.10732868887874,33.43695853558094],[-65.4499728755694,32.80139439584035],[-65.51734410127405,32.173222085547074],[-65.49904245887929,31.390019432409897],[-65.3406175281786,30.73425702310753],[-65.45649288390892,30.3305295158475],[-65.38433503677544,29.234152269713526],[-65.58604832345974,28.5885551131297],[-65.72135715481943,28.213335292221814],[-66.07997906441791,27.620319009864378],[-66.35725370841777,27.49718810334166],[-66.73156352934048,27.615540521847866],[-66.74976208602246,28.042157960272146],[-67.00212614104092,28.264794275652896],[-67.20821554426442,29.091049730145127],[-67.3778781670537,29.817737040941996],[-67.39015840756245,30.186256682227995],[-67.03363783841709,30.806735065639636],[-67.09989754805278,31.316257633619237],[-67.47811411875348,32.08315359330397],[-67.74554413538452,32.22274807670809],[-68.69903437604202,31.808890062408913],[-68.82809652031811,31.85459890645528],[-69.07354336803174,32.279612990156764],[-69.49942956825726,32.503759841993144],[-70.4493937323666,32.390005296461275],[-71.12749682088649,32.490103389521934],[-71.76378250254844,32.42773103189664],[-72.14796406620128,32.286315781645754],[-72.09005000408338,32.044548283376315],[-72.2346948035735,31.673754368077194],[-72.12649807769297,31.49228952717647],[-72.32254794477369,31.371227873169225],[-72.57535847658629,31.50706151968717],[-72.939860409953,31.332336092241466],[-73.51683606531539,31.361018648119682],[-73.94671488956224,31.846259225558114],[-74.69240721502578,31.732111514936573],[-75.20151148940681,31.943802280970093],[-75.72720023744249,31.87974803224576],[-76.48626678071267,31.665829697020527],[-77.473792112873,30.981955909627473],[-78.42453693934154,30.580732199101174],[-79.0272718770021,30.133405883014127],[-79.36266202041206,29.70897004394456],[-79.59370709149695,29.052838036548923],[-79.70460727769436,28.59262916144823],[-79.65471219362028,28.264794275652896],[-79.98381175963567,28.235794276666866],[-80.49714079967846,28.448184834842227],[-81.03739739641769,28.74637361451772],[-81.1140834311446,29.196021155294638],[-81.0614325350506,29.86019652899002],[-81.34743350788871,30.396103021998602],[-81.42372555244268,30.94251084984964],[-81.5849991693251,31.5746851086207],[-82.00812210895539,31.93973928533655],[-82.67484725025669,31.922114528456525],[-83.47542916347979,31.196204431058305],[-84.03635567144252,31.47289466453051],[-84.34092707800895,31.750122355042198],[-84.3320016360327,32.2515734607129],[-84.3957628101197,32.72400286462964],[-84.69844860968334,33.11881742655572],[-84.98075780401761,33.40088866092131],[-85.12759388604428,33.71556221571099],[-86.51210571151844,33.71585778126623],[-86.68517306776054,33.349483536292844],[-87.32040886848817,33.34923409649817],[-88.9160411848099,33.34280172499018],[-90.43537453588344,33.96684686014798],[-91.42159749617555,34.39334130363163],[-91.2581647227764,34.563932563192786],[-92.3182920065102,34.469401740441974],[-93.25847902338595,34.40213085743487],[-93.15378701741194,34.84656369700051],[-93.3942636885335,35.34222943666362],[-93.70589477932273,35.44478075416962],[-93.65280644018247,35.689755374926094],[-94.07152110312619,35.732514647761775],[-94.2203909160902,35.96218071298738],[-94.90376887513145,36.04566350295579],[-95.02353508445168,36.181996606370355],[-94.84001824970629,36.64216120695163],[-95.07581168283355,37.4737627085282],[-94.97058596113995,38.59970940517581],[-94.81468000904466,38.78449748347098],[-94.97106764757416,39.04662637136325],[-95.089938903323,39.704241631287736],[-94.72035719677541,40.33396823546364],[-94.80289378566997,40.75023660415517],[-94.13602977485631,41.37328978512506],[-93.63560398040768,42.00707966958626],[-93.39606426115041,42.564026214648855],[-92.5041117757737,43.236756845849975],[-91.82659656342719,43.87192857544776],[-91.13989178672696,44.49468898818526],[-90.37100014394335,45.39246203978749],[-90.01317633418267,45.95089972861799],[-89.9005995599909,46.249392682130576],[-89.67656268898229,46.37398387328374],[-88.87028475348106,46.156876621856725],[-89.12833869263318,45.544509321870876],[-88.77022188911309,45.71710938333854],[-88.32664841522629,46.24655778045609],[-88.00276860864629,46.765950757641065]]],[[[-129.9812029927048,22.457046461764175],[-129.86606561308713,22.367000126196015],[-129.78159736516946,22.227792962995398],[-129.70066596625392,21.862620321536387],[-129.74155629565539,21.80472675633667],[-130.1484831582234,21.581358271700445],[-130.47450689957915,21.417625347433503],[-130.6584244908177,21.242017466971888],[-130.8143497536872,21.39235632205248],[-130.68659129448835,21.685134986442748],[-130.68770685931062,22.06521379306433],[-130.60348905859135,22.18109605111243],[-130.39550204895826,22.35065956245086],[-130.37694325900358,22.554752103895343],[-130.29203778211183,22.651383645333517],[-130.23571761478112,22.63221233030868],[-129.9812029927048,22.457046461764175]]],[[[-130.20761294222393,23.164500032167652],[-130.325436309418,23.040753881262184],[-130.63388365780997,22.966923924193473],[-130.69333561359795,23.184025300077558],[-130.75642487639922,23.267701962155545],[-130.738515334131,23.331935792190073],[-130.62193176154398,23.420026614086936],[-130.3639928043563,23.322364267282286],[-130.20761294222393,23.164500032167652]]],[[[-130.67615793969094,23.588662710408183],[-130.74638565498307,23.477768821667404],[-131.1813337530422,23.507570043259246],[-131.06869173430582,23.63246554027007],[-130.67615793969094,23.588662710408183]]],[[[-131.5058642050418,24.140630659881676],[-131.46351154768473,24.075162484096076],[-131.3616588424115,23.737519159228334],[-131.43081542187244,23.678397552617152],[-131.48511638353577,23.691576620692114],[-131.76053637364254,23.727560812164608],[-131.77135435455983,23.959342038518326],[-131.7868482923173,24.00009505610253],[-131.5058642050418,24.140630659881676]]],[[[-132.40589114998747,24.646456668589288],[-132.49018562516213,24.41021701475094],[-132.6316081845714,24.30960697515021],[-132.83257469963826,24.494802467722366],[-132.75776549261806,24.568701848704734],[-132.58809517510787,24.667964979927635],[-132.40589114998747,24.646456668589288]]],[[[-107.63317781638776,52.952126651023455],[-107.2172379105799,52.91036457856568],[-107.56583627078378,52.732149465202305],[-108.1311690224282,52.65928314556689],[-108.35650862030424,52.74682542866291],[-108.45689837500866,52.87312595024205],[-107.63317781638776,52.952126651023455]]],[[[-101.44950954291664,51.79780848683366],[-101.07551137220157,51.76431431748246],[-101.09489720872305,51.60954942872928],[-102.13025452733724,51.369873023326434],[-103.16723060452962,51.17526023948101],[-103.25835102849985,51.30725591688585],[-102.90332771423397,51.54437847034026],[-101.95217439449246,51.722141703981414],[-101.44950954291664,51.79780848683366]]],[[[-82.68032115806992,56.618980091133224],[-82.68032644221678,56.6189807417581],[-86.01439584358556,55.3107000631796],[-91.23593740298216,52.91626648659183],[-90.62547885670234,52.902610441624425],[-90.24367789754854,52.774156873901006],[-90.18112389301243,52.56870135498936],[-90.18235434643792,52.255188744239476],[-89.05415886272084,52.52223664266173],[-88.11647259378842,52.67493040015616],[-88.22052062377475,52.43037105269913],[-88.13282688545813,52.23402594679723],[-87.91658804662838,52.01503128698958],[-88.11102719648412,51.66048147350046],[-88.38166717905744,51.08130303528397],[-87.75920596003084,50.75002810449888],[-88.25084557527555,50.41576758061692],[-89.01784808681504,50.15633103950786],[-89.01786834416734,50.15631695969418],[-89.0178698314652,50.15631641816269],[-89.08787035104685,50.358980242797905],[-89.42568589169852,50.52916136703062],[-88.89677235422421,50.98708532635057],[-89.0829108019217,51.40185858647828],[-88.63864184834256,51.873980402573025],[-89.21773457991499,51.90583303658031],[-90.24678131668283,51.91788580825791],[-90.7676501647738,52.05884569814728],[-91.19839753073491,52.5571961003294],[-91.65057644323858,52.6466349722539],[-92.4606304842691,52.813460344935265],[-93.43770335001226,52.77377472318103],[-94.28089971627072,52.986365139414616],[-94.64303734894764,53.18078530768218],[-95.56038866081988,53.084521405135895],[-96.09227248332931,52.764054112995154],[-96.51262892993323,52.73410558889365],[-97.46556540236429,52.63635849653935],[-98.36583887771998,52.47683990986748],[-99.29668652759716,52.37559439131882],[-98.81462671743103,52.65484169384924],[-97.56222991256783,53.10860117564977],[-96.57744117951073,53.24813060462691],[-96.50836697271008,53.360832945168994],[-97.87409302669282,53.10923665990987],[-98.97068315344974,52.802863529392205],[-100.61135893460941,52.46831700296757],[-100.61125126159985,52.23577152147242],[-101.93976600480025,51.88547063240432],[-103.06402796333803,51.677905015315794],[-104.0307221478358,51.52504968781044],[-104.63402595113067,51.30075029844289],[-106.19146147060452,51.03557368176195],[-106.86977694679646,50.7911247503594],[-108.08449211962208,50.56574353644005],[-108.47259546451083,50.60648285767465],[-109.38375531607589,50.45833788158509],[-110.41459051482805,50.27587121428077],[-111.31730061045047,50.09502122496228],[-112.77824634597879,49.93930985874797],[-112.71507468161376,50.031089296468096],[-111.49525290049543,50.28407524127814],[-110.51802867118592,50.449433754611164],[-109.2438015782855,50.73907617548124],[-108.29278847410752,50.798409266664414],[-107.54911022493779,51.011994461045475],[-106.01975005727894,51.319444257889955],[-105.67000510679308,51.42112701466751],[-104.8248549470754,51.59899822886641],[-103.9497633191596,51.97490524262335],[-103.02079843548866,52.26187798312683],[-104.0843125879193,52.11523039750932],[-104.12196181775528,52.19860611056819],[-104.84756330179573,52.021830240981245],[-104.7595315502864,52.26790000548727],[-105.30404506971482,52.09419387918809],[-105.03793684041395,52.33503721842449],[-106.10678673496331,52.141958531190234],[-106.50962309519835,52.14235982781002],[-105.94750616365816,52.42863861554502],[-105.44735700642315,52.60244318975973],[-105.49361126469543,52.76936717123734],[-106.54021387056817,52.67975007833587],[-106.58998636186476,52.89829625951158],[-106.77617831414723,53.00880662125494],[-106.17216289672574,53.26630194129463],[-106.20732545354413,53.45697531215618],[-105.34027351221405,53.710105003266655],[-104.22282416745321,53.95123723639534],[-103.44705092897519,54.16905869579008],[-102.86041153827739,54.19975777959965],[-102.59945043706222,54.132441453728255],[-101.58173389025636,54.33432359101286],[-101.217816428171,54.29853502898668],[-100.41531007556218,54.42698142673883],[-100.05255189733484,54.613504598290604],[-100.2112127598533,54.686189524877406],[-99.34831788765742,54.84041792384564],[-99.7397465075722,54.835903946919224],[-100.62567580579586,54.749071688004996],[-101.04837885335739,54.660324151439816],[-101.30321156521887,54.748957610607725],[-102.29980416927896,54.7039500119412],[-102.94837882743953,54.79987992315378],[-102.77173801974469,54.95897067362885],[-102.91738249675029,55.18468305340181],[-101.605632905251,55.34414384605655],[-99.72758682725606,55.52708920031937],[-99.22905533609737,55.52708920031937],[-99.83971194102013,55.339941172843545],[-98.51234925153777,55.35465196069526],[-98.35768061365702,55.585873341332956],[-98.70142749692373,55.725262804044284],[-98.60379868980831,55.90504926561445],[-98.72945406106612,56.05552508850712],[-99.21507042889893,56.16535741370645],[-98.33179344763228,56.3442594249632],[-97.24866581882958,56.35522116109664],[-96.03594576728489,56.50723233389259],[-95.40178733096758,56.66633953153991],[-94.32823115493252,56.818263567636116],[-93.64763433469598,56.85432228858846],[-92.11306361259798,56.9924712577838],[-91.64495888083671,56.97183357826735],[-90.24730570122249,57.134374757985874],[-89.57187009229978,57.07084652865643],[-89.57749522595402,56.9320780476045],[-89.13808270975753,56.99196229079902],[-88.21484491080324,56.9734615028666],[-88.46345652030753,56.9020486739011],[-87.73165204530976,56.84876245919166],[-87.0461780523122,56.880158873007396],[-86.10807678032357,56.780442963192456],[-85.0706193328522,56.750485803577384],[-84.73749394289679,56.70884616444704],[-83.81526910826766,56.76085660350451],[-83.194031836149,56.664360208556474],[-82.68032115806992,56.618980091133224],[-82.68032115806992,56.618980091133224]]],[[[-107.24181898760224,54.4337345284257],[-107.0685864964217,54.3551586984554],[-106.56437780903273,54.39765826259054],[-106.3507180770454,54.288250272649854],[-105.87518052068934,54.232466576397314],[-106.04674387059359,54.186805837839906],[-106.75654816451195,54.097573251478785],[-106.99447480925477,54.189258653759865],[-107.03201160144867,54.26519561769445],[-107.64981152466771,54.240951531238814],[-107.70060463624925,54.277719497598135],[-107.24181898760224,54.4337345284257]]]]}},{"type":"Feature","properties":{"admin":"KAZ"},"geometry":{"type":"Polygon","coordinates":[[[62.477820066439136,46.900460275969934],[62.26071759376328,46.48164297732037],[61.70879737444258,46.42234114967437],[62.15488094276868,45.77764267743814],[61.96406684236969,45.48211482574623],[60.36976299662739,45.69756857949527],[60.64951051585295,44.505720365098696],[60.37050115948151,44.35415305749308],[59.08080544401621,44.08028566507914],[60.476704027126075,42.86147911645799],[60.07007372537424,42.674932286218166],[60.3612703930595,42.262803990732635],[59.838913130586135,42.36931715992204],[59.318174408885746,42.628925565924],[58.16474880563215,42.70410962850934],[56.91232827184292,42.72373202219863],[56.682587254306696,42.64461517741891],[55.4561024515712,42.94569379260936],[55.10999230524248,42.797745432247254],[55.21373302787872,42.37237014051148],[53.85247008019048,42.62122706057235],[53.4099290306995,42.51951594374654],[53.39863776340145,42.20177485259103],[53.03236776477365,42.0668541508457],[52.27758546393534,41.55342080835103],[52.18646868469629,41.01873337735078],[51.90526664212153,41.01394939043289],[51.539915615808304,41.368794996261535],[50.56514859148292,41.3929831485854],[50.141484640965125,41.99829107017814],[49.77184137845406,42.0034211918391],[49.49378406506644,42.73064770526691],[48.35402851515318,43.250677512101554],[47.10171234656937,43.19552440380197],[46.274226053799005,43.09233567363773],[45.27580572206254,43.72599907825214],[44.5491741267391,43.98824825936676],[43.17962696738358,44.478789763625535],[43.014962935545675,44.53772826515078],[41.29837412675691,44.13417852416354],[42.38191961661202,41.49729408586921],[42.00679290239899,41.461031925166715],[41.263921397361784,42.039538930252895],[40.67863905405259,42.24397049149139],[39.88002968196287,42.09224031098134],[39.63430911214932,41.84826111455285],[39.52824794196867,42.02722678031436],[39.60335077351549,42.33102307799348],[39.367560579436265,42.58298820732868],[38.40944854492164,42.82759406211564],[37.83634638899687,43.46400592043983],[37.359426107418166,43.641086029942336],[37.24862853291054,43.8677290408617],[37.99457541468149,43.801824043666755],[37.82463832842471,44.30563775598336],[38.40634346927857,44.41644620328969],[39.09166100612829,44.3145563764178],[38.94527151395293,44.97409414332239],[38.6360667148188,45.3847189315787],[37.920948198189066,45.352806242755356],[37.23293135639415,45.51347803109843],[36.5113782847672,45.22336482518413],[35.88669273139901,45.084014349990156],[35.4726742484038,45.19155309126408],[35.40944433652786,45.5311469172555],[34.76809247172698,45.96615092305456],[34.23862410000768,45.94810708155417],[33.44794971336638,46.383172143106904],[33.661431383735476,46.861150023874266],[33.39798368498548,46.98832263692939],[33.66653452070561,47.66269804748351],[34.55785668556775,47.30897094869983],[34.44014407388937,47.75363504873663],[35.57525101730826,48.40114141834049],[36.6618614998828,48.41634120117291],[38.4288477444599,48.00641729997117],[39.39513619662815,47.76363853894564],[40.005182547992526,48.01675175912028],[41.115312298989714,48.028740372530095],[42.19710452303726,47.71759424806808],[42.29878267504667,47.896262996679404],[43.30559677894562,47.87037999542652],[43.311297684497696,48.15311668955857],[41.92756434507515,48.55780263672699],[42.42142851422963,48.840204804369264],[42.19174656333541,48.996618359587494],[42.76198409207416,49.14487654854201],[42.00857101170643,49.530699787962234],[42.196603334898484,49.72033884624112],[44.62777884107199,49.911953278597316],[44.86244441929576,50.04689903414711],[46.41670217100859,50.246892625351045],[46.85134698914709,50.46927576241959],[48.16511585078314,50.35406315894604],[48.8334652359775,49.79049660006673],[49.441973930012985,49.924241833485986],[50.47478265741363,49.736578429032214],[50.66208105774154,49.43268491477646],[51.298094877377494,49.46464830220155],[52.58300983671183,49.98652102106897],[52.47997783024778,49.814586038491704],[53.721215878817716,49.38474290123887],[56.476135554450224,47.90979070846075],[56.604206354308054,48.22167188079447],[57.84941126575327,47.87826113370917],[58.73825946339563,48.03204707891378],[59.215769504322,47.924472116427104],[59.83977830717246,47.57575990291338],[60.431187652129964,47.457515750026595],[60.94293280486546,47.196991847090004],[61.793725517313334,47.27941747935098],[62.477820066439136,46.900460275969934]]]}},{"type":"Feature","properties":{"admin":"UZB"},"geometry":{"type":"Polygon","coordinates":[[[42.38191961661202,41.49729408586921],[41.29837412675691,44.13417852416354],[43.014962935545675,44.53772826515078],[43.17962696738358,44.478789763625535],[44.5491741267391,43.98824825936676],[45.27580572206254,43.72599907825214],[46.274226053799005,43.09233567363773],[47.10171234656937,43.19552440380197],[48.35402851515318,43.250677512101554],[49.49378406506644,42.73064770526691],[49.77184137845406,42.0034211918391],[50.141484640965125,41.99829107017814],[50.56514859148292,41.3929831485854],[51.539915615808304,41.368794996261535],[51.90526664212153,41.01394939043289],[52.18646868469629,41.01873337735078],[52.27758546393534,41.55342080835103],[53.03236776477365,42.0668541508457],[53.39863776340145,42.20177485259103],[53.657247008280194,42.12998465743346],[53.25220830098665,41.653987672998625],[53.941955028934274,41.37445793782752],[54.39384583803745,41.5598414954024],[55.47948419520016,41.16697156580131],[54.75682102340417,40.62317193391583],[54.14292450291224,40.69802566772689],[53.83696517309541,40.678408213666486],[53.633396476474765,40.88891834055545],[53.63294288406636,41.23750642485884],[52.696560334093036,41.06321947243895],[52.66848638478695,40.577753320622904],[52.48604491387722,40.15461692830842],[51.831540036291386,40.19079715444139],[51.772954695601754,39.85070795750297],[52.41228146007556,39.66521478419319],[52.81357380081825,39.08087805058881],[52.69010047532849,38.27325839509684],[52.04077793496787,38.44302640706658],[51.60650947093338,38.448354255532486],[51.44359162390076,38.936501070629255],[50.28740331283599,39.27461068976334],[49.33544056895075,39.65808716251853],[48.69390691871932,40.02339269211372],[47.61259180309801,40.55317327613723],[46.928633389844634,41.33065110704071],[46.61939805422585,41.46587386298037],[45.814087100384114,41.43162001943865],[45.46364960008752,41.58375038097707],[45.14479012334654,42.170382320484684],[43.974371511587066,42.55361458938911],[43.511650596791405,42.13205925525539],[42.96626282406493,41.879673479025726],[43.23241078006447,41.50744756090481],[42.38191961661202,41.49729408586921]]]}},{"type":"Feature","properties":{"admin":"PNG"},"geometry":{"type":"MultiPolygon","coordinates":[[[[121.41857200339068,-3.0160671738021723],[122.87635730194695,-3.813813725838664],[124.43079451185072,-4.475626894369314],[124.98553595071452,-5.067413743693685],[125.42192505587371,-5.647426409126853],[125.49706163117442,-6.326026135354228],[126.86341021508963,-7.036627516388195],[127.00987504359492,-7.645202679434969],[126.20639059735586,-7.7685757912347695],[126.30951289595863,-8.531173126494053],[126.98179238049065,-9.279932368094773],[127.36949823419792,-10.48551101091796],[127.86559892489646,-10.447834880536508],[127.75432356518373,-10.949569360057179],[128.3845457008422,-11.141709263396677],[128.09337171097135,-11.354795057621153],[128.92258671456128,-11.829313379956425],[128.77082640523915,-12.154608983599573],[128.19107912419116,-12.233043400918369],[128.03187349981218,-11.941451726623386],[127.31908148007251,-11.81493498966685],[126.48389298475358,-11.64534044259997],[125.93412252724609,-10.924721462820575],[125.54125421340031,-10.301640628435702],[125.23236892441518,-9.306490497324083],[124.17613029048243,-8.807724050067803],[123.40949692264218,-9.133134147054884],[122.83790089042563,-9.50932279706523],[122.83324053852613,-10.347607381584321],[122.10434053503604,-10.737241444401539],[121.65224039057256,-10.547782496469969],[120.77320618652861,-10.500509150646385],[121.18954345767978,-6.778518843269945],[121.41857200339068,-3.0160671738021723]]],[[[131.3784198473754,-4.242759779503353],[131.68202650554636,-4.612682087392153],[131.74302629736204,-5.213128567999596],[131.45034015141204,-5.520508355759213],[131.3385823771508,-4.839235386953796],[131.16779078266111,-4.392779178499475],[130.8007244838207,-4.013859882859498],[130.33726461029073,-3.5201447829885133],[129.73147965584852,-3.1797822915270557],[129.98275873682155,-2.9000389440783287],[130.43376506171677,-3.224371356165456],[130.71445563173506,-3.479104368720426],[131.06175663381,-3.75694487745122],[131.3784198473754,-4.242759779503353]]],[[[130.02988961492412,-6.757490394560096],[129.5324828777132,-7.0367469670129985],[129.0641852145658,-7.305390729139152],[128.60797744016895,-7.3039665300477825],[127.93707023868136,-6.970441859191543],[127.47681322846294,-6.649896022805749],[127.58021613031772,-6.293968999384649],[128.3359613367994,-6.461959213926452],[128.81443019318465,-6.371936916205868],[128.9914021646273,-5.819864921672372],[129.11714647500384,-5.791338627963214],[129.1480752513697,-6.40268015731238],[129.64647128418022,-6.31478521737542],[129.9233004401843,-5.920793014497598],[130.43674723786745,-5.509722065639023],[130.39204406131734,-4.829626029322859],[130.90890598160476,-4.807661237947683],[131.06941950510355,-4.997252952541287],[131.00357640077206,-5.637238267423811],[130.65456783257568,-6.340359049180212],[130.19576107335234,-6.43496601287561],[130.02988961492412,-6.757490394560096]]],[[[133.05650883468488,-6.181417565350518],[133.29292932404383,-6.4424583166799865],[133.63703494712425,-7.170977627934501],[134.00050013137542,-7.560358058119081],[133.84380760716607,-7.881243336671075],[133.5899774838433,-7.995762007672856],[133.26842959253395,-7.555676082735555],[132.96893852075382,-6.826568885076169],[132.8654844922921,-5.950084247024523],[132.99402106808083,-5.838683129298544],[133.05650883468488,-6.181417565350518]]]]}},{"type":"Feature","properties":{"admin":"IDN"},"geometry":{"type":"MultiPolygon","coordinates":[[[[121.41857200339068,-3.0160671738021723],[121.18954345767978,-6.778518843269945],[120.77320618652861,-10.500509150646385],[120.1359781975762,-9.568152346756117],[119.29402769072277,-9.33911054036933],[119.04206101299162,-9.663483157368226],[117.95160600636196,-9.69846638142995],[118.42808850133815,-8.770906508806661],[119.0041229849411,-8.453677048333484],[118.90807882059073,-7.207937345547859],[118.57994257832576,-6.242873078736875],[116.9849899379594,-5.26685852617445],[116.28196036432438,-5.170367130440537],[115.05195734773966,-4.102681194813264],[114.76716618393255,-4.664449781136036],[114.43096038844291,-4.766296568954345],[114.2595888475751,-4.342538378134639],[114.28238610638799,-3.840003766142344],[113.64961867703997,-3.2713514563963266],[114.59286327203002,-2.854174066456358],[115.20623119575066,-2.8766873861186038],[115.14448520657876,-2.5692290492880234],[113.88384291421264,-2.566892334085165],[113.56150164248176,-1.8765784754126003],[112.79657887563981,-1.6624083301795425],[112.44155051843639,-1.0883232786414934],[113.60609475535973,-0.8071863852777312],[114.05056952177101,-0.42891818448441815],[115.42974556567356,-0.9055395121733599],[115.55967125805172,-1.3368067610657923],[115.74681593582854,-3.2118632023899574],[116.60681749877828,-3.904757806533051],[117.37763991114929,-2.67643793201741],[118.3866672225036,-1.9767276633104558],[119.15243582327336,-1.9757685545295056],[119.87765402748065,-2.3799943234528884],[120.50252822053494,-2.79465393037805],[121.41857200339068,-3.0160671738021723]]],[[[107.04761332977965,-10.245164946228451],[107.10668108921884,-10.468870036413849],[107.07869007866402,-10.812369557018906],[106.40659399713667,-11.65611899206389],[105.63981527154026,-11.90398190257884],[105.55631383994579,-11.768823274784411],[105.68615635651139,-11.38536840530799],[106.14471845977577,-10.69556955249579],[107.04761332977965,-10.245164946228451]]],[[[115.22864304824095,-7.967417651874137],[115.22746136503314,-7.104165393471403],[115.4160613649637,-6.691191999662184],[115.62790408902845,-6.30235501589588],[115.79577506931435,-6.638903182916455],[115.74565249237791,-7.186758977989971],[115.22864304824095,-7.967417651874137]]],[[[101.43445695600273,4.7946796372974205],[100.99395568105612,3.750486283994981],[101.66547150805447,2.6540097343735756],[101.53072339970112,2.1206755084348003],[102.5152286310171,1.0471271030390554],[101.49592068238276,0.9102186500544919],[101.21304284173479,0.11894288773695251],[101.24567096588032,-0.9328262401671287],[100.40580006833284,-1.7263694765297226],[100.3543030036995,-2.8809385454846623],[99.94984012539292,-4.650477738203046],[99.84297460123625,-4.239353345543936],[98.8400200953844,-4.75937150865072],[98.53246819167691,-4.0527740111731525],[97.92154298740066,-3.9873789409768547],[97.50718990732211,-3.616633641111085],[96.4669882864574,-4.032749324490515],[96.17486933132213,-3.4727020710398873],[95.6085676000863,-3.5363565032345767],[94.90356303125174,-3.402759143169016],[94.81378866909897,-1.8484079974210303],[94.3895173805716,-1.5259656576934484],[93.9863418814436,-0.5333403138732482],[93.86666626828595,0.4821189769146592],[93.95588476696327,1.557320210607431],[94.45238941752368,2.3280221230051388],[94.61158466166245,1.5529141150992243],[95.20892617863241,0.8973243091198259],[95.76218732270542,1.1332980591271282],[96.31311893005723,1.0497055852119241],[96.80687154460041,1.6364223802929179],[97.21816934021282,1.7381187778431266],[98.03852319394669,1.4130135665574028],[98.73698821558261,1.660280843253617],[99.1359484056192,3.2724296258964825],[99.45240580854835,3.6750404954473623],[99.68893548713021,4.989855510613609],[100.67814672802024,4.989318622924136],[101.43445695600273,4.7946796372974205]]],[[[111.39553842386759,-3.2500459878192185],[112.328939306878,-3.5876817505872762],[112.59830143327488,-4.472221926368553],[111.89621771440702,-3.995628046126957],[111.18180126898719,-3.89883875500377],[110.69218801982159,-3.9752427955845815],[110.09861237901494,-3.9344713538800957],[110.33015182594471,-3.2981013952718383],[111.39553842386759,-3.2500459878192185]]],[[[109.19444856298676,-4.394212579424389],[108.6103778170457,-4.181927639900026],[108.46577245503964,-3.6843400563807367],[109.33909499063608,-3.6288358328756996],[109.53576885013214,-4.010393089542583],[109.19444856298676,-4.394212579424389]]],[[[110.18184833867122,2.5229271432412848],[110.26032846788334,1.8897646134831525],[110.77113110691347,1.7880205602088166],[110.86064201588182,1.314203509128485],[110.82539035243236,0.30002348812501534],[110.3805384582109,0.41368453349027545],[110.2499765930295,-0.2925846827489703],[110.60051765301542,-0.9053004488518205],[110.35769117122464,-1.0445474574876916],[110.01595652503704,-0.30943892338392526],[109.75248500317738,1.1741943538709407],[109.90762684521516,2.1010201249424005],[110.18184833867122,2.5229271432412848]]],[[[105.90198471393047,1.0157638462925513],[106.89208568814178,1.0643977711670762],[107.72906995687744,1.9068464228333897],[107.88476287504898,1.647692180681976],[107.20693637164035,0.4966339897173611],[106.5604556097983,0.27345198394618264],[105.73028418084371,0.5004130391001606],[104.29496543950913,0.4424734870534708],[103.54296044925049,0.27537175561025284],[103.4188293579826,-0.6031529693749607],[104.17692904054489,-1.6350129240220326],[104.6501807295968,-1.1094914124589794],[106.26077333747142,-0.7145875867086036],[106.18396551490915,-1.2490259974455333],[105.81087949633782,-1.0804684349556635],[105.42583027278472,-1.7602367443729179],[104.65747522411303,-2.209777838033652],[105.42247428925184,-3.694507498963468],[105.24753518089024,-4.091863653349632],[105.94826825190096,-5.425086461361405],[105.89004327042217,-6.1821313916214065],[105.40630729086976,-6.520454462392084],[105.09864861413264,-6.115727165043461],[105.57542993663733,-5.171799424502983],[104.70368459844843,-5.61841082183522],[104.50957847500788,-5.299176940956403],[104.6469353969887,-4.85350008220865],[104.06116586648018,-4.17583215219724],[104.17105824533833,-3.0479152174082795],[103.58401009426889,-3.399947847144517],[103.59501961288628,-4.748507228048185],[103.52612669140011,-6.398101686662514],[102.96877096056133,-6.5650928455706845],[102.62373932588865,-6.2273460924629696],[102.93810541397157,-5.166311440139002],[102.86242297604137,-4.051279586263906],[102.5008569366506,-4.042731679702957],[102.26558205557158,-3.2498664804773303],[102.64558311161154,-2.491059491264595],[102.78902736706476,-1.5703284425965403],[103.23556107489838,0.17904262557157521],[103.41399436028286,0.6574913415724766],[104.13580236150261,1.519371456604515],[104.81385078656037,1.1767726820092663],[105.90198471393047,1.0157638462925513]]],[[[102.84743591164026,-11.789842363412637],[101.81598700249701,-10.998848064617855],[102.64193723550372,-10.77632941265438],[103.04811502952627,-11.120914097977822],[103.30236045117519,-11.463995188050113],[103.20997684770835,-11.768356784282819],[102.84743591164026,-11.789842363412637]]],[[[103.98783120733451,-9.840695918279977],[104.56819678169936,-9.754133419425763],[105.38291238871773,-9.337049481830094],[105.18581033066272,-9.969216475358039],[103.86052793830505,-10.291554006531518],[102.73763413357082,-10.151654367186737],[102.78198516069386,-9.736206311376561],[103.48883819371639,-9.499615361685082],[103.98783120733451,-9.840695918279977]]],[[[101.36921734985216,-9.64237334615678],[101.90892609141795,-9.549387220523183],[102.06774855798889,-10.032862898733859],[101.05109923876336,-10.2608828663276],[100.4400975825242,-10.41319980606556],[99.98073979141262,-10.404174136478662],[100.34875837325816,-9.750195736059448],[100.81965501916532,-9.741261207504964],[101.09250174081596,-9.338698102158306],[101.36921734985216,-9.64237334615678]]],[[[93.18623350388775,-7.424985837220627],[93.27166804788918,-7.832759337770978],[94.90724318611855,-7.94694178002024],[95.13456467997567,-7.474541606070684],[96.68261439280383,-8.0255828501701],[96.92843573932068,-8.766717028268475],[98.1954056934559,-8.974814606312819],[99.17805644013092,-9.6519590136797],[98.15327077325418,-10.085105855338584],[97.25993452477208,-9.627083736595184],[96.48092415775841,-9.658073887692186],[95.60014909810046,-9.573799245066915],[94.81825821695558,-9.369371614630445],[93.86644285379174,-8.933891848500359],[93.24717643926432,-8.82082121112812],[92.87733043857939,-8.96355190500897],[91.35453147260498,-8.493314234685426],[91.24650790934064,-8.001382917004033],[90.46749960587016,-7.917230910009013],[91.13751659842268,-6.820927036138375],[92.17554153470154,-6.8888046450641545],[92.83655927926203,-7.337531645638654],[93.18623350388775,-7.424985837220627]]],[[[89.9119619982292,-1.2590395321351582],[90.04487637351426,-2.0681803748419596],[90.32984797689848,-2.7151261580534776],[90.95936784636203,-2.817588328211814],[91.3552061025041,-3.550654302510417],[91.07820187593198,-4.988661656296892],[90.93982333341444,-6.770856607793935],[89.98662409090836,-6.794912882312362],[89.32220841959155,-5.832787697122724],[88.26667340408596,-4.890203380513282],[87.92872683623014,-4.189756503901864],[87.31029295405003,-3.247293150998764],[86.90567190196657,-2.378795592908519],[86.2743766189307,-0.7548303588901705],[85.52017685670896,0.21257273197275692],[85.2605771869079,1.21035098202123],[84.92915580075991,2.1158817139963397],[84.13595164328203,2.8457919563469796],[83.65583328802362,3.8365371268616646],[82.9833812854526,4.484228212390548],[82.02744085891717,5.7561104480892755],[81.9201382231443,6.342382231007163],[82.47626734098827,6.295991282768019],[83.81969348327367,6.073564976528935],[84.63736086915961,4.94576057005981],[85.33588847220202,4.162238202970853],[85.82811437442639,3.680932740686998],[86.6795317838147,2.4357383203597225],[87.55549877421417,2.417556515341224],[88.29451739515484,1.6231734372287303],[88.80351468588003,0.6515537243794899],[89.46159594383556,0.12134205283989712],[89.11311488013651,-0.8263178709227936],[89.60287733013953,-1.22929929561873],[89.9119619982292,-1.2590395321351582]]]]}},{"type":"Feature","properties":{"admin":"ARG"},"geometry":{"type":"MultiPolygon","coordinates":[[[[-47.709635640401835,-48.94872868326717],[-47.25211499324366,-49.21296726824924],[-46.59747832191347,-49.633721750553896],[-45.459272737984215,-49.96437871350205],[-44.40144805392645,-50.10059516871911],[-44.50621178012843,-50.37028401221137],[-45.13112481678082,-50.39705183901545],[-45.623808735089185,-50.20718652135795],[-46.04552326461572,-50.192705106067585],[-46.77559182080591,-50.192429425008854],[-47.709635640401835,-48.94872868326717]]],[[[-46.392314617057906,-32.3373973917913],[-46.42051924864005,-33.05860482943069],[-46.405688862878804,-33.97157139322473],[-46.168956231938665,-34.84166245325112],[-46.28901584596818,-35.034156525809934],[-46.19672538115485,-35.58885578364564],[-46.12443848139932,-36.0324523154991],[-44.91674360063073,-36.75158285174063],[-44.853830565541344,-37.32246575449947],[-44.25734399535817,-37.67966812152003],[-44.17451799261296,-38.07671586050455],[-44.587849653813265,-39.1020926037194],[-45.58614136978269,-39.52366437738113],[-47.07037754763457,-39.68614927841236],[-47.94399406266823,-39.60762950997316],[-47.60876755935707,-40.070357707839],[-47.543768031201346,-40.64350408458547],[-47.251823861808965,-41.02491643223391],[-47.60037113152042,-41.288760379897234],[-48.33463448834541,-41.39175001420366],[-49.178575530211674,-41.11944663453643],[-49.388677880533585,-41.31531649874275],[-48.96363709639252,-42.04980554795564],[-48.35786072441834,-42.26936096832462],[-48.046914496319076,-42.03933107922287],[-47.65686510963716,-42.417465900322526],[-48.24710546185616,-42.64149192857747],[-48.64161016833691,-43.08587850892042],[-48.40972253226079,-43.792454122821475],[-48.39971043821876,-44.16229722215255],[-49.09607507512167,-44.16424882007514],[-49.49096508231265,-44.51403610507658],[-49.42859622492975,-45.01894801818806],[-48.442800942436094,-45.50377366721522],[-47.67423275010694,-45.63625803731974],[-47.59476949115395,-46.216668251129484],[-48.23328733504747,-46.57541147838035],[-48.24577060395368,-47.30584360317664],[-48.73819394311767,-47.54706807347203],[-48.8402638259901,-47.830376570787664],[-48.19124526752241,-48.44710490974801],[-47.49014302515682,-48.78392406984679],[-47.804619240010425,-48.75471523770247],[-48.51576219005502,-48.66392124530971],[-50.25995057234753,-48.58613598168421],[-50.799720822245334,-48.24392442654239],[-51.10404405542749,-47.79697009478993],[-51.54709930104736,-47.83575344806194],[-51.950951323393845,-47.61668002150492],[-52.46163001192777,-46.96494448600036],[-52.09542076266214,-46.68969981826572],[-52.12713309763989,-46.287609230607906],[-52.41577239042484,-45.96276729956525],[-52.371618083988295,-45.40570175488115],[-52.61926690520453,-44.520035535764684],[-52.92224718031212,-44.11893725760207],[-52.67119511226873,-43.988390507724006],[-52.891650227150556,-43.72718612446439],[-53.310797270163725,-43.587399492314105],[-53.22192282656767,-43.292705650706914],[-53.69864418514215,-43.02418582616406],[-54.295611833574114,-42.193566462822794],[-54.06611821296857,-42.04496531406916],[-54.62578872093724,-41.14170438738634],[-54.80062511796485,-40.365503768992404],[-54.89638066925608,-39.67648813416929],[-54.55536844993391,-39.39268872019261],[-55.1067374360567,-38.619745960047794],[-55.40101694614642,-37.87926700240306],[-55.012453693875486,-37.34525662292217],[-55.28326375906563,-36.65287377372762],[-55.12087364359108,-35.83077940328062],[-55.38137104987933,-35.04338766221802],[-55.63885579426371,-34.885515355356475],[-56.481622249938304,-33.369782383951204],[-56.25874895072002,-32.44616286250345],[-56.5819699463286,-31.56293707576789],[-56.51698493181584,-30.722159266751373],[-56.207540039114654,-29.842458682777004],[-55.77445245745058,-29.252580944864782],[-56.10709367315927,-28.87765904873849],[-56.00754780791649,-28.568591238507004],[-56.38908191793974,-26.946725700360247],[-55.590698007103384,-26.459786224673177],[-55.509131041580986,-25.424087499389103],[-55.65720298758106,-25.17244159694712],[-55.13095385016346,-24.258062539420038],[-53.999549743213755,-24.505487199190434],[-53.38202047698186,-25.23498287870656],[-53.20090969865373,-24.42204145873655],[-52.245695557731985,-24.46400995265262],[-52.07479231448511,-24.680973644895005],[-50.26482275860775,-26.316460699046864],[-49.56244740510438,-26.467206484290596],[-48.42304928531652,-27.19518579668953],[-47.50558692830187,-27.577574578691138],[-47.308125732301804,-28.006914862824335],[-47.82770771659573,-29.46601850212865],[-46.95249432923951,-29.724012793783967],[-46.00815556731554,-29.86821975442401],[-45.39414478057343,-29.71638540643807],[-44.79394546735608,-28.98762425215006],[-44.815347455969885,-28.138320628765502],[-44.441753650741745,-27.952558269640573],[-43.93152469586279,-28.510684003088336],[-43.808668790946506,-29.275569708167975],[-44.39599560005598,-29.79857310859328],[-44.86694905619404,-30.182193856602968],[-45.59512516029215,-31.08773412035234],[-46.392314617057906,-32.3373973917913]]]]}},{"type":"Feature","properties":{"admin":"CHL"},"geometry":{"type":"MultiPolygon","coordinates":[[[[-47.709635640401835,-48.94872868326717],[-46.77559182080591,-50.192429425008854],[-46.04552326461572,-50.192705106067585],[-45.623808735089185,-50.20718652135795],[-45.680943804225706,-50.424445605268936],[-46.13158193550764,-50.589671494365184],[-46.47778852740478,-50.572813075685666],[-46.91358587264387,-50.52984363647005],[-47.5360939620548,-50.36944291081645],[-48.31150458937134,-50.29182138482757],[-49.416586509890756,-49.98904167653459],[-50.35641536700262,-49.69336384680588],[-51.80996353412142,-49.06374269455285],[-51.144415600110634,-49.18316494591738],[-49.87860860079347,-49.55881896776455],[-48.8094444410619,-49.7579668991298],[-48.652694767908706,-49.50323861043041],[-48.72046085543124,-49.117145950911386],[-48.253441004500935,-48.88093052401592],[-47.709635640401835,-48.94872868326717]]],[[[-58.61317559218533,-19.82868568480148],[-58.09570755330701,-20.55042427275355],[-57.868509876739715,-21.310803088884168],[-57.35934544407984,-21.75434437243299],[-57.45928878685254,-22.76052461544472],[-56.81202509511471,-23.913552236446712],[-56.229442012373,-25.310199637547136],[-55.65720298758106,-25.17244159694712],[-55.509131041580986,-25.424087499389103],[-55.590698007103384,-26.459786224673177],[-56.38908191793974,-26.946725700360247],[-56.00754780791649,-28.568591238507004],[-56.10709367315927,-28.87765904873849],[-55.77445245745058,-29.252580944864782],[-56.207540039114654,-29.842458682777004],[-56.51698493181584,-30.722159266751373],[-56.5819699463286,-31.56293707576789],[-56.25874895072002,-32.44616286250345],[-56.481622249938304,-33.369782383951204],[-55.63885579426371,-34.885515355356475],[-55.38137104987933,-35.04338766221802],[-55.12087364359108,-35.83077940328062],[-55.28326375906563,-36.65287377372762],[-55.012453693875486,-37.34525662292217],[-55.40101694614642,-37.87926700240306],[-55.1067374360567,-38.619745960047794],[-54.55536844993391,-39.39268872019261],[-54.89638066925608,-39.67648813416929],[-54.80062511796485,-40.365503768992404],[-54.62578872093724,-41.14170438738634],[-54.06611821296857,-42.04496531406916],[-54.295611833574114,-42.193566462822794],[-53.69864418514215,-43.02418582616406],[-53.22192282656767,-43.292705650706914],[-53.310797270163725,-43.587399492314105],[-52.891650227150556,-43.72718612446439],[-52.67119511226873,-43.988390507724006],[-52.92224718031212,-44.11893725760207],[-52.61926690520453,-44.520035535764684],[-52.371618083988295,-45.40570175488115],[-52.41577239042484,-45.96276729956525],[-52.12713309763989,-46.287609230607906],[-52.09542076266214,-46.68969981826572],[-52.46163001192777,-46.96494448600036],[-51.950951323393845,-47.61668002150492],[-51.54709930104736,-47.83575344806194],[-51.10404405542749,-47.79697009478993],[-50.799720822245334,-48.24392442654239],[-50.25995057234753,-48.58613598168421],[-48.51576219005502,-48.66392124530971],[-47.804619240010425,-48.75471523770247],[-48.42801098560222,-48.75038147688379],[-48.660715443312064,-48.89221728458688],[-49.13463452994658,-49.098913729559825],[-48.84438967271231,-49.62441624252773],[-49.12557606217223,-49.637307172189495],[-50.045030085808534,-49.4560009410749],[-51.14503030068771,-49.0623617471608],[-51.14502985697094,-49.062362317582334],[-52.265530357375376,-48.73348676859236],[-52.767505201068865,-48.36387387674821],[-52.82783393715938,-48.01665983723818],[-53.4755562004828,-47.61642942916379],[-54.30560809873846,-46.5605195553216],[-54.40598924864099,-45.94556565918147],[-53.958351900269,-45.44153549223439],[-55.1840265634469,-45.2489834680128],[-54.84706774701333,-44.65769275150615],[-55.25068627560072,-43.51450910202199],[-54.290129774582375,-43.76019628604465],[-54.676806560309814,-42.287054388804435],[-55.27927987430635,-42.09333500210024],[-55.04836377643525,-42.99373751327694],[-55.57302256544318,-42.89333745348853],[-55.87221244496641,-41.8567196404966],[-56.27978320760912,-40.46799612785952],[-56.1657728795179,-39.94255256390632],[-56.71990573629493,-39.18024147275432],[-57.15922846154862,-38.28235341922707],[-56.84257673711771,-38.256165130027696],[-56.87871100776603,-36.93521276375],[-56.819256861573116,-35.588547640377136],[-56.91294554137942,-34.300304983569426],[-57.51022255129857,-32.9726493103959],[-57.48965330174595,-32.22791098297657],[-57.90398356448604,-31.095772390490833],[-57.729854779566324,-29.954894452340326],[-58.03119050338767,-28.106042517374437],[-58.212025016524834,-26.066316715456026],[-58.38921429904124,-23.810304021387644],[-58.742805291798945,-22.12097284962908],[-59.15135814219612,-20.643297788816653],[-58.75955951517194,-20.373193707793487],[-58.61317559218533,-19.82868568480148]]]]}},{"type":"Feature","properties":{"admin":"COD"},"geometry":{"type":"Polygon","coordinates":[[[25.240558762813873,-5.213128567999596],[25.378523852249497,-6.273507295449756],[25.28167422292065,-6.8715842732687005],[25.440171528924093,-7.537424533208868],[25.923896527981093,-8.178897903096026],[26.35007633554331,-9.61690985177242],[26.350072081663964,-9.616908713730032],[26.015606279224407,-9.501086416989205],[24.85900996588921,-9.693175080793994],[24.625624609224765,-9.829120072980276],[24.361288867085108,-10.553814634790253],[24.53809376771187,-11.053082801495071],[24.343091782084073,-12.387435137679319],[24.197149574680722,-13.51127653145235],[24.41999636131103,-13.709725138237967],[24.99871867903038,-14.14297105489172],[25.240799164145155,-13.940671844763765],[25.261230531249367,-15.136498096023203],[24.610670585163973,-15.12736333983127],[24.286731712146477,-14.518149533170309],[23.991704714478725,-14.044813748993889],[23.344542104618874,-13.88929419170475],[23.1743941099819,-13.304799061397713],[22.64053993329172,-13.65718180228969],[21.96307201459694,-13.501586911676496],[21.694712679714275,-12.994099724420213],[21.15599840765699,-12.890816277434054],[20.755110191291667,-12.9178427129603],[20.716609127874943,-12.569415771601506],[20.42283871379268,-12.541175565568205],[20.03575540055353,-12.474995404378973],[19.50197591204572,-12.643038340949094],[19.131650164114266,-12.615505017108335],[18.9174605325646,-12.718368791697648],[18.997776562374003,-11.379475160539837],[18.72228847372704,-10.96009280055588],[18.674938736049192,-10.26322984882864],[18.815385797766567,-9.578092666684148],[18.65016511751832,-9.138556037144332],[18.647446363604324,-8.420119021728643],[17.605953307727965,-8.43010465472586],[17.687297423236977,-8.017891207941743],[17.249208345255088,-8.022209910293201],[17.199879025552743,-8.220524748494674],[16.666819194421603,-8.265220476666192],[16.44105984773473,-8.931061797133477],[16.307829944445444,-9.21626392822493],[15.836551868770393,-9.055224116246645],[15.551025977241238,-9.21561647041959],[14.982548814511608,-9.307786082721169],[14.662890904758454,-8.711303268884276],[14.47076219621824,-8.341705505210795],[14.233039569046248,-7.655095737109527],[14.030737134542171,-6.799723016744624],[11.49488793427229,-6.784517705806288],[11.192313792675012,-6.9225901680315935],[10.943553601633662,-6.9010960059490865],[10.587628434759365,-7.055501331893429],[10.4700699066236,-6.6990939756970596],[10.689614999167471,-6.577633701281763],[10.720253454136547,-6.0759155027439515],[10.86300992082503,-5.779724937192661],[11.177635061938792,-5.5374328125948376],[11.4027894765274,-5.6548728065677585],[11.699983613932407,-5.213307443864044],[12.16851632005401,-5.224698805269661],[12.221297550393736,-5.551258103591732],[12.541027170658943,-5.755484597702523],[13.052587910703554,-5.032513609426661],[13.557743442534957,-4.468399690664568],[13.777636110769297,-4.098378722186171],[13.753956605067271,-3.146084203014787],[14.132365373342006,-2.020117537308449],[14.528667563334075,-1.4226050188003692],[15.096898652430008,-0.8633201314206292],[15.19632358561738,-0.49309519044809685],[15.217978810443034,-0.06741823239864199],[15.358310243181371,0.3353510409687179],[15.312487553843644,0.9930966756126924],[15.417285279001598,2.021167066777601],[15.582723545148104,2.744442212730346],[15.837419588319516,3.363866611155046],[15.883981896654866,4.062816169352099],[15.9551364186511,4.868868433278279],[16.284765516792497,5.454860354095387],[16.741530348255182,5.826118932901572],[17.453387785651657,5.434296943811341],[18.005598655055202,5.008590776053298],[18.63613304592632,4.894918560575836],[19.280275115477302,4.6694652032142505],[19.53013288721541,5.36666773756909],[19.64725637565536,5.4555754651718225],[20.040625176317697,5.339720191009609],[20.9909009920079,5.915137282013902],[21.33342317795231,5.671346867196193],[21.61144505063434,5.705927582034666],[21.73653095972097,5.986129353729022],[22.054673157597932,6.084813053615808],[22.703328695845407,5.963628332174159],[23.25517700462719,5.937106511057194],[23.537197425959892,6.059310646828794],[24.071992330711684,5.1074410186641535],[24.460172743027886,4.967451188636694],[24.687847580542744,5.1613023704226455],[25.08671509951414,5.085340157349455],[25.562312638534383,5.329465892107977],[25.773651966337642,4.836431137269726],[26.54101907857809,4.068351889740906],[26.541026046140328,4.068344949882151],[26.502127079707275,2.714498037089971],[26.848501664046942,2.557548891302721],[26.574413641382765,2.145902307911049],[26.245263639337008,1.8378891427918538],[25.91851000953684,1.2328974816316927],[25.738721936383914,0.693357076895812],[25.690827009236425,-0.23830291211206844],[25.49067556493983,-0.681781385225465],[25.480766950559453,-1.5565997835422836],[25.231521016069447,-1.8799350444061997],[25.19542063850078,-2.569887408451925],[25.076490037171435,-2.659249444165525],[24.991675513570037,-3.293015289399497],[25.20307563480773,-3.819314721659627],[25.240558762813873,-5.213128567999596]]]}},{"type":"Feature","properties":{"admin":"SOM"},"geometry":{"type":"Polygon","coordinates":[[[35.82016221877572,-1.953227538002903],[35.31550668232716,-0.9961498458246162],[35.28718903462929,3.229623558943937],[36.01984083321784,4.542073664810494],[36.24845050495872,4.906221870365347],[36.79961386917361,4.927538993820284],[37.54865598895164,5.740859250235787],[38.66777681932583,5.791652101964984],[40.981147478454155,9.233081291088721],[41.53648703117736,10.18254576022977],[41.888802723141126,10.87867126932578],[41.8578827527723,11.46831172495188],[41.79345214359086,12.603448131569701],[41.76827404611747,13.06497540616297],[41.77242537230164,13.083269959289707],[41.77242537230164,13.083269959289707],[42.04374836211583,13.105323593101547],[42.4264173846372,13.271444316518624],[42.87137983506476,13.383915799476048],[43.24935969195318,13.765820028726447],[43.57240274736519,13.76887326878629],[43.61271289794961,13.460493060307535],[43.57643972991772,12.80994991159746],[43.61621951635902,12.220030782638169],[43.45982024569137,11.8135797795885],[43.285451649399064,10.592145778595153],[42.93364848198188,9.322802760674882],[42.46239029870234,7.863674627778207],[41.77969723287841,6.180411298297781],[41.07767509684424,4.889211373734461],[40.093939938370305,3.3115807905346255],[39.24357039022894,2.3735763450041274],[37.96372423562558,1.2218940428819516],[37.16343822811226,0.33915457218504924],[36.218565577760735,-1.066785923993418],[36.01661869979685,-1.6785882626368465],[35.82016221877572,-1.953227538002903]]]}},{"type":"Feature","properties":{"admin":"KEN"},"geometry":{"type":"Polygon","coordinates":[[[33.720828521805025,-5.417100808983322],[32.50595960876252,-4.262574727756356],[32.45653471046024,-3.5914159819379674],[29.352767470941718,-1.2300047773157736],[29.207725354529263,-1.1025730923425492],[29.200879852461945,0.1274612573059101],[29.44711102918845,0.5977468283269384],[29.86863618636581,1.3658978263135146],[30.177178516668828,2.211351284897474],[29.78592329349484,3.5413505228912845],[29.678075802179468,4.122050018386672],[29.25841993321237,4.924415390175183],[29.77596058420432,5.6135591296297225],[30.34384725890803,6.3725088373579295],[30.794464709914408,6.17940042322134],[30.807201864265313,5.5326620659565275],[31.10792146379872,5.152977267220854],[31.706707424295786,5.152977267220854],[32.812024723675236,4.171784647246784],[33.08423922362399,4.160110324284748],[33.28531758968194,4.191981407869793],[33.47785711156282,4.058598992982675],[34.05323845842113,3.9675857098293497],[34.300100658574706,4.449473032726043],[35.07766611030103,4.932654500238591],[35.4318143910949,4.542279369218012],[36.01984083321784,4.542073664810494],[35.28718903462929,3.229623558943937],[35.31550668232716,-0.9961498458246162],[35.82016221877572,-1.953227538002903],[35.21304031037386,-2.4162268329272125],[34.9955047332818,-2.899793312429149],[34.67179679342052,-2.9847171559908445],[34.53928036715395,-3.800537772488265],[34.255825681867734,-4.267245943323637],[34.074589159974096,-5.03600362485442],[33.720828521805025,-5.417100808983322]]]}},{"type":"Feature","properties":{"admin":"SDN"},"geometry":{"type":"Polygon","coordinates":[[[21.061759496984042,9.490760378520712],[20.397873973698005,9.987978059145375],[20.093275191671076,10.314951463449276],[20.029972951330215,10.667297093784581],[20.157462976764393,11.13820530469244],[20.143064149721074,11.598898036159635],[19.63115660934664,12.302707840393564],[19.52092981733917,12.782926181787719],[19.523425861833015,13.054170753997054],[19.20020631396231,13.383681258107618],[19.171232078717953,14.031195829712862],[18.97924800684638,14.459849039706329],[18.682184333839356,14.39562625786781],[18.755112200732704,14.802777641369014],[18.96026208634098,15.263583188454392],[18.848364927861205,15.719990269711268],[19.115675528667452,16.05704558074506],[18.92939292215216,16.313268353045768],[19.128415053931487,16.988114874494997],[19.483126147450385,17.788468759215448],[20.216045187781276,17.712738454112717],[19.967510767115353,21.937519109146024],[19.953301372344594,22.374250163531595],[20.915221858595707,22.377407601253882],[20.7854480119633,24.42849526904425],[24.127748052287,24.42849526904425],[27.353649583743703,24.42849526904425],[30.651244282483276,24.42849526904425],[31.01644894631963,23.426558344126676],[30.850912757699682,23.240065230126497],[31.068350234592966,22.17458082935617],[31.48227067017311,20.92412981947382],[31.82366151380431,20.664308531871157],[32.31574418685981,20.2731526464443],[31.937564343437085,19.666225612777275],[31.33014400607056,19.4907907204528],[31.08870022217632,19.162892657772005],[31.056002080605452,18.448802708808397],[30.79547570867335,16.85526557170759],[30.912165916218004,16.417632587496563],[30.83133846545315,15.474254845388005],[30.543327784944484,14.384636848945178],[30.05655053343239,13.833735737680655],[29.729864519051894,12.9806935924015],[29.66381599440093,12.522483263564672],[29.272142405018652,12.207878415059623],[29.064266046392117,11.027813981970958],[29.11059363296428,10.00870369572056],[29.070608654167845,10.89285798887484],[28.951328448986313,10.915236132814455],[28.945519289355897,11.477807780211796],[28.828039403070978,11.864877422781639],[28.370518097422522,12.309055212374759],[28.234823164936543,13.117417061850505],[28.301221035552,13.941164968984172],[27.902750104955402,14.017586782260494],[27.855281919851862,13.769087216346405],[27.345524211146717,13.711688126919864],[27.564364044883096,13.386053461680982],[27.665259245813655,12.713688114683524],[27.219809655610277,12.096751997813042],[26.823081467258564,11.283990972307357],[26.38634506099166,11.16761298389682],[25.64468570674224,11.826204385132622],[25.329568869951405,11.59400801776102],[25.252185287276426,11.264599592131132],[24.81820366233034,11.051168381017844],[24.795910596450835,10.818087555069393],[23.943568094766558,10.818087555069393],[23.819190961306283,11.051168381017844],[23.20103328554951,11.089990485138589],[22.898015292331426,10.895809286939963],[22.660205705096946,10.99292228891172],[22.200781346649865,11.652082742074755],[22.044883028262014,11.961525713643464],[21.433024787313478,11.806865549247888],[21.212619124616044,11.283990972307357],[21.017963367496037,10.273251916129608],[20.728905991253292,10.058843866040922],[20.468624765538213,9.935034716799764],[21.061759496984042,9.490760378520712]]]}},{"type":"Feature","properties":{"admin":"TCD"},"geometry":{"type":"Polygon","coordinates":[[[19.967510767115353,21.937519109146024],[20.216045187781276,17.712738454112717],[19.483126147450385,17.788468759215448],[19.128415053931487,16.988114874494997],[18.92939292215216,16.313268353045768],[19.115675528667452,16.05704558074506],[18.848364927861205,15.719990269711268],[18.96026208634098,15.263583188454392],[18.755112200732704,14.802777641369014],[18.682184333839356,14.39562625786781],[18.97924800684638,14.459849039706329],[19.171232078717953,14.031195829712862],[19.20020631396231,13.383681258107618],[19.523425861833015,13.054170753997054],[19.52092981733917,12.782926181787719],[18.985693710785135,12.591738233820559],[18.56428145971872,12.137001372244216],[17.97518087556972,10.906097770570483],[17.180342568673378,10.381227238272176],[16.351935484415375,10.451702795749233],[16.11238803712531,10.347432672646825],[16.204525266571235,9.947723622563576],[15.764490847875033,9.550094140493377],[15.40757655950513,9.105291982036803],[14.334007391712076,8.668629686825154],[14.116117639649703,8.927170426396328],[13.97373778394615,8.94946000525801],[13.819577070650503,8.655790078810776],[13.111256938522205,8.569914661742954],[13.241707070562732,8.879280143675283],[12.960809577205612,9.664865607915507],[12.833399888615844,10.135400874735929],[12.457538245484221,10.328084517314279],[11.942552429312618,10.989263132370262],[12.120299937143338,11.522334510824551],[12.511903964886823,11.40896563402716],[12.751932180806675,11.489333346259297],[13.229821154538728,11.478283981754336],[12.746574466829703,12.50133204539234],[12.763891756182964,13.245373327161895],[12.692238062044591,13.985364225610276],[12.338896217362393,14.696388152409934],[12.412779812642636,15.2173377115198],[11.866857060270572,15.24275336674676],[11.853437021999982,15.951093109543974],[11.491001554055483,16.35743103507637],[11.822979614264279,17.792423077190815],[12.87343040351239,18.809721858145373],[12.875194895706363,20.198520503585367],[13.124611341430247,22.32976492943742],[13.289494062482483,22.775999303213727],[12.928265143935755,23.129862323880882],[12.90211134562231,23.456951384137163],[12.57978012774916,23.723547477823008],[12.312119641507962,25.30018282068912],[13.124298058190092,25.84776091828376],[16.52998270621593,23.914311117877578],[19.967510767115353,21.937519109146024]]]}},{"type":"Feature","properties":{"admin":"HTI"},"geometry":{"type":"Polygon","coordinates":[[[-60.04613783003078,22.077212482335337],[-60.066931131671254,21.50815788633856],[-60.19592985212392,21.104531009690085],[-60.428757016044855,20.927091189815588],[-60.26192500656911,20.610201470544435],[-60.323196029662824,20.322651168347875],[-60.85422100978557,20.502645935312593],[-61.26245168624255,20.42923975067755],[-61.76359517140193,20.505762063445964],[-62.18810673755786,20.307807185236232],[-62.58629545814646,20.637564937526697],[-62.457165977325154,20.97767223521535],[-61.70775320918828,20.831307630284535],[-61.08716932673704,20.746619413576415],[-60.74751230151656,20.981373601492763],[-61.05721488816334,21.436654231884017],[-60.98436196638574,21.836389129756327],[-61.4852235852167,21.999141399884493],[-61.247044099109885,22.286635495438833],[-60.744389067937085,22.24069202019383],[-60.04613783003078,22.077212482335337]]]}},{"type":"Feature","properties":{"admin":"DOM"},"geometry":{"type":"Polygon","coordinates":[[[-60.323196029662824,20.322651168347875],[-60.26192500656911,20.610201470544435],[-60.428757016044855,20.927091189815588],[-60.19592985212392,21.104531009690085],[-60.066931131671254,21.50815788633856],[-60.04613783003078,22.077212482335337],[-59.91147656812868,22.25463865956171],[-59.25900045808716,22.249828805022915],[-58.80751528040216,21.98176246391179],[-58.58250411159143,22.007950649461332],[-58.49020324297781,21.637411744596456],[-58.028222691425626,21.658284388793582],[-58.10429736971394,21.34598292344914],[-57.73685680721201,21.308063813165326],[-57.382936256828934,20.922135852737792],[-57.758770014628176,20.492255712314897],[-58.12450410551365,20.72217652655075],[-58.51694200872265,20.677886943922154],[-58.785804115727565,20.728151839880194],[-58.96644449029527,20.535394040833413],[-59.29905163146956,20.47018833204154],[-59.38803911127059,20.726651444202933],[-59.6891360764763,20.57496307450986],[-60.13458937165297,19.848436735082597],[-60.32639309547751,20.017577524509317],[-60.323196029662824,20.322651168347875]]]}},{"type":"Feature","properties":{"admin":"RUS"},"geometry":{"type":"MultiPolygon","coordinates":[[[[103.29017004378211,57.055935482451815],[103.57426325688657,57.181727695086934],[104.31839620696152,56.97414300260016],[103.73855645216021,56.95835801146396],[103.29017004378211,57.055935482451815]]],[[[35.88669273139901,45.084014349990156],[35.7096574712066,44.68627402348569],[35.040174373559715,44.574806950534764],[34.56567896305434,43.86728819280078],[35.47408851477887,43.20266003643037],[35.56478698377935,42.72269720406796],[36.67035598438872,41.86706624197484],[36.670345809626625,41.86705815238934],[36.31541883136795,41.56942220794],[36.245328269025286,41.38029367343618],[35.89414269981543,41.431177157796746],[35.23332638946736,41.88049023017702],[35.01342737524151,41.90513690433858],[34.48625137177382,42.074994091597404],[34.16193103784934,42.37373813115855],[33.41412989774975,42.52507411844188],[32.99405775317113,42.41154427917414],[32.82132059336454,42.54588189105282],[31.69646829014571,42.89001129127828],[30.56180793962322,43.005392385177174],[29.895331850788942,43.12683434659178],[29.828643147078132,43.04298153371298],[28.70735951195522,43.6382824837813],[27.786344684332764,43.9005495381052],[27.032988040853322,44.30474363381378],[27.537498712903943,44.41380264305534],[27.976319275861545,44.978255832236584],[27.485974926658926,45.241646738225754],[28.473739751448147,45.51088154845148],[28.407342806174302,45.65404853921894],[27.78949402351853,45.548568234443366],[27.71849481577225,45.8383463081689],[28.031750613532974,46.01898081424116],[28.71516047951553,46.06621795154236],[28.75435643067586,46.28005515319873],[28.471675288892037,46.62999575411273],[28.643685319028947,46.95809195440511],[28.567885259147904,47.14028676655482],[27.444628267683502,47.34070907778203],[27.031465342017718,47.334082604825035],[26.491137089472396,47.61981554873644],[25.981229395904187,47.523553995307466],[25.008020781330227,47.736775773967985],[24.982797229207,47.855284261764716],[24.642506464739622,48.11445620025205],[24.071702686993298,48.14322336630398],[23.950884190588496,48.326820820251],[24.08483661169184,48.44580250603],[23.52348860308961,48.77531196457217],[22.819695535292826,48.71942246399273],[22.598132633992883,48.74849803094222],[22.46564647875968,48.61654426496036],[22.19710923057243,48.64005466545394],[22.197093488392508,48.64005582793194],[21.90441975669059,49.00923911025555],[21.67871884142399,49.1982304922836],[21.794197540284724,49.25113428953266],[22.359279711131062,49.23149933765304],[22.585332441372014,49.354937376113995],[22.333887895939238,49.504476615890916],[21.83514367732401,49.6026070803903],[21.841497668736253,49.702844218124845],[21.526898278837486,49.80359834403458],[20.973099039137946,50.161199354185776],[21.067593161445227,50.30672413598374],[20.911045479118062,50.557409688505224],[20.204487403712786,50.68353466153816],[19.87172526953887,50.620507971111664],[19.730351402182652,50.75134859119833],[18.975501471313653,50.882611699026235],[18.655788465701054,51.187909264378206],[18.513671810942586,51.43496324756645],[18.152649536926678,51.551080330507816],[18.381854098183656,51.709857790191265],[18.022013727948444,52.168011074248],[18.38567292002392,52.444787901873525],[18.25584770527398,52.5276746567304],[18.255851732103086,52.527676077565246],[18.89365741488148,52.78722337704968],[18.12756259359862,53.00698223870524],[18.12756112033924,53.006982697467315],[19.26005115070277,53.58084252582174],[19.735172018356014,53.83281210021008],[19.86883435249503,54.051266492668596],[18.801553350147135,54.33883656508773],[18.928214218948913,54.606069680653405],[18.225442616428467,54.90377355092378],[18.472643001324457,55.23679662753873],[17.548208247046027,55.6625291975053],[17.96077545754651,55.93417583904872],[16.92263584482085,56.16733693919156],[16.88319106120338,56.40535322858817],[17.34308251241174,56.43614208200937],[18.268801310522296,56.56874130085368],[18.2688218871369,56.56874424903462],[18.80533870866263,56.68179824831018],[19.893908120424523,56.484174815627796],[21.561365697802934,56.40489886761138],[24.080747086884262,56.01683234036232],[24.66403507027618,55.84819045223977],[24.87938236921713,55.606507764663874],[24.343358708585413,55.411175683211034],[23.41616582132696,55.3105103400788],[20.52629957547502,55.594736453151285],[20.10910428298217,55.54779909680324],[21.261726353807994,55.27272911175896],[21.405555055263275,55.09446327476809],[21.677736313752195,54.69085067027642],[22.54830603571971,54.56749098022109],[23.09722536546238,54.4614006581713],[23.06058123779577,54.65875257566334],[22.584390539662056,54.830829500841816],[22.88625568160025,54.98027816258524],[24.534692326659666,54.73358848404658],[24.992444004501497,54.830829500841816],[24.3873299619456,55.11792808009406],[25.549978471719506,55.48974795343742],[26.126195473640735,55.46824681489032],[26.792515622595026,55.33686604853767],[26.950149404998932,55.59353160717936],[26.278237301167128,55.81060452070483],[26.40386586917061,56.02319328630332],[25.79360294289437,56.23817052902706],[27.547971783228668,56.12769222433012],[28.055183458336767,55.93122105619007],[27.332423586741445,55.88729715785168],[27.499009426275656,55.686550929461426],[28.076162236382785,55.56080159584277],[28.945207109769825,55.64065488210469],[28.896123785344276,55.87153815624756],[29.997409708611723,56.04008570741499],[31.789551520256392,56.335597888774615],[32.25282050270181,56.31894747471129],[31.874385828391365,56.11079226693792],[32.649884172167084,56.074477502536894],[32.9571275235766,56.19284781416348],[34.061281806177846,56.202343015560615],[34.789881990028206,56.343513219285335],[35.692201895204015,56.13754753526068],[36.11336038527595,56.36369387768509],[35.27597718589329,56.55624966906191],[35.45726085214439,56.66373371730514],[37.30659005389169,56.56523179405493],[38.24644918117027,56.46207959335685],[40.87662944354878,56.07284067085389],[41.04606442427871,56.253493358654694],[40.21623998104383,56.431952586561536],[40.10849025780354,56.50239979020285],[39.358043003983084,56.53476145571427],[39.35357796501509,56.68914000030159],[38.720389128422184,56.9359558009081],[38.57287887983672,57.034613732041386],[39.26734960455307,57.30547925832182],[39.27392271198227,57.5650254904522],[39.61642448615277,57.619548635711865],[41.22693504445447,57.54629564168465],[41.58252832573929,57.38836091468012],[41.38839606952274,57.14976983079555],[41.886211245537375,57.05331043419835],[42.382727681594744,56.83651572282572],[42.86860417669421,56.39063155325896],[43.80518644023419,56.18226002239563],[43.86080021767491,55.94910035619333],[43.33793090930277,55.43136878330177],[44.10180033579752,55.37599119190736],[44.174791763434364,55.5107511218197],[44.71994079948743,55.605727642768045],[44.64481141444948,55.786045613964504],[44.93712921119406,55.956205607359394],[44.31895293997683,56.155035467721945],[44.28430205342876,56.38000013798951],[43.59992770386045,56.40759048720781],[43.20197593208078,56.59148177668849],[43.20918861444223,56.911952064509975],[42.09339411765639,57.16122400596205],[42.822862632337525,57.359802643616405],[42.37931685218982,57.56193318548711],[42.65252705849941,57.5682608084227],[43.19599953774774,57.41150500985378],[43.40381341560213,57.12768831045084],[44.10498955248637,57.07239538361087],[43.51304233075044,57.28776607753344],[44.29176000856681,57.401917018385305],[45.45184010779333,57.41711107270704],[46.78181383128836,57.25128168976822],[45.87467657387994,57.491897222876155],[45.324367375214976,57.784494360877744],[46.20964201516603,57.83798665240796],[47.581970171319604,57.82635217836733],[48.736088357193374,57.8608262164525],[48.03000748643927,57.99583735909896],[48.36497718336816,58.15953402258233],[48.989415387620355,58.16624421528818],[49.83030225189712,58.285291680414986],[51.22324503994188,58.31664175218043],[51.2747132518962,58.38017537872535],[52.673010476403434,58.40144016491777],[53.23462409135448,58.34976319217328],[54.20107293595296,58.47081134649805],[55.21613380100776,58.46709417760181],[55.14872885444389,58.56228999967122],[55.45757614990753,58.653322235409895],[56.53617710484487,58.73839850307125],[57.62953658419041,58.67144331000395],[57.01497598799064,58.619406426842225],[58.32881273679131,58.586582451103],[58.740377804285174,58.478208265919626],[59.10876183778549,58.53205006179297],[60.71390856964411,58.52912026179314],[62.22546921293715,58.4201735743019],[62.886753721404055,58.333995205719354],[63.06126532143636,58.21080883455974],[62.62741662497373,58.1388256145203],[61.50102210975091,58.000172972603366],[61.26113614275055,57.924129691439134],[62.04184739042618,57.88778628363244],[63.03003001600292,57.82154889666567],[63.41605844398664,57.87131622100074],[64.1146743938212,57.700265004930316],[64.19409371967852,57.77025745418824],[64.99148264600882,57.812311607182636],[66.90680188917385,57.76834239302489],[67.36216250524195,57.641563864752946],[69.83402992307792,57.600543942755706],[69.32844996473598,57.807586558880494],[70.64637812481396,57.76092089941817],[71.54194774363864,57.76239166434669],[72.83947486996094,57.61919284991074],[73.5810637933396,57.43959508804258],[73.561417946918,57.318766931191256],[74.89238247016819,57.08459576134727],[76.12403110751653,56.96016850957002],[75.84675951923884,57.2766958811625],[77.12742594935007,57.14299330415813],[77.89067154779167,57.22325116121319],[79.25681813253777,57.13132394438737],[79.44855305091363,57.215173740385424],[80.50627851900838,57.17339514272642],[79.32339837006111,57.444579275551526],[79.72088270325122,57.56671167575951],[85.41505047608676,57.38257847875962],[86.43216929919447,57.20875617405903],[88.64327542544049,56.97723648024738],[90.80265715847004,57.03535997677507],[92.11321014566461,56.984793351159766],[92.9994911967077,56.85606733586207],[93.65019981657045,56.62222662681902],[94.65803500910714,56.529056005701854],[95.23813753220493,56.59618588494557],[96.25217567797355,56.60472772525601],[97.56275965883495,56.54047893556902],[98.56122069529496,56.576791616181374],[100.52957205331796,56.28013546874612],[100.92019294624389,56.38820913927468],[99.76285642967898,56.59968342099637],[99.5545746246226,56.743144349629674],[101.71861801457844,56.65319663991773],[102.87191655801874,56.67253766167982],[105.0861366831865,56.51676758632809],[106.4022299438124,56.37141447305072],[111.0025447556566,54.91601529269282],[111.00440315523134,54.91389468225778],[110.72223036954598,54.73925474266568],[109.8347192429357,54.76857366417473],[111.01085669260635,54.5538481397982],[112.34194178141271,54.21339596809599],[112.94693766993763,54.099980013328086],[113.50372649538927,53.923753973053],[113.64961024860713,53.80963800515144],[112.21611742687352,53.90355891621789],[111.30298914958357,53.57605154396761],[110.86766885823802,53.524616956107224],[110.67626358618065,53.210372490964666],[110.42160797242049,52.93001136812789],[110.68369961486452,52.718957017924964],[108.99908570215703,53.03907441386438],[108.16110298906294,52.67529160057735],[107.46758912684915,52.84853707158893],[107.29918575142355,52.64855372990627],[106.28421328079305,52.712847111712264],[106.76591658359924,52.401965510539085],[106.98501248350242,51.93316241674695],[107.42574042516581,51.733357067124416],[108.4130913701972,51.62155236636888],[109.82087014615396,50.877452567998304],[109.23321572418394,50.85811271694563],[109.78767437943276,50.41613102347971],[110.50208083552319,50.18466554916308],[109.81432803751527,49.906527466088136],[110.69000621930526,49.27099786587583],[109.89232657288586,49.13275959548237],[110.64734873386787,48.54745794982017],[110.50238651615435,47.99734486973118],[109.60621480240849,48.405391780369655],[107.94359409006701,49.24633808133061],[105.44014695686356,50.46702630817065],[104.41363853787334,51.1923173336984],[104.38776849987815,51.495793975873625],[103.95744095818765,51.72983580441945],[104.7621607433761,51.840747338146635],[104.65323819039556,52.45142619907645],[104.70480019731342,52.93315626257288],[105.02154025197459,53.29645750297027],[104.0295501681087,53.91588839114587],[103.35065682133161,53.87963486388752],[103.84239053202279,53.52014570677792],[103.36400520667769,53.02564694066491],[101.5639954794916,53.578170215727724],[100.26391431984224,53.42779292247051],[100.33626228847588,52.66103879928358],[101.4852287655042,52.370394676839496],[100.28031776740517,52.24499415704532],[99.36550257085338,52.195273575908196],[98.71038139701993,52.541209305869856],[97.55010899991964,52.61286017052734],[97.21265997346009,52.37973485981794],[95.05096535798913,52.46170298767383],[93.17263541543691,52.320098471201405],[92.77786141116134,51.355754549036526],[92.20900008469253,50.11665717908884],[93.39025572796452,50.04815130236025],[94.25303904640529,49.704328545937024],[95.10770372987066,49.58088893491811],[95.12446984544478,49.857246943468496],[95.93178371106525,49.82156606129289],[97.86773140594248,49.207057658668134],[98.61370973391097,48.71959912520818],[98.90138763287567,48.13352966805485],[99.82121822188171,47.413649712237614],[100.77933395894007,46.41659579213865],[100.81101659747125,45.48125651897734],[101.08963835345709,45.023072052216826],[100.95303900090599,44.23549412825736],[100.78173848201452,43.43448982927277],[100.71301668258704,43.01681982438508],[100.11801860407225,42.59680021080667],[99.65398682343847,42.587449690514184],[98.85508886321874,42.93586886170536],[98.33942946806052,42.40993662157103],[98.44129570547578,42.16814225855979],[98.44129626415572,42.168140800139746],[98.44129849887463,42.168134966458915],[98.44128592005909,42.16814225855979],[98.22108277756885,42.295515572289894],[98.2210670001777,42.295533009922195],[97.8807645898554,42.66267509232335],[98.24551727668049,42.682061907452656],[97.55460734223833,43.52044847919133],[96.7694472684181,44.114997345986],[97.15578422702076,44.356975068227136],[98.17531687325231,44.2358983423696],[97.97350640150538,44.89527148477183],[97.42158251916936,45.620791372543216],[97.43127828742676,45.859139586463726],[97.132042070737,46.43662076817449],[96.16430359753845,46.24875896354398],[95.83156776576249,45.995331103824455],[94.73183051486912,45.9960861926244],[93.74967005567882,46.59584245268455],[92.37538991207224,47.04088474308053],[90.89858890566872,47.238547806071146],[89.91191102450287,47.83475935642038],[89.20822474122735,48.201280776749954],[88.62263548929698,48.454811746117876],[87.43080545570669,49.038236867089026],[86.54341668829511,49.247523092033596],[85.28482135814761,49.41528783896187],[84.38993795240067,49.40008735997711],[83.6643276961759,49.29857038561641],[83.45396856504124,49.016004665350444],[84.00727116494852,48.879737754542845],[84.41400495909998,48.55995500792874],[84.25386742786789,48.372222171561845],[84.3644915499474,47.74023114532487],[84.67593371202659,47.47313115617744],[84.10488309246466,47.08453564901668],[82.99502383788952,47.317428390790596],[82.20184639982858,47.26619348721054],[81.60666400117519,47.471522449731005],[81.10937109311115,47.53738254756552],[80.52956392142386,47.10471772632788],[79.69637392598199,47.001978876610806],[79.1964521935373,46.84745170744488],[78.19336880930467,46.94908055032833],[77.5370653595997,46.94259332312049],[76.78688227990523,47.259133940211015],[75.79270726236437,47.55319938066095],[75.00103611556459,47.63319896169166],[74.18444248430913,47.55382228275652],[73.62570354928312,47.44081702339515],[72.36714730852847,47.696506611247024],[71.78425178773179,48.1455489579524],[70.80438326863484,48.297606079382774],[70.09802709633175,48.36660952869872],[69.06992912728312,48.60846462864372],[68.94570547508054,47.99731201403273],[69.56964909932204,47.643130252071195],[69.27307203836935,47.21746111316966],[68.10447006690977,47.371976087826575],[67.37533429089268,47.39400796279958],[66.64529312646033,47.678341977766344],[65.89872399656844,47.687269568367185],[65.11810185436694,47.87224213440732],[64.29295089289627,47.58816238698308],[63.38189557412848,47.05945049707865],[62.71646170714256,46.95171970949627],[62.477820066439136,46.900460275969934],[61.793725517313334,47.27941747935098],[60.94293280486546,47.196991847090004],[60.431187652129964,47.457515750026595],[59.83977830717246,47.57575990291338],[59.215769504322,47.924472116427104],[58.73825946339563,48.03204707891378],[57.84941126575327,47.87826113370917],[56.604206354308054,48.22167188079447],[56.476135554450224,47.90979070846075],[53.721215878817716,49.38474290123887],[52.47997783024778,49.814586038491704],[52.58300983671183,49.98652102106897],[51.298094877377494,49.46464830220155],[50.66208105774154,49.43268491477646],[50.47478265741363,49.736578429032214],[49.441973930012985,49.924241833485986],[48.8334652359775,49.79049660006673],[48.16511585078314,50.35406315894604],[46.85134698914709,50.46927576241959],[46.41670217100859,50.246892625351045],[44.86244441929576,50.04689903414711],[44.62777884107199,49.911953278597316],[42.196603334898484,49.72033884624112],[42.00857101170643,49.530699787962234],[42.76198409207416,49.14487654854201],[42.19174656333541,48.996618359587494],[42.42142851422963,48.840204804369264],[41.92756434507515,48.55780263672699],[43.311297684497696,48.15311668955857],[43.30559677894562,47.87037999542652],[42.29878267504667,47.896262996679404],[42.19710452303726,47.71759424806808],[41.115312298989714,48.028740372530095],[40.005182547992526,48.01675175912028],[39.39513619662815,47.76363853894564],[38.4288477444599,48.00641729997117],[36.6618614998828,48.41634120117291],[35.57525101730826,48.40114141834049],[34.44014407388937,47.75363504873663],[34.55785668556775,47.30897094869983],[33.66653452070561,47.66269804748351],[33.39798368498548,46.98832263692939],[33.661431383735476,46.861150023874266],[33.44794971336638,46.383172143106904],[34.23862410000768,45.94810708155417],[34.76809247172698,45.96615092305456],[35.40944433652786,45.5311469172555],[35.4726742484038,45.19155309126408],[35.88669273139901,45.084014349990156]]],[[[49.48660169149538,59.32919476397213],[50.54894943164275,59.3628319604822],[51.7551568810208,59.28669990050844],[53.35558331946031,59.12896453014342],[53.60624488181152,58.96876958401685],[52.48972348341064,58.945526172527046],[50.8740004430522,58.99891545499939],[49.832387761711765,59.067508080853116],[49.14977378585171,59.1900647036648],[48.353819460876316,59.222381641072225],[49.48660169149538,59.32919476397213]]],[[[54.98244497263235,59.04169192269862],[56.59824419801628,58.937482671343616],[56.630983149418995,58.85975343452043],[53.76983888533775,58.78353341464346],[54.161963355354715,59.03320981094041],[54.55236358329236,59.05331104114699],[54.98244497263235,59.04169192269862]]],[[[76.28700257772134,58.400699979342576],[77.7698687232307,58.39066175640466],[80.15758205057524,58.26697259471433],[80.29659613340031,58.08646660810864],[78.22426634144956,58.09334648529379],[77.48057756140423,58.034262081928325],[75.8944998522226,58.19484226954593],[75.69508371923357,58.357567271439585],[76.28700257772134,58.400699979342576]]],[[[82.0602195114817,58.21515704355355],[83.66048266116049,58.15162064051152],[83.33916785611687,58.05372737495702],[82.37643932966992,58.07609362621493],[81.03071150386262,58.17332000601434],[80.91126741995012,58.25132015670608],[82.0602195114817,58.21515704355355]]],[[[78.958474168446,57.709693135632364],[79.17810480545585,57.815546360846284],[79.80716538430961,57.839983892482195],[80.91569725012845,57.73815860542834],[81.19967613494809,57.66688228038832],[80.34805031117187,57.66496955986145],[79.0996430997799,57.69534309547063],[78.958474168446,57.709693135632364]]],[[[23.739308972862762,59.26208841572401],[24.74018092671161,59.29056902945938],[25.54116449703534,59.292441090362594],[25.699164145821307,59.250164170384004],[25.958368972182917,59.2877884592703],[26.425698363872932,59.313161159113136],[27.251509218664516,59.279343003989275],[27.076827742174746,59.25535950391737],[26.391443940843956,59.23431222177403],[25.929336743860453,59.2220751504544],[25.88701530240645,59.195286186100866],[25.297952769188548,59.16786378079718],[24.677977198087486,59.20705755747531],[24.92286002058906,59.25728386504279],[23.739308972862762,59.26208841572401]]],[[[15.567719176595984,49.89731871878623],[14.310277679599855,49.889083116227305],[13.452977335033365,49.951299725163835],[13.554979006889072,50.19062389028011],[14.45282848704817,50.36518434914741],[15.188698729149248,50.271086295723826],[15.511883486250921,50.18544099103012],[15.477378456425564,50.03681872172427],[15.567719176595984,49.89731871878623]]],[[[30.092192028237953,57.811506939173036],[31.165921771174386,58.03829285898817],[30.8781407380239,58.150972581500376],[31.95714800346073,58.27805558265075],[33.57657916866938,58.426900211937955],[35.342134568931094,58.469058478386565],[36.1574624262148,58.55095122448853],[37.176362455491336,58.57914198124942],[37.69108035086696,58.49263795887532],[37.43105224438151,58.422762548486055],[35.651550483873976,58.30830379983477],[34.122326619857,58.1946523050718],[32.703765122493785,57.95736786987922],[32.18336082828342,57.699720662873084],[31.60726583900381,57.431753795578715],[31.99777497042233,57.189153090029386],[33.383825674920075,56.93954969510757],[33.0716024382356,56.912261616938125],[31.13129855808417,56.95263474486947],[30.833381924482417,57.08872757459677],[29.705071462037218,57.16948516218896],[29.455005333298296,57.32893252093018],[29.973720879518233,57.39106327480399],[29.78674919012986,57.54585947364006],[30.646830001067663,57.7789852045156],[30.092192028237953,57.811506939173036]]],[[[98.42127462447087,49.55278513958683],[99.49521434052154,49.008500342648695],[100.31932342244147,48.438637394366026],[101.46194569566818,47.839451618141254],[103.64987786489851,46.75113704523824],[102.31978642531553,46.95754459549626],[103.04363318860521,46.042156181028304],[104.56189352860856,45.37398302308111],[105.08763397535228,44.90933526112054],[104.0644835215047,45.31061125466193],[104.1841637898088,44.79441649327578],[103.40091655281718,45.35365912930759],[102.71764986322863,45.98963371778004],[101.77407984807401,46.677474304487966],[101.3265505500965,47.14901170952857],[100.25463819093581,47.96224857686878],[99.01952168300899,48.543223632391395],[97.91920304007319,49.3270850450272],[98.15938163695661,49.58486197731583],[97.48337851708239,49.84126280546645],[97.66560923002038,49.918339293772796],[98.42127462447087,49.55278513958683]]],[[[-105.35825750484673,55.757713562884504],[-106.10945671647112,55.52994241762101],[-105.98034665243591,55.43719902444979],[-105.30456338261472,55.70555154693916],[-103.83177310717032,55.651108551382386],[-103.67460416907272,55.302048806149706],[-104.76208393137101,55.13515004845933],[-105.88275526873021,55.09512101374313],[-106.99374920227447,54.709512844975784],[-107.47628412986627,54.62560785037744],[-108.02437620389186,54.63770588977266],[-108.1014665375551,54.77777581983451],[-108.59066794220061,54.893589976106874],[-108.23218073027684,55.063586540346535],[-108.66787241080627,55.12698121356618],[-109.51530300969259,55.07673750215611],[-109.44306017573483,55.21171274966903],[-108.88037961809736,55.35313702189629],[-109.88660539327664,55.262977427695795],[-110.15816281695176,55.082012651143714],[-111.0025447556566,54.91601529269282],[-106.4022299438124,56.37141447305072],[-105.81077726844242,56.11033709702377],[-105.35825750484673,55.757713562884504]]],[[[-103.49521204301469,56.992895519933306],[-104.31839620696152,56.97414300260016],[-103.57426325688657,57.181727695086934],[-103.45531191659366,57.19422865681083],[-102.97008092645488,57.19360580938831],[-102.44379496761461,57.10774580391959],[-102.64001999336176,57.06628164344389],[-103.49521204301469,56.992895519933306]]],[[[24.514873248908447,44.797888901239105],[24.662907049191258,44.96401314252291],[25.223126591918717,44.820242766841304],[25.46627807765772,44.79368388644865],[25.598514495106475,44.6605349275159],[25.715025709137638,44.63994780292896],[25.737261857533785,44.58139877870976],[26.142648751905543,44.41753734653742],[26.881858019727588,44.45837427928592],[26.807230419608278,44.214739257673564],[26.031932495021906,44.09575902493278],[25.132338648634,43.69511491961647],[24.684303966978064,43.836550364546284],[24.764405549258065,44.160913450418654],[23.907220789445738,44.361276859642174],[24.00391464859061,44.49181909296827],[24.648236150162308,44.71682819857668],[24.514873248908447,44.797888901239105]]]]}},{"type":"Feature","properties":{"admin":"BHS"},"geometry":{"type":"MultiPolygon","coordinates":[[[[-64.52850966593915,29.148327016567197],[-64.12382457336092,29.224621508465933],[-63.59246117940187,29.196021155294638],[-63.634302731286326,28.947645323546972],[-64.5666975721753,28.79434884257136],[-64.52850966593915,29.148327016567197]]],[[[-63.49201281796811,29.386461322379525],[-62.96126574423812,28.957214992001884],[-63.279167829268545,28.273665902461868],[-63.39831036617146,28.39741416473934],[-63.254411219468636,28.89977691758584],[-63.519975653961914,29.277176427936908],[-63.49201281796811,29.386461322379525]]],[[[-64.2784788463017,27.62435610107043],[-64.04087277232931,27.585048364391472],[-63.949290513722275,26.770814106073534],[-64.07826230216686,26.196352695850074],[-64.29234931226229,26.14690084496609],[-64.36933581664277,26.71768136048919],[-64.60987842489362,27.002879449411544],[-64.2784788463017,27.62435610107043]]]]}},{"type":"Feature","properties":{"admin":"FLK"},"geometry":{"type":"Polygon","coordinates":[[[-42.82943765323198,-48.49330172615771],[-42.202553612775844,-48.13966477719812],[-41.517448828995555,-48.287660882314114],[-41.23431797921461,-48.05042282262819],[-40.517716241114165,-48.317149086823065],[-40.60773577310238,-48.522531126894705],[-41.4459620468362,-48.6971318708874],[-41.8846706461754,-48.49330172615771],[-42.31677375748143,-48.75503678095151],[-42.82943765323198,-48.49330172615771]]]}},{"type":"Feature","properties":{"admin":"NOR"},"geometry":{"type":"MultiPolygon","coordinates":[[[[8.07110202634732,59.11078429277861],[8.25180033713545,59.168850053130676],[9.029969016664904,59.174653625967395],[9.726126399521661,59.11551564105819],[11.548706722453492,58.98265664182291],[10.232893059964418,58.908961331104024],[9.996494100515317,58.76454777803619],[9.537396556491055,58.726133321820285],[9.348189623166641,58.550870124378015],[8.69319940230045,58.542364456879255],[7.477244802382749,58.67279427617865],[7.945137398450132,58.74608738235711],[7.115451822047651,58.804293057776746],[6.020058946317138,58.96661113258588],[5.56786970568582,59.10699604031576],[7.001890857750939,59.16791044032079],[7.312744023506508,59.10837950863661],[8.07110202634732,59.11078429277861]]],[[[18.268801310522296,56.56874130085368],[17.34308251241174,56.43614208200937],[16.88319106120338,56.40535322858817],[17.00616871046737,56.63668549403712],[16.185747726760518,56.76457912569073],[15.334444817808404,56.65574385719885],[15.164762872248483,56.41450065916796],[14.670795423293313,56.26506742957085],[13.997969555469268,56.347031672254275],[13.232447237274796,56.330312361997265],[12.504194483448751,56.50701035354754],[12.185600219023383,56.41922550754029],[11.824635173249025,56.405474431597675],[11.820493452082255,56.182016850304095],[10.68155035571913,56.237007815884525],[10.587039298157782,56.04424819112104],[10.013230055515518,56.045433642176334],[9.692210768598953,55.792597656686816],[9.198157389234398,55.383977975177196],[8.376514172182183,54.839792296214256],[8.632511929156264,54.70333750937344],[8.451726536141878,54.54292219545604],[7.832582273391155,54.54989267616831],[7.501181511701459,54.16145934211365],[7.6435418032039095,53.58979362513593],[8.092480340624146,53.364925590137666],[7.974222288275618,52.82901694329178],[7.485467594690172,52.50730690003329],[7.238491455555397,52.23163210761405],[6.757345727173966,52.52503973154232],[5.531146802043223,51.967531821626544],[4.661892878106185,51.85217537311612],[3.728841453931926,52.101787133199196],[3.456853730237241,52.61639324322518],[3.1763265308053934,53.66467330861044],[3.737450714889199,53.943271669557106],[5.359685643338,54.297782114154245],[6.526038334966665,54.719650207011256],[7.548999307768649,55.264946819791646],[8.833462445502255,55.97394199954744],[9.757157681529437,56.23557565752283],[11.23778269361364,56.65320117256636],[12.465364764376245,56.793507583271264],[13.432258239963957,56.77663869270491],[14.196273924683183,57.03508075701896],[15.257963370306928,57.02153769904934],[16.2628528945736,57.08229965809947],[18.20840571692592,56.85623961493316],[17.50836662842066,56.771606869729055],[18.268801310522296,56.56874130085368]]],[[[14.56540090540505,59.17557725749473],[13.834717529202374,59.08357280941839],[12.298459661703037,59.062824096158124],[10.709027925671982,59.092134353869156],[10.591445888875144,59.13957075763877],[9.826262699284808,59.142545359364945],[9.211893751142632,59.21872459249512],[10.827528016406566,59.26340544236364],[11.616508405236635,59.225005241036534],[12.126173208024273,59.27268174432114],[13.488448949587301,59.2330119877907],[14.56540090540505,59.17557725749473]]],[[[13.37700580222519,58.77002976923442],[12.212052697354155,58.68626373940054],[11.23109970783129,58.73413379607069],[11.57907010628116,58.78634781819117],[11.22165273985082,58.849569107423996],[12.31821453989334,58.88837009176383],[12.571914930482407,58.81513281995457],[13.37700580222519,58.77002976923442]]]]}},{"type":"Feature","properties":{"admin":"GRL"},"geometry":{"type":"Polygon","coordinates":[[[-24.42173913590757,59.54996715999674],[-22.590624102227288,59.62137810850868],[-20.769627790510775,59.61620532652477],[-20.065347303597143,59.65763390427725],[-18.219948341402166,59.668053471333714],[-14.081695642118264,59.65441596970365],[-10.87984405258461,59.56218009279979],[-11.871069608311089,59.51364070772859],[-13.8762317364012,59.5079382753423],[-16.70294098961946,59.49516888836993],[-16.45781388219792,59.4714269476591],[-14.592081021791538,59.486154870193445],[-13.043021181124917,59.43942458245093],[-12.000288643499582,59.48101935272033],[-11.591352967535922,59.432141195180066],[-12.215733848053128,59.348381154195565],[-10.845917338087505,59.40256371159252],[-8.271353069865034,59.45665613055001],[-6.707164485041635,59.429961883013796],[-6.430578657130949,59.36887102415294],[-8.621095785660643,59.26054524255902],[-8.935082113018495,59.22376360941817],[-10.643661544461647,59.19555145877748],[-9.417419550221991,59.18764116120559],[-10.095387649936251,59.06282197159986],[-10.580741115614433,58.94460432559255],[-10.664365650682331,58.726262486338456],[-10.07185733695698,58.58905036646382],[-10.927675757182413,58.58014460386661],[-11.858703234576154,58.51105250240908],[-10.90266832505539,58.391850874905735],[-10.860743391556893,58.19162490575333],[-11.463480508791058,58.16914917134102],[-10.835837616249218,57.9539167102535],[-12.086940105089008,57.93544390253031],[-11.48429968099046,57.82931571062653],[-11.709999963858548,57.73522587364743],[-12.524763901492564,57.69334087790719],[-13.312450151529383,57.692547370782876],[-12.692096881504005,57.50500534653782],[-12.742672579389902,57.3779880269981],[-13.814406534773612,57.49614403735799],[-14.146137074210685,57.42000219199449],[-13.41046912398343,57.347908330572444],[-12.74170963390205,57.16775565605712],[-12.62957162518545,56.92190155275138],[-13.692201811252406,56.86164842760255],[-14.083455833604297,56.981639053720265],[-14.71101068454365,57.15635885809926],[-14.617640454884958,56.94941260296577],[-15.376308131733026,56.78439191509822],[-13.84543313022633,56.77089092025366],[-13.048631530045022,56.75350254878742],[-14.749033093489023,56.47003950998113],[-16.488451708094043,56.20377904427401],[-18.29457893650441,56.08424643980285],[-18.95325853401411,56.082764920799605],[-19.65073798790633,55.947354122674355],[-20.715299886385466,55.56526360193344],[-22.182514887621036,55.30267920871467],[-22.614007076876916,55.287013671611994],[-23.487723948347437,55.193183446900704],[-24.42766388125849,55.10309041293127],[-25.116728397127922,54.86078914132877],[-25.310845561776517,54.5795126883595],[-25.801772232032118,54.309618513208854],[-27.04652664231339,53.972303080755],[-27.007927756351027,53.63397637175394],[-27.5244423306636,53.26636726837747],[-28.12750969188373,52.819628522533],[-29.058831764727834,52.79127843552934],[-29.772180423409385,53.166556643643524],[-31.05718489064738,53.16889308514116],[-31.506276857144005,53.41549177548431],[-31.616357266050596,53.84389607927344],[-32.295932575549884,54.36953149802695],[-32.39170313608538,54.6360159334786],[-32.17106520372161,54.993388772508084],[-32.70248196355739,55.348398029331065],[-32.229713760182975,55.623022180009485],[-32.51112774423043,55.75159456358348],[-31.520665594043113,56.16491319683278],[-30.504173049315515,56.29230027856142],[-30.135752426471193,56.43310359405864],[-29.764552824029117,56.68925918427979],[-30.54740864791047,56.57425035437776],[-30.915872179838992,56.52539271233789],[-31.491955397033873,56.47827618601467],[-32.10340027073261,56.5857321585083],[-31.912219308132883,56.80433534772647],[-31.5070880431773,56.97078143156593],[-30.964781933585535,56.97524090833738],[-29.865353105088708,56.89260500801415],[-30.659253292912744,57.08817811927692],[-31.06450689855542,57.19111973221084],[-31.68378231929654,57.149036373016486],[-32.081554209467186,57.223010956517115],[-31.138438376856346,57.49285820959057],[-31.36475265232826,57.59705192769409],[-31.592724647065236,57.784912912058616],[-31.932313224852745,58.059075277879145],[-32.51835003566262,58.155179618595845],[-32.38126883034459,58.25619155980362],[-33.67762922815064,58.39283576284784],[-34.82090274430839,58.40947119675522],[-36.30264063014634,58.40026584419482],[-37.669377026673224,58.38344020157938],[-38.194070052185666,58.45575964464111],[-38.92240528808243,58.59398003665186],[-37.385532903784465,58.66080308636008],[-36.274424570567696,58.67187418459893],[-38.51089797449976,58.72572118374251],[-39.592351613224174,58.80812143413475],[-39.387823590902514,58.88409542502145],[-37.20089434643724,58.97486607579196],[-35.10077433132649,59.06182317385621],[-34.79492407613359,59.12520071313788],[-36.13343172304422,59.18567102732923],[-35.565054771707956,59.250363179600164],[-33.56474097687316,59.35745976549985],[-32.77397285331723,59.37319317322655],[-32.89457905137678,59.43713257938534],[-31.597244881928958,59.47305190661065],[-29.955731941630145,59.493949840318805],[-28.345021041836223,59.4951188904001],[-27.82870060301943,59.45336390310062],[-26.345814383251845,59.526122278002966],[-25.156381428116397,59.477231577236964],[-24.432873953723583,59.466628853382],[-23.393364661338456,59.421823988737685],[-24.557387245086716,59.49514125820663],[-24.42173913590757,59.54996715999674]]]}},{"type":"Feature","properties":{"admin":"ATF"},"geometry":{"type":"Polygon","coordinates":[[[49.53171397488333,-46.529669761649096],[49.870953125374264,-46.72828684508504],[50.49813519323839,-46.806692720964215],[50.44675113256586,-46.925423314788205],[50.06328076129003,-47.207564943893175],[48.9441208856872,-47.24761920758439],[49.1361514417949,-46.91762863299304],[49.40327745592313,-46.65909681286832],[49.53171397488333,-46.529669761649096]]]}},{"type":"Feature","properties":{"admin":"TLS"},"geometry":{"type":"Polygon","coordinates":[[[107.04761332977965,-10.245164946228451],[107.18070900525106,-9.97726058594426],[107.9485768769264,-9.72168710828277],[108.55102696944297,-9.683180336156985],[108.83545254400883,-9.541033798299944],[109.14362050752587,-9.68212224548506],[108.79152714771452,-9.990178988852369],[107.83732581720794,-10.48703365934384],[107.07869007866402,-10.812369557018906],[107.10668108921884,-10.468870036413849],[107.04761332977965,-10.245164946228451]]]}},{"type":"Feature","properties":{"admin":"ZAF"},"geometry":{"type":"Polygon","coordinates":[[[13.255137978161105,-30.831571621727022],[13.672479843762336,-30.370033432785462],[13.97712451971967,-30.625959458146376],[14.08796165401444,-31.02357660180243],[14.446895765557818,-31.091083449661475],[14.943804653135494,-31.265921211464438],[15.383510295122981,-31.198462677618554],[16.141880117492782,-30.723988655923364],[16.38282433797318,-27.19158715014763],[16.595853552094898,-27.33873760944898],[17.022163668488176,-28.262992755024428],[16.906112803457894,-28.84943408237009],[17.06465020096305,-29.1850954874463],[17.657027280734805,-29.087739536103726],[18.09781326403561,-28.660180295089674],[18.507320574798065,-28.37049324730312],[18.742521478500645,-27.90674563742762],[19.159980938534588,-27.68127091627604],[19.497403389287197,-27.799499461903565],[19.86854298846606,-28.07144628055056],[20.532548446315886,-28.11935606780924],[21.076056028741515,-27.893492602623905],[21.184199976623933,-27.589775188642506],[21.36684502945042,-27.12150503024325],[21.821431858996817,-27.042877177590682],[22.09942121215956,-26.67279906801066],[22.427425119953423,-26.011878880192132],[23.229809729955463,-25.26480822410056],[24.463124753039104,-24.521159847833175],[24.800396501609733,-24.53221752407282],[25.188455250955833,-24.70383242662682],[25.478480847502116,-24.58225072785008],[25.911642823508014,-24.683485244403077],[26.183228209350442,-26.096143335035745],[26.33118325705871,-26.799823653955702],[26.075616897178328,-27.891032707995436],[26.109648037350357,-28.239015795971792],[25.713986759062195,-28.061730393974194],[25.469760945174063,-28.130765427223967],[25.363631547988774,-28.41217085286241],[25.102768598209277,-28.773318686932495],[25.075803340935103,-29.104270752555465],[25.50729372839247,-29.6198477465632],[25.99601560703797,-29.517481222638306],[26.209220686357664,-29.094697824235066],[26.828133981410897,-29.102692386502216],[26.545082756592443,-29.79422706990927],[26.356678396525453,-30.574692667525845],[26.095844458713316,-30.994732365894944],[25.486414000733443,-31.46128697909152],[25.31215354680287,-31.59421997520768],[24.912845734592484,-32.0589172991525],[24.63003088154578,-32.52525632023807],[24.093108690432917,-33.16928240101339],[23.072179817503518,-34.083781662907235],[22.44241454994294,-34.6084389346124],[21.79181288955501,-35.002883207786205],[20.920988683016887,-35.336836977718285],[20.511795111204293,-35.38150502333672],[20.380324385468935,-35.61888587322349],[19.91513551372843,-35.49264709618665],[19.50423088609175,-35.65515336668847],[18.66630600923092,-35.49061416803308],[18.17548750877867,-35.59481085268679],[17.852987347473867,-35.550112906265],[17.00224691375225,-35.88618700593732],[16.31482884247958,-36.02034172243775],[15.795896435030077,-36.339086851282005],[15.435945080014235,-36.359279843147476],[15.1316674969354,-36.05876034190878],[14.866661026142497,-36.04329218197297],[14.561172119293035,-35.66427106124921],[14.513331645339976,-35.782296933990295],[14.428561364996126,-35.553247035105976],[14.476529024300447,-35.049897727835635],[14.26685676394299,-34.46844283048693],[14.536846124245104,-34.309260591057594],[14.57051377593416,-33.63330168481688],[14.10935419979779,-32.79755385822505],[13.75919680624948,-32.03037450701832],[13.758156212842932,-32.02792481214039],[13.255137978161105,-30.831571621727022]],[[23.461598108912927,-31.182888978863183],[23.139128676428903,-30.89736746705515],[22.740090513836062,-31.0865376888256],[22.262951418041666,-31.447777926053043],[21.77001988918156,-32.02792481214039],[22.29606186706175,-32.72498115466899],[22.593973848894795,-32.63539366227101],[22.775279702845662,-32.346394923118744],[23.240526192057793,-32.204617956713484],[23.412065244389545,-31.907285584051046],[23.71096404318607,-31.46128697909152],[23.461598108912927,-31.182888978863183]]]}},{"type":"Feature","properties":{"admin":"LSO"},"geometry":{"type":"Polygon","coordinates":[[[23.461598108912927,-31.182888978863183],[23.71096404318607,-31.46128697909152],[23.412065244389545,-31.907285584051046],[23.240526192057793,-32.204617956713484],[22.775279702845662,-32.346394923118744],[22.593973848894795,-32.63539366227101],[22.29606186706175,-32.72498115466899],[21.77001988918156,-32.02792481214039],[22.262951418041666,-31.447777926053043],[22.740090513836062,-31.0865376888256],[23.139128676428903,-30.89736746705515],[23.461598108912927,-31.182888978863183]]]}},{"type":"Feature","properties":{"admin":"MEX"},"geometry":{"type":"Polygon","coordinates":[[[-93.25847902338595,34.40213085743487],[-92.3182920065102,34.469401740441974],[-91.2581647227764,34.563932563192786],[-91.42159749617555,34.39334130363163],[-90.43537453588344,33.96684686014798],[-88.9160411848099,33.34280172499018],[-87.32040886848817,33.34923409649817],[-86.68517306776054,33.349483536292844],[-86.51210571151844,33.71585778126623],[-85.12759388604428,33.71556221571099],[-84.98075780401761,33.40088866092131],[-84.69844860968334,33.11881742655572],[-84.3957628101197,32.72400286462964],[-84.3320016360327,32.2515734607129],[-84.34092707800895,31.750122355042198],[-84.03635567144252,31.47289466453051],[-83.47542916347979,31.196204431058305],[-82.67484725025669,31.922114528456525],[-82.00812210895539,31.93973928533655],[-81.5849991693251,31.5746851086207],[-81.42372555244268,30.94251084984964],[-81.34743350788871,30.396103021998602],[-81.0614325350506,29.86019652899002],[-81.1140834311446,29.196021155294638],[-81.03739739641769,28.74637361451772],[-80.49714079967846,28.448184834842227],[-79.98381175963567,28.235794276666866],[-79.65471968040177,28.264791376246656],[-80.24077075337591,27.41131945034962],[-80.59800416858963,26.704052305376873],[-81.0396714058863,25.370121230472936],[-81.25344346438511,24.878336012100267],[-81.25559445480309,24.32556751392147],[-81.12489465526552,23.82840171042183],[-81.15474927413729,23.031949174932087],[-80.78090557778646,22.260898910514083],[-80.71908534655878,21.665772444205604],[-80.50284912205353,21.149345605888833],[-79.66989871708743,20.869974542144778],[-79.41269429221822,20.427926764484095],[-78.61571023080872,20.72343201468881],[-77.95340167657166,20.830027065414285],[-77.28611210977236,21.01944026219208],[-76.72099233167089,21.199871160557308],[-76.0994809809823,21.62783881393868],[-75.77154127197431,22.236445226545076],[-75.51183317308069,23.10627236481675],[-75.29939143196157,23.407049050385552],[-74.67311279679235,23.675638610899107],[-73.73751898215349,23.91286586699662],[-73.00824614372816,23.87728480202919],[-72.48347691514182,23.963785678313467],[-72.33253270474117,23.7470824219061],[-72.46998505596139,23.25285057372826],[-73.05063353099236,22.639157332875342],[-73.38130884740474,22.006442008473282],[-73.2638861910943,21.824703511684035],[-73.47984319949087,21.37214914117109],[-73.84876660593841,20.55009745927526],[-74.01022140331814,20.821386533488827],[-74.18950428250565,20.803803674182078],[-74.3518908788288,20.789927098182115],[-74.7739924137611,20.15102238007626],[-74.90327640777576,20.27655010327426],[-75.01428718511505,20.227716742103446],[-75.03683752878257,20.07150203393968],[-75.81314617389201,20.08319494526839],[-76.5993249492269,20.08135615962045],[-76.71159052457264,19.481731953373743],[-77.09280328725022,19.479082110405596],[-76.84356753545634,19.12210782768813],[-76.57532025189785,18.874352095444813],[-76.52212830506666,18.641443976034807],[-76.39654051146366,18.576157514969903],[-76.48042228401502,18.209023099538694],[-77.5660569506457,18.205787172480967],[-78.11950515107185,17.32253986273274],[-78.03168777958689,17.119191294419416],[-78.17025124631179,16.86357310246816],[-78.24019140006196,16.54535803674531],[-79.01150991192164,17.717714128193375],[-79.38808665769598,18.06923115101931],[-80.02917974185432,18.350827941240876],[-80.51517957981332,18.272445876656025],[-81.265783773326,17.865764352096235],[-81.71084192166227,17.758991612250636],[-82.2580527202772,18.044259942022034],[-82.85471116188863,18.24977524529211],[-83.55255136405815,18.743888692459254],[-84.15671849362482,18.89440827717489],[-85.01362009693194,19.39242224581927],[-85.61384292331108,19.90214229857661],[-85.7662915907341,20.185934766261482],[-86.22357970222122,20.249231686529154],[-87.01041424839913,20.584443316725235],[-87.2515743216372,21.065761180293986],[-88.01302778666899,21.661339524849872],[-88.27110752632683,22.31894385604639],[-88.34165455251728,22.824061986186162],[-88.0368012611489,22.9249159089177],[-88.04571959851762,23.218920468704727],[-87.78304696988688,23.485522807986015],[-87.6832161056069,23.839733888735303],[-87.83726203491159,24.297563706477334],[-87.79759369724913,24.701269813265004],[-87.92725209476885,25.21050259942658],[-88.35288402087937,26.204325691109702],[-88.93283234896235,26.976595629372024],[-89.12687230420624,27.58730596105922],[-89.69328056441572,27.984555414870496],[-89.75974397118807,28.221177646269982],[-89.41779786871831,28.81634296631152],[-89.7513793004172,29.039627086810544],[-90.05664592977507,29.502474100548362],[-89.99961174307695,30.161486848623266],[-90.4062355340443,30.23790127472891],[-90.67510659482829,30.730366883280663],[-90.86353547845943,31.181790553998912],[-90.77397243879035,31.46999042091907],[-90.90065342268149,32.160119053316244],[-90.86468319913084,32.852550694469585],[-90.68847308794435,33.196711013327025],[-91.09560771059044,33.549906911688],[-91.38179063866917,33.51122594849709],[-91.71661569381686,33.75538005750737],[-92.02414265796322,33.39513434089076],[-92.10066560675945,32.96634564644495],[-92.34326333088873,32.28875470198685],[-92.2394925734244,31.91337508920289],[-91.9219554737226,31.28083042139038],[-91.88310644600236,31.063109073765773],[-91.78838814107603,30.996937719284073],[-91.81742625929036,30.677570542026906],[-91.66771981232716,30.690526818908015],[-91.75518504717508,30.08658687365898],[-91.60505726238316,29.846802472450076],[-91.56489151675373,29.511597224057713],[-91.23986251369018,29.02685808222405],[-91.30184015826548,28.131867337873434],[-91.21083823458048,27.706517930621928],[-91.1425525768823,27.24866441351673],[-91.27387763211492,26.729963886258],[-90.88703479263968,26.697343987228876],[-90.70401831388281,26.247444698878947],[-90.54642531304226,25.802786666440625],[-90.6228159631852,25.623745942044174],[-91.08588913755082,25.25527550486278],[-91.23130238998671,25.26010735026975],[-91.25853611017915,25.868970333522626],[-91.6150461934486,26.43567859408112],[-92.04916609738315,26.913130550082165],[-92.38439300689268,27.16276720072192],[-92.10363141622304,27.877275375850047],[-92.03563203651134,28.40190351972806],[-92.31382385608161,28.700247632837794],[-92.71142981105328,29.127508495662717],[-92.86727423677688,29.004526890410343],[-92.97595938540631,29.2532707313491],[-93.38782833805364,29.48346358126125],[-93.64396970041689,30.03247759348821],[-93.55512052071309,30.103503106426675],[-93.24210345262794,30.050137483685063],[-92.79418017753949,30.400787077710568],[-92.58516655566696,30.821720952872475],[-92.91945303716436,31.48161668088941],[-93.27888979798952,31.73583322257638],[-93.31270021553131,32.30519273882252],[-93.32778837499278,32.89709803623269],[-93.34468756030863,33.61035231412775],[-93.25847902338595,34.40213085743487]]]}},{"type":"Feature","properties":{"admin":"URY"},"geometry":{"type":"Polygon","coordinates":[[[-46.392314617057906,-32.3373973917913],[-45.89209679438952,-32.24063366360344],[-44.92338234208315,-32.93894414729663],[-44.63114034893378,-32.912736048611954],[-43.67236307801665,-33.48498626800285],[-42.92963254932176,-33.97398370424589],[-42.32552974019189,-34.569886010148736],[-42.57445870857637,-34.981323900722984],[-42.23200051378505,-35.46829012734952],[-42.43485708967399,-36.00311181502322],[-43.19753390035225,-36.47129649334855],[-43.82493780006216,-36.303369207937244],[-44.22560167448967,-36.39343781540418],[-45.05565213035921,-36.03157764522754],[-45.582671635382525,-36.05871637883791],[-46.19672538115485,-35.58885578364564],[-46.28901584596818,-35.034156525809934],[-46.168956231938665,-34.84166245325112],[-46.405688862878804,-33.97157139322473],[-46.42051924864005,-33.05860482943069],[-46.392314617057906,-32.3373973917913]]]}},{"type":"Feature","properties":{"admin":"BRA"},"geometry":{"type":"Polygon","coordinates":[[[-42.23200051378505,-35.46829012734952],[-42.57445870857637,-34.981323900722984],[-42.32552974019189,-34.569886010148736],[-42.92963254932176,-33.97398370424589],[-43.67236307801665,-33.48498626800285],[-44.63114034893378,-32.912736048611954],[-44.92338234208315,-32.93894414729663],[-45.89209679438952,-32.24063366360344],[-46.392314617057906,-32.3373973917913],[-45.59512516029215,-31.08773412035234],[-44.86694905619404,-30.182193856602968],[-44.39599560005598,-29.79857310859328],[-43.808668790946506,-29.275569708167975],[-43.93152469586279,-28.510684003088336],[-44.441753650741745,-27.952558269640573],[-44.815347455969885,-28.138320628765502],[-44.7525974645953,-27.577423338858665],[-44.73951348727649,-26.998120028453695],[-44.82845345685489,-26.455538541149153],[-45.154849072441515,-26.275637157300356],[-45.4384935330052,-26.435985694363012],[-45.753626510050935,-26.39204908066834],[-45.91279347348758,-26.009563092255487],[-46.135129648392756,-25.09158067396009],[-46.33683211773997,-24.790136570363504],[-46.939648126916474,-24.516075250056524],[-47.24838712364091,-24.714501051305195],[-48.15575277804811,-24.520006635256067],[-48.308583877915424,-23.132204193224982],[-48.63737335865519,-22.55760397145512],[-48.40573951825658,-22.343080459298204],[-48.56683465340773,-21.749050914492333],[-48.397339316907356,-21.28996740776068],[-48.352662825900694,-20.45949430957346],[-48.630934490281525,-19.799354951803487],[-49.12645755154342,-19.499942732049806],[-49.265773644142875,-19.077776934474276],[-49.21128007188878,-18.45711371248284],[-50.83623573926344,-18.412616795434335],[-51.29878982610833,-17.151124654705928],[-51.053419380029126,-17.13295000445817],[-51.11270181441373,-16.662506400577165],[-51.30987858638334,-16.343052387868486],[-51.40863361701694,-15.7084094056471],[-51.932931438525806,-15.381705003027822],[-52.466750689590356,-15.392532291576686],[-52.848648821759355,-15.071920915364338],[-53.444008794136714,-14.852802742566215],[-53.816570913457,-14.438747302148089],[-54.78683162700103,-14.255479776446986],[-55.79973549311514,-13.25732851470813],[-55.79259490597912,-12.506435722331027],[-55.931249104731826,-12.074455677966522],[-55.90236422018573,-11.229481020293209],[-57.007975515870605,-11.420718630900428],[-57.42676074290215,-11.844097322854067],[-58.138056281357116,-12.300006574385986],[-58.300603917498655,-12.639560311599139],[-58.73823775947578,-12.664075576696007],[-59.381232450835476,-12.569125166668133],[-59.84632629252082,-12.762278273127519],[-60.24595080838766,-12.633532766026875],[-60.32607727420386,-10.922089645963608],[-60.97695977967034,-11.587824273065658],[-61.73399221356918,-11.558681511366192],[-62.10474856319984,-10.956117440793285],[-62.677813574080204,-10.890513216701613],[-62.53318650744008,-10.404056181100156],[-63.05796333553517,-9.712986994016688],[-63.48116300571602,-8.6863368314218],[-63.26733283800722,-8.477424608846444],[-63.296060416464144,-7.994163538265571],[-62.795004455538056,-7.6634478422469074],[-62.91214287205105,-7.042979014219439],[-62.71167314514659,-6.643122128142192],[-62.67276220469069,-6.106086420365473],[-61.719742636299166,-5.321595025424205],[-61.02242461673088,-5.099566279610057],[-60.91284549546108,-4.926008950222418],[-60.13574012578553,-4.98018912957392],[-59.81882094540236,-1.805971335123838],[-59.803533264802745,-1.3028710287992222],[-59.94259809898544,-0.6383588559120037],[-60.325941391912814,-0.21491036458110518],[-60.32042012894615,0.6284031926278717],[-59.83433825160138,0.8196018460616661],[-59.662655886976104,0.699474513530121],[-59.630900279878375,1.1439724371982312],[-60.13475717896972,1.263956935562683],[-60.137741213702625,1.9898234221765523],[-58.45977903949224,1.9639031440941577],[-58.169435350249806,2.3636096155064266],[-57.93518293763414,1.995847051725189],[-57.77432764112738,1.3115650328064545],[-57.61051847994932,1.4545625890090303],[-57.140587366299926,0.8408314866960491],[-56.470358789708975,0.9160350666418722],[-56.3012479464302,1.2711520086859653],[-55.65827873566176,1.5420032313744627],[-55.301756755170196,1.7323943554908714],[-55.19584383895784,2.2235596231788173],[-54.575955049026206,2.5534166972057175],[-54.618677419913226,2.7969900414882596],[-55.34651393319579,2.8965676522028363],[-55.45177152453285,3.625905105345779],[-55.39832349885312,4.401410737262062],[-55.77525358794195,4.700988084437939],[-55.61093087948908,4.807304332264705],[-54.97809608162811,4.659494388922767],[-54.301545301788536,4.3706164641639935],[-54.045869136818446,4.643821442924043],[-53.42212118591116,4.8230622210209955],[-52.44722578436083,5.255231678343704],[-52.11892014204308,5.695383525798438],[-52.22192226485672,6.020534425733141],[-51.77315114582126,6.071451678885864],[-51.58193040660958,5.805989821157032],[-51.709618206088145,5.299654620655992],[-51.41914792513642,5.124859158532676],[-51.23634945308775,4.5881713636240145],[-51.48503606892719,4.180913464479356],[-51.64234178839875,3.1957042058304],[-51.431396241390495,2.6098980653681663],[-51.375937938553434,2.0734243154385212],[-50.85144234090963,1.5292035811443334],[-50.42907693146628,1.4716485233654508],[-50.331896489589376,1.6988558364480686],[-50.05919870900807,1.7490281725188754],[-49.667409271119524,1.952456292844875],[-49.38386629097818,2.260858593062187],[-48.90861074406647,2.162501470741351],[-48.69855622889826,2.20402667874839],[-48.231334256437876,2.109109603594889],[-48.150980228569935,2.346025869229451],[-48.2924906465352,2.5764767695139987],[-48.2015437048301,2.912044679833424],[-47.85553735528894,2.8090853387078005],[-47.447170018764055,2.927551535754774],[-46.957377530124425,2.6820089654929826],[-46.584383087175475,2.442897805406448],[-46.31368779271208,2.7571675062836074],[-46.121715535275186,2.7087197665299327],[-46.008405339984,2.3824207629582697],[-45.59502544779531,2.4652720131471977],[-45.259169160837885,2.9054880082536214],[-44.98086580979069,3.758200482339822],[-44.44970325294044,4.816256926662822],[-44.15531494167492,4.870838669808565],[-43.95636329921944,4.231676651615723],[-43.50432635879848,2.206393238153194],[-43.045574157627684,2.014963812098414],[-43.02835248592733,1.2141893938555288],[-43.679633748578254,0.25881690310305383],[-43.411796721052156,-0.09105126790659643],[-41.88873861973042,-0.27333127277527164],[-41.85316571381983,-1.4365146725140578],[-41.20243721262703,-0.6750638916984312],[-40.1167198226425,-1.09216191848374],[-38.68159990637616,-1.8006972475012215],[-38.25514717314559,-2.480216455234662],[-38.38889923421592,-3.1216627403760744],[-37.3918774731616,-2.7645921486395935],[-35.70860505840955,-3.377269489365597],[-34.42281935886363,-3.332151431016547],[-33.13684938739467,-4.289782846504492],[-32.01537375017487,-5.583376608528554],[-31.346292234662762,-5.915851597750541],[-30.610029564414535,-5.962048961662963],[-30.291012001124177,-6.325252736107313],[-29.96532225537808,-7.787523952296061],[-29.80422454803507,-8.479964541594766],[-30.086596901719027,-10.362731667347662],[-30.49520822309469,-11.102104306933725],[-31.634736529654646,-12.66894369255453],[-32.117014855098475,-13.932100373682843],[-32.69552723876856,-14.894262245908731],[-32.90703523294901,-14.915872795946647],[-33.0967734614251,-15.727570966039922],[-32.90276133612397,-17.773662249538056],[-33.015250527707764,-19.4323231378607],[-33.048397809582056,-20.13461736004539],[-33.27946418039153,-20.552720399870264],[-33.30367758012124,-21.95696820298948],[-34.019389110100036,-23.309061156559345],[-34.04917421641483,-24.364826471277823],[-34.67272392665683,-24.8040331964618],[-34.79666944067543,-25.407752539156423],[-35.697301353630756,-25.405367094426747],[-36.95194106759726,-25.79008990054474],[-37.476189527649744,-26.233202129734636],[-38.361578531499354,-26.522811496893237],[-39.21861650436594,-27.3066586631278],[-39.76514813328722,-28.271583392801528],[-39.76736245146951,-28.989453006857065],[-39.54305255152206,-29.51556898012238],[-39.5286298761065,-30.467347156249424],[-39.629947095289566,-30.922082554187824],[-40.099840440414575,-31.430982225061143],[-40.66926039603028,-33.0298594722248],[-41.21835748122485,-33.736069236260235],[-41.66653994676495,-34.148191875929825],[-41.83090730182125,-34.97663596649981],[-42.23200051378505,-35.46829012734952]]]}},{"type":"Feature","properties":{"admin":"BOL"},"geometry":{"type":"Polygon","coordinates":[[[-59.381232450835476,-12.569125166668133],[-58.73823775947578,-12.664075576696007],[-58.300603917498655,-12.639560311599139],[-58.138056281357116,-12.300006574385986],[-57.42676074290215,-11.844097322854067],[-57.007975515870605,-11.420718630900428],[-55.90236422018573,-11.229481020293209],[-55.931249104731826,-12.074455677966522],[-55.79259490597912,-12.506435722331027],[-55.79973549311514,-13.25732851470813],[-54.78683162700103,-14.255479776446986],[-53.816570913457,-14.438747302148089],[-53.444008794136714,-14.852802742566215],[-52.848648821759355,-15.071920915364338],[-52.466750689590356,-15.392532291576686],[-51.932931438525806,-15.381705003027822],[-51.40863361701694,-15.7084094056471],[-51.30987858638334,-16.343052387868486],[-51.11270181441373,-16.662506400577165],[-51.053419380029126,-17.13295000445817],[-51.29878982610833,-17.151124654705928],[-50.83623573926344,-18.412616795434335],[-49.21128007188878,-18.45711371248284],[-49.265773644142875,-19.077776934474276],[-49.12645755154342,-19.499942732049806],[-48.630934490281525,-19.799354951803487],[-48.352662825900694,-20.45949430957346],[-48.397339316907356,-21.28996740776068],[-48.56683465340773,-21.749050914492333],[-48.40573951825658,-22.343080459298204],[-48.63737335865519,-22.55760397145512],[-48.696164030405605,-22.2374655974177],[-49.549360536208034,-21.703988630400982],[-50.32967510058809,-21.689179836929117],[-51.74704265015154,-21.99307904033795],[-52.01244640769764,-22.906343777491493],[-51.94729581468109,-23.460221107177706],[-52.07479231448511,-24.680973644895005],[-52.245695557731985,-24.46400995265262],[-53.20090969865373,-24.42204145873655],[-53.38202047698186,-25.23498287870656],[-53.999549743213755,-24.505487199190434],[-55.13095385016346,-24.258062539420038],[-55.65720298758106,-25.17244159694712],[-56.229442012373,-25.310199637547136],[-56.81202509511471,-23.913552236446712],[-57.45928878685254,-22.76052461544472],[-57.35934544407984,-21.75434437243299],[-57.868509876739715,-21.310803088884168],[-58.09570755330701,-20.55042427275355],[-58.61317559218533,-19.82868568480148],[-58.23957337140617,-18.67362847499787],[-58.719556076918714,-17.766158648275425],[-58.570262436817444,-17.401379712021686],[-58.770488918256916,-16.997822468356283],[-58.50248708105486,-16.452146527673033],[-58.58838376438171,-15.517622179558101],[-58.626650511416926,-14.741065321571353],[-58.480573349389964,-14.365786569471396],[-59.381232450835476,-12.569125166668133]]]}},{"type":"Feature","properties":{"admin":"PER"},"geometry":{"type":"Polygon","coordinates":[[[-60.13574012578553,-4.98018912957392],[-60.91284549546108,-4.926008950222418],[-61.02242461673088,-5.099566279610057],[-61.719742636299166,-5.321595025424205],[-62.67276220469069,-6.106086420365473],[-62.71167314514659,-6.643122128142192],[-62.91214287205105,-7.042979014219439],[-62.795004455538056,-7.6634478422469074],[-63.296060416464144,-7.994163538265571],[-63.26733283800722,-8.477424608846444],[-63.48116300571602,-8.6863368314218],[-63.05796333553517,-9.712986994016688],[-62.53318650744008,-10.404056181100156],[-62.677813574080204,-10.890513216701613],[-62.10474856319984,-10.956117440793285],[-61.73399221356918,-11.558681511366192],[-60.97695977967034,-11.587824273065658],[-60.32607727420386,-10.922089645963608],[-60.24595080838766,-12.633532766026875],[-59.84632629252082,-12.762278273127519],[-59.381232450835476,-12.569125166668133],[-58.480573349389964,-14.365786569471396],[-58.626650511416926,-14.741065321571353],[-58.58838376438171,-15.517622179558101],[-58.50248708105486,-16.452146527673033],[-58.770488918256916,-16.997822468356283],[-58.570262436817444,-17.401379712021686],[-58.719556076918714,-17.766158648275425],[-58.23957337140617,-18.67362847499787],[-58.61317559218533,-19.82868568480148],[-58.75955951517194,-20.373193707793487],[-59.15135814219612,-20.643297788816653],[-60.08608287934043,-20.034822749133546],[-60.22315941270925,-19.59790694846487],[-62.048489695949215,-18.521519803031453],[-63.725537531251156,-17.338018795397023],[-64.46613511355054,-16.666120365643952],[-64.92951737908693,-15.760372388002043],[-64.82747361452658,-15.443070759798442],[-65.7100695949488,-13.989443861642053],[-66.75368289756291,-11.923939316509948],[-67.74594513805576,-9.669892426960258],[-68.13345165791503,-9.150811022081948],[-68.45890903561848,-8.309730707825961],[-69.17092851257527,-7.562254679481319],[-69.80899396192136,-7.097696787570658],[-69.55766756964861,-6.584825172568174],[-70.02490004908056,-5.486299897885853],[-69.78837996804326,-4.677822973869485],[-69.12609251232615,-3.947683072947403],[-69.00893146962534,-4.429097368495652],[-69.24499144944716,-4.704271387494731],[-69.2060421859498,-5.127422766757178],[-68.85394502480968,-5.035496806499695],[-68.50167347542002,-5.160287853979567],[-68.11702921334954,-5.742679234869097],[-67.65005325248529,-5.2682893599188505],[-67.51520707951731,-4.489125191242836],[-67.01702555608139,-3.4826342896572697],[-65.99231324904737,-3.025945396383865],[-65.0740235909429,-1.8121454819551226],[-64.81347723779442,-1.057800746759394],[-64.93747113857725,-0.17646356145857048],[-64.7078782055318,-0.06639797571551305],[-64.13362934845539,-0.6161077148742311],[-63.85526068443184,-1.1638798480149581],[-63.453795027801604,-1.4628346772898024],[-62.92916651544365,-2.678653833050974],[-62.285209888278274,-2.823815456077457],[-61.816156085232095,-2.5173562936875458],[-61.501650727098514,-2.7178808455575076],[-60.986536778186405,-2.6182836214671226],[-60.31679495066074,-3.160868277024447],[-60.84300934309331,-4.338594982984734],[-60.585195209724965,-4.366015494285132],[-60.13574012578553,-4.98018912957392]]]}},{"type":"Feature","properties":{"admin":"COL"},"geometry":{"type":"Polygon","coordinates":[[[-57.61051847994932,1.4545625890090303],[-57.77432764112738,1.3115650328064545],[-57.93518293763414,1.995847051725189],[-58.169435350249806,2.3636096155064266],[-58.45977903949224,1.9639031440941577],[-60.137741213702625,1.9898234221765523],[-60.13475717896972,1.263956935562683],[-59.630900279878375,1.1439724371982312],[-59.662655886976104,0.699474513530121],[-59.83433825160138,0.8196018460616661],[-60.32042012894615,0.6284031926278717],[-60.325941391912814,-0.21491036458110518],[-59.94259809898544,-0.6383588559120037],[-59.803533264802745,-1.3028710287992222],[-59.81882094540236,-1.805971335123838],[-60.13574012578553,-4.98018912957392],[-60.585195209724965,-4.366015494285132],[-60.84300934309331,-4.338594982984734],[-60.31679495066074,-3.160868277024447],[-60.986536778186405,-2.6182836214671226],[-61.501650727098514,-2.7178808455575076],[-61.816156085232095,-2.5173562936875458],[-62.285209888278274,-2.823815456077457],[-62.92916651544365,-2.678653833050974],[-63.453795027801604,-1.4628346772898024],[-63.85526068443184,-1.1638798480149581],[-64.13362934845539,-0.6161077148742311],[-64.7078782055318,-0.06639797571551305],[-64.93747113857725,-0.17646356145857048],[-65.3064976793016,0.09842868008578073],[-65.72859274316762,0.4828989307288504],[-65.97383986832216,0.2982244330069681],[-66.70450919451622,0.45926813300507496],[-66.9118461764666,0.9585541540455466],[-67.07259940514133,0.9400235839560296],[-67.9280928456664,1.6025521303605466],[-68.04024572899907,1.9626448076041059],[-67.71758751916641,2.049662879926634],[-67.74577177903723,2.6304416700772144],[-67.53508975982119,3.0501312792644795],[-67.10617551468202,3.1277994543727647],[-66.72517940030657,3.855311822284066],[-66.3775047668264,4.462009202078534],[-66.68554198818605,4.7369865566270315],[-66.49857952228373,5.406965982294623],[-66.64711196764183,6.460889280305436],[-66.44828164496674,6.762807974532226],[-66.53250012442574,7.733576541749725],[-66.8440793177563,8.34339009400021],[-66.69876241970836,8.898714871354224],[-66.42761870832908,8.816780933975966],[-66.24349691239685,9.155879086357332],[-66.395603731887,9.826535583762594],[-66.27943141137176,9.992734404580268],[-65.83935532771609,9.956649198313855],[-65.13674047557414,10.748565784315401],[-64.7747591649469,10.869050333332432],[-64.73621991115967,11.243055354929757],[-64.49726664500999,12.195399220165863],[-63.96005975854959,12.716400119344195],[-63.42005140082101,12.737690013355463],[-63.33049553655634,12.971192488121394],[-62.671258270599715,12.87773500172278],[-61.94690526214392,13.442431612816806],[-61.590681040084064,13.691867678691723],[-61.12529734795136,14.228063930382133],[-60.83028021963885,14.159976784171066],[-60.63536184456966,13.867284431445398],[-60.83664633025945,13.491897853399685],[-61.40209323436452,13.304714140611534],[-61.66972461279109,12.745162348049956],[-62.028750727896785,12.423474174718619],[-62.313022837189905,12.005697544945372],[-62.483320793176595,11.200987258179923],[-62.771250192548145,10.539172641217345],[-62.33476747259205,10.463246040667116],[-62.26195196739427,9.941351411836212],[-62.08987338378057,9.691176165175557],[-62.05210293896449,9.232668678408983],[-62.180206350875025,8.810438978596398],[-62.16426299618943,8.572040081536816],[-61.958616700303494,8.476775333348519],[-61.77673816856308,8.077762258131223],[-60.66678609009885,8.187827934224398],[-60.17597646181674,8.042000471932248],[-59.62055074918126,7.055236028577422],[-59.26760402351354,7.178038343731414],[-58.65162696032159,7.116568271769537],[-58.15592282670985,7.2475041759016685],[-57.86106794159505,7.050190631260342],[-58.042343588074715,6.431042616718285],[-58.24953261794586,6.044551329649644],[-58.34650301185602,5.217691611439576],[-58.19692324929261,4.450272878326953],[-57.961526846214106,4.10671646850427],[-57.93840245269014,3.847718009701925],[-58.38764081462533,3.271471896463385],[-58.08026238750168,3.0162177750594914],[-57.85851871055833,2.6110663686553774],[-57.61051847994932,1.4545625890090303]]]}},{"type":"Feature","properties":{"admin":"PAN"},"geometry":{"type":"Polygon","coordinates":[[[-66.27943141137176,9.992734404580268],[-66.395603731887,9.826535583762594],[-66.24349691239685,9.155879086357332],[-66.42761870832908,8.816780933975966],[-66.69876241970836,8.898714871354224],[-66.8440793177563,8.34339009400021],[-67.10938899055436,8.673115409085918],[-67.25196425790932,9.288972658365354],[-67.01871679802622,9.593208958440893],[-67.23029052059398,9.671186093355722],[-67.36248326294056,10.046834662981418],[-67.76495626501611,10.362381138537346],[-68.14541015883563,10.29008903153846],[-68.34943328981885,9.895008729187033],[-68.71686278250563,9.609295090278797],[-68.90680417870614,9.569564937334587],[-69.00801172151695,9.332576390694312],[-68.64150281691586,8.713399023481703],[-68.88532272655232,8.567433841635712],[-69.020264537266,8.398051944698786],[-69.42329656092495,8.339696108041647],[-69.52632708799058,9.022038233469688],[-69.65133821803049,8.828020263407653],[-69.92966912996353,8.895028455732447],[-70.07023549621218,9.353830263665918],[-70.41633405964164,9.429500017904227],[-70.62888431240769,9.562681753337474],[-70.99689541829979,9.560976578586363],[-71.0417756221922,9.313793317965539],[-71.12744131405351,9.486023622516312],[-71.06519958443516,9.711929034906639],[-70.97579893107572,9.94249585414372],[-70.99276644452637,10.148075382351514],[-70.85384707102158,10.282524570757245],[-71.01811299219277,10.451116546153271],[-70.98430452508958,10.907033576877069],[-70.64454389195527,11.008084205032837],[-70.37184771716963,10.602014774601207],[-70.4091966391222,10.36179465383062],[-70.07157269338559,10.310788437216635],[-69.98323011788949,10.403060363012319],[-69.77012400434677,10.124192855150067],[-69.34217770122653,10.20624736528445],[-68.95490918528242,10.492776092323622],[-68.41627715008242,10.721322946804687],[-68.0959489470256,11.059511190956977],[-67.62902825487338,10.99314964089696],[-67.67015691609865,10.881858157955241],[-67.19607095426018,10.843256928159136],[-66.83092747990864,10.647655201085586],[-66.57806567305622,10.306507327155913],[-66.27943141137176,9.992734404580268]]]}},{"type":"Feature","properties":{"admin":"CRI"},"geometry":{"type":"Polygon","coordinates":[[[-70.64454389195527,11.008084205032837],[-70.98430452508958,10.907033576877069],[-71.01811299219277,10.451116546153271],[-70.85384707102158,10.282524570757245],[-70.99276644452637,10.148075382351514],[-70.97579893107572,9.94249585414372],[-71.06519958443516,9.711929034906639],[-71.12744131405351,9.486023622516312],[-71.57333686339558,9.738558603091795],[-71.72855530051733,9.977202633888398],[-71.61400479977121,10.17439073885608],[-71.62446122618674,10.425097751482964],[-71.83885464772504,10.69644851208159],[-72.1563048626522,10.91896219940868],[-72.4379864911943,11.063951583088022],[-72.46397138313036,11.394440506345646],[-72.66937548074122,11.59604253263831],[-72.64508175561801,11.267895815666806],[-72.84040966649765,10.997797295037879],[-73.00731237223887,11.311437585540705],[-73.27172261935887,11.422994199451537],[-73.36692570079066,11.650352090118693],[-73.32843593310812,11.993309747059865],[-73.17954221168687,12.347500009164037],[-73.40442426743896,12.505769008565755],[-73.1859351900971,12.722454054621783],[-73.04193020783575,12.86665005521519],[-72.51062432033689,12.569763599292415],[-72.29905819237469,12.71596512506138],[-72.03797450426862,12.62240472320215],[-71.92001276302268,12.391440195595614],[-71.67541418386172,12.316613573489798],[-71.44685051100139,12.554571888508603],[-71.29092915139523,11.943895794534749],[-71.00300684847969,11.490295848935661],[-70.64454389195527,11.008084205032837]]]}},{"type":"Feature","properties":{"admin":"NIC"},"geometry":{"type":"Polygon","coordinates":[[[-71.44685051100139,12.554571888508603],[-71.67541418386172,12.316613573489798],[-71.92001276302268,12.391440195595614],[-72.03797450426862,12.62240472320215],[-72.29905819237469,12.71596512506138],[-72.51062432033689,12.569763599292415],[-73.04193020783575,12.86665005521519],[-73.1859351900971,12.722454054621783],[-73.44324167573205,13.075238985283834],[-73.79149887539045,13.526040917818543],[-73.93551954165207,13.901781595831725],[-74.25272477169135,14.251346867905598],[-74.61679929400741,14.752340845353512],[-74.50036190719709,14.923505953166863],[-74.38121947027068,14.756890248180683],[-74.30679276881517,14.835130396372913],[-74.03642492462767,14.880624767576062],[-73.89734686236153,15.133158655541498],[-73.77126442248502,15.142977922366724],[-73.71747296722465,15.685178844949421],[-73.51480520087766,15.711195500242114],[-73.33864830498459,15.703348742562852],[-73.11539112595541,15.996668737071019],[-72.89503141015462,15.774526042297783],[-72.789421465245,15.910868333218636],[-72.61514812183869,16.041493007269676],[-72.27719418360635,16.34345001979672],[-72.23151743209024,16.568728025588932],[-72.15144675980473,16.559261521931013],[-72.00552384814294,16.820343823379062],[-71.91239939664132,16.852097595466912],[-71.79164042457352,16.68526390943206],[-71.6287748545309,16.635876782898915],[-71.4217344687191,16.774786746371703],[-71.20741985499791,16.77552051657201],[-70.8929003929601,16.918090028200293],[-70.7542371893881,17.066558543266993],[-70.46693062574934,17.04428908281515],[-70.55470107229293,16.93967632939335],[-70.63212742111818,16.695992237195167],[-70.60056963604926,16.295608738271234],[-70.84618131078231,15.921855942108637],[-70.9950427075849,15.479070033664483],[-71.08385866139746,14.992631593820429],[-71.07308376586808,14.707351224206267],[-71.11094215884364,14.207821521308398],[-71.25378127313004,14.098612309093552],[-71.38758248567301,13.622258979667711],[-71.36140097665398,13.327462472285882],[-71.56675617438907,13.041526810246491],[-71.5588405619481,12.738819963251325],[-71.44685051100139,12.554571888508603]]]}},{"type":"Feature","properties":{"admin":"HND"},"geometry":{"type":"Polygon","coordinates":[[[-70.46693062574934,17.04428908281515],[-70.7542371893881,17.066558543266993],[-70.8929003929601,16.918090028200293],[-71.20741985499791,16.77552051657201],[-71.4217344687191,16.774786746371703],[-71.6287748545309,16.635876782898915],[-71.79164042457352,16.68526390943206],[-71.91239939664132,16.852097595466912],[-72.00552384814294,16.820343823379062],[-72.15144675980473,16.559261521931013],[-72.23151743209024,16.568728025588932],[-72.27719418360635,16.34345001979672],[-72.61514812183869,16.041493007269676],[-72.789421465245,15.910868333218636],[-72.89503141015462,15.774526042297783],[-73.11539112595541,15.996668737071019],[-73.33864830498459,15.703348742562852],[-73.51480520087766,15.711195500242114],[-73.71747296722465,15.685178844949421],[-73.77126442248502,15.142977922366724],[-73.89734686236153,15.133158655541498],[-74.03642492462767,14.880624767576062],[-74.30679276881517,14.835130396372913],[-74.40893542627757,15.181018313891233],[-74.6545287807852,15.27700385415554],[-74.53580514161177,15.718416867471467],[-74.63495673923353,15.83748664766503],[-74.79889702038064,15.915865603436464],[-75.18975232602658,15.784898413234254],[-75.20070055651442,15.93292729292108],[-75.43209278403934,16.10898512072866],[-75.58347069041496,16.327739945912782],[-75.82020734465438,16.419847372247453],[-75.6028480663918,16.697516357245593],[-75.63818854568171,16.911776634647516],[-75.5465570857336,17.121188651605713],[-75.09779888313382,17.425581671629455],[-74.64682736411993,17.83937997470916],[-74.56567538541493,17.7970651786328],[-74.34972749622757,17.987370166729114],[-74.10522622869703,18.00288127958248],[-74.04083655175046,17.91468398137824],[-73.90103331410285,17.968420193234767],[-73.52349359093216,17.8707718366836],[-73.12798370808936,17.899050326082428],[-72.83703951599824,18.018724591953607],[-72.71873434103382,18.139733700939754],[-72.45813070956353,18.083810028746374],[-72.26725162439725,18.01039764389185],[-72.0420825202577,18.03571090347412],[-71.85937568614727,18.129488592205025],[-71.49640976259178,17.97954519012512],[-71.365826429048,17.955673464216616],[-71.13845176858052,17.753279579022653],[-70.93014620122923,17.51011078418205],[-70.64671230902968,17.343694082947533],[-70.46693062574934,17.04428908281515]]]}},{"type":"Feature","properties":{"admin":"SLV"},"geometry":{"type":"Polygon","coordinates":[[[-75.82020734465438,16.419847372247453],[-75.58347069041496,16.327739945912782],[-75.43209278403934,16.10898512072866],[-75.20070055651442,15.93292729292108],[-75.18975232602658,15.784898413234254],[-74.79889702038064,15.915865603436464],[-74.63495673923353,15.83748664766503],[-74.53580514161177,15.718416867471467],[-74.6545287807852,15.27700385415554],[-74.78317216894152,15.01691462535568],[-75.27374096389605,15.033423927197315],[-75.56590880309854,15.139267466312688],[-75.88805756734847,15.358707879647625],[-76.35110242688839,15.427176896374695],[-76.55894543154857,15.663708975862086],[-76.50996880707689,15.825017031508201],[-76.17928137723659,16.102095271776406],[-76.00238697808493,16.223391975108786],[-76.02867205317919,16.352449557790326],[-75.82020734465438,16.419847372247453]]]}},{"type":"Feature","properties":{"admin":"GTM"},"geometry":{"type":"Polygon","coordinates":[[[-78.24019140006196,16.54535803674531],[-78.17025124631179,16.86357310246816],[-78.03168777958689,17.119191294419416],[-78.11950515107185,17.32253986273274],[-77.5660569506457,18.205787172480967],[-76.48042228401502,18.209023099538694],[-76.39654051146366,18.576157514969903],[-76.52212830506666,18.641443976034807],[-76.57532025189785,18.874352095444813],[-76.84356753545634,19.12210782768813],[-77.09280328725022,19.479082110405596],[-76.71159052457264,19.481731953373743],[-76.5993249492269,20.08135615962045],[-75.81314617389201,20.08319494526839],[-75.03683752878257,20.07150203393968],[-75.19627843100997,19.226095370678117],[-75.46843763493993,18.011683491143483],[-75.2159050096011,18.012045775375483],[-74.97167392074323,17.816265505721045],[-74.87280773482445,17.97756020230078],[-74.64682736411993,17.83937997470916],[-75.09779888313382,17.425581671629455],[-75.5465570857336,17.121188651605713],[-75.63818854568171,16.911776634647516],[-75.6028480663918,16.697516357245593],[-75.82020734465438,16.419847372247453],[-76.02867205317919,16.352449557790326],[-76.00238697808493,16.223391975108786],[-76.17928137723659,16.102095271776406],[-76.50996880707689,15.825017031508201],[-76.55894543154857,15.663708975862086],[-76.96768674370826,15.855580051267703],[-77.49470359273427,15.875431887082469],[-77.85136582688935,16.093305530631525],[-78.24019140006196,16.54535803674531]]]}},{"type":"Feature","properties":{"admin":"BLZ"},"geometry":{"type":"Polygon","coordinates":[[[-75.03683752878257,20.07150203393968],[-75.01428718511505,20.227716742103446],[-74.90327640777576,20.27655010327426],[-74.7739924137611,20.15102238007626],[-74.3518908788288,20.789927098182115],[-74.18950428250565,20.803803674182078],[-74.21603388498563,20.648896132312103],[-74.05765668260214,20.644036432141498],[-74.12587523156557,20.35622169364904],[-74.3467629051619,19.89694657660881],[-74.30286549083223,19.732246492040773],[-74.45910949706376,19.35032492154445],[-74.42380467980878,19.24802566505018],[-74.61475034868697,18.705971966012715],[-74.82853226538003,18.420359056876148],[-74.98686223246692,18.386044860745457],[-75.2159050096011,18.012045775375483],[-75.46843763493993,18.011683491143483],[-75.19627843100997,19.226095370678117],[-75.03683752878257,20.07150203393968]]]}},{"type":"Feature","properties":{"admin":"VEN"},"geometry":{"type":"Polygon","coordinates":[[[-52.22192226485672,6.020534425733141],[-52.11892014204308,5.695383525798438],[-52.44722578436083,5.255231678343704],[-53.42212118591116,4.8230622210209955],[-54.045869136818446,4.643821442924043],[-54.301545301788536,4.3706164641639935],[-54.97809608162811,4.659494388922767],[-55.61093087948908,4.807304332264705],[-55.77525358794195,4.700988084437939],[-55.39832349885312,4.401410737262062],[-55.45177152453285,3.625905105345779],[-55.34651393319579,2.8965676522028363],[-54.618677419913226,2.7969900414882596],[-54.575955049026206,2.5534166972057175],[-55.19584383895784,2.2235596231788173],[-55.301756755170196,1.7323943554908714],[-55.65827873566176,1.5420032313744627],[-56.3012479464302,1.2711520086859653],[-56.470358789708975,0.9160350666418722],[-57.140587366299926,0.8408314866960491],[-57.61051847994932,1.4545625890090303],[-57.85851871055833,2.6110663686553774],[-58.08026238750168,3.0162177750594914],[-58.38764081462533,3.271471896463385],[-57.93840245269014,3.847718009701925],[-57.961526846214106,4.10671646850427],[-58.19692324929261,4.450272878326953],[-58.34650301185602,5.217691611439576],[-58.24953261794586,6.044551329649644],[-58.042343588074715,6.431042616718285],[-57.86106794159505,7.050190631260342],[-58.15592282670985,7.2475041759016685],[-58.65162696032159,7.116568271769537],[-59.26760402351354,7.178038343731414],[-59.62055074918126,7.055236028577422],[-60.17597646181674,8.042000471932248],[-60.66678609009885,8.187827934224398],[-61.77673816856308,8.077762258131223],[-61.958616700303494,8.476775333348519],[-62.16426299618943,8.572040081536816],[-62.180206350875025,8.810438978596398],[-62.05210293896449,9.232668678408983],[-62.08987338378057,9.691176165175557],[-62.26195196739427,9.941351411836212],[-62.33476747259205,10.463246040667116],[-62.771250192548145,10.539172641217345],[-62.483320793176595,11.200987258179923],[-62.313022837189905,12.005697544945372],[-62.028750727896785,12.423474174718619],[-61.66972461279109,12.745162348049956],[-61.40209323436452,13.304714140611534],[-60.83664633025945,13.491897853399685],[-60.88543624839074,13.227957690395275],[-61.398353058241604,13.097439064348372],[-61.16545697229644,12.589013145898159],[-61.22599956604753,12.001364663977382],[-61.65617133578218,11.346568067082107],[-61.39971030376308,10.448772666232191],[-61.02526226814207,10.522390615653105],[-60.771977384010434,11.34017910413687],[-61.005738522186945,11.737203072940414],[-60.977411989442345,12.588462289501827],[-59.874078960647964,13.043956299606036],[-59.94427364345624,13.570610818223383],[-59.61222139847648,13.922205888950446],[-59.3784109410895,13.138076150934289],[-58.781568029125054,13.119927154276052],[-58.28018986821223,12.495067584851256],[-58.27700200773922,12.123051996173784],[-57.51047733638085,12.11317108332714],[-56.58843693265524,12.228716827710796],[-56.13746489294638,11.724652745534746],[-55.49371076612639,11.585319367590971],[-54.988266772490284,11.937322296009548],[-54.95717531412923,12.22061308731373],[-53.89369533046572,12.28839315807164],[-52.86867603416097,12.304013513211482],[-53.61864606869398,11.971847827537752],[-53.364149805843425,11.439763310714575],[-52.685819908210235,11.354941844164824],[-52.07325455691393,10.79897337981226],[-51.99145179818572,9.89007419922723],[-51.54339380298762,9.91574376061051],[-51.22259952488378,9.647666902948068],[-51.93766699845961,8.978323047381371],[-52.03364530939261,8.562001326624594],[-51.76016163385719,8.137619777591858],[-51.98320743320913,7.923149959057282],[-52.51986567553494,7.739262004057622],[-52.52561506484063,7.209599596189799],[-52.7712431287469,6.893496258337143],[-52.22192226485672,6.020534425733141]]]}},{"type":"Feature","properties":{"admin":"GUY"},"geometry":{"type":"Polygon","coordinates":[[[-48.69855622889826,2.20402667874839],[-48.90861074406647,2.162501470741351],[-49.38386629097818,2.260858593062187],[-49.667409271119524,1.952456292844875],[-50.05919870900807,1.7490281725188754],[-50.331896489589376,1.6988558364480686],[-50.42907693146628,1.4716485233654508],[-50.85144234090963,1.5292035811443334],[-51.375937938553434,2.0734243154385212],[-51.431396241390495,2.6098980653681663],[-51.64234178839875,3.1957042058304],[-51.48503606892719,4.180913464479356],[-51.23634945308775,4.5881713636240145],[-51.41914792513642,5.124859158532676],[-51.709618206088145,5.299654620655992],[-51.58193040660958,5.805989821157032],[-51.77315114582126,6.071451678885864],[-52.22192226485672,6.020534425733141],[-52.7712431287469,6.893496258337143],[-52.52561506484063,7.209599596189799],[-52.51986567553494,7.739262004057622],[-51.98320743320913,7.923149959057282],[-51.76016163385719,8.137619777591858],[-52.03364530939261,8.562001326624594],[-51.93766699845961,8.978323047381371],[-51.22259952488378,9.647666902948068],[-50.682045712273975,9.228752243784339],[-50.18806032263154,8.485074056274756],[-50.190674021061156,7.895893632638419],[-49.868343369109546,7.868753932241492],[-49.431285945202745,7.30942343906294],[-49.10746512435512,6.909676829019714],[-49.28045800455617,5.874560892702294],[-49.81183351450405,5.57378305518006],[-49.77334617350948,5.301770712468283],[-49.94825159439467,4.706093253270135],[-49.586320424717954,3.866463436533456],[-49.310759131038374,3.865117802245333],[-49.21003784441355,3.2115643938881275],[-48.69855622889826,2.20402667874839]]]}},{"type":"Feature","properties":{"admin":"SUR"},"geometry":{"type":"Polygon","coordinates":[[[-46.957377530124425,2.6820089654929826],[-47.447170018764055,2.927551535754774],[-47.85553735528894,2.8090853387078005],[-48.2015437048301,2.912044679833424],[-48.2924906465352,2.5764767695139987],[-48.150980228569935,2.346025869229451],[-48.231334256437876,2.109109603594889],[-48.69855622889826,2.20402667874839],[-49.21003784441355,3.2115643938881275],[-49.310759131038374,3.865117802245333],[-49.586320424717954,3.866463436533456],[-49.94825159439467,4.706093253270135],[-49.77334617350948,5.301770712468283],[-49.81183351450405,5.57378305518006],[-49.28045800455617,5.874560892702294],[-49.10746512435512,6.909676829019714],[-48.0861502325074,6.679487596245914],[-47.986334664139044,6.8866673714344815],[-47.28856423111222,6.969581413606821],[-46.37536874070294,6.660711447147777],[-46.85405282167719,5.6707808343923345],[-46.807269549192235,4.881371099308065],[-46.4851590327157,4.196569955409634],[-46.64555725766987,3.6988151589181655],[-46.73051134944862,3.169249341113651],[-46.957377530124425,2.6820089654929826]]]}},{"type":"Feature","properties":{"admin":"FRA"},"geometry":{"type":"MultiPolygon","coordinates":[[[[-44.44970325294044,4.816256926662822],[-44.98086580979069,3.758200482339822],[-45.259169160837885,2.9054880082536214],[-45.59502544779531,2.4652720131471977],[-46.008405339984,2.3824207629582697],[-46.121715535275186,2.7087197665299327],[-46.31368779271208,2.7571675062836074],[-46.584383087175475,2.442897805406448],[-46.957377530124425,2.6820089654929826],[-46.73051134944862,3.169249341113651],[-46.64555725766987,3.6988151589181655],[-46.4851590327157,4.196569955409634],[-46.807269549192235,4.881371099308065],[-46.85405282167719,5.6707808343923345],[-46.37536874070294,6.660711447147777],[-46.08771195850156,6.534186224758464],[-45.463482108865186,6.2618492523401965],[-44.58055266017361,5.289040548984294],[-44.44970325294044,4.816256926662822]]],[[[4.415509641589852,47.05528319008188],[4.762306161687831,46.892331643955934],[5.8015168617178485,46.77710402199762],[5.468769720357636,46.34424338378291],[5.407111018898696,45.886450418763516],[5.2151058923856075,45.77555931783217],[4.881287140888818,45.835361323835166],[4.91410187765799,45.669949618772144],[4.401811241451513,45.30070236548432],[4.405893608221109,44.99972367511533],[4.7496720083771296,45.104222678353146],[5.01693157727665,44.81082113736933],[4.997050435123505,44.62023444749746],[5.227503484688272,44.36512026073977],[4.983053927615861,44.15661890493863],[5.201766810182017,43.6206619099722],[5.609120131461791,43.53192404723955],[5.540862359964163,43.226482705761235],[4.884687126278751,42.824672842648226],[3.402854730530064,43.017844972829],[2.3203428465566454,42.78623571980793],[2.243836420075837,42.3521528478311],[1.3739401301954588,42.25799364510384],[0.5260673120332099,42.58546399847656],[0.25384455272468615,42.42934375039295],[-1.1249872228522917,42.75672065878663],[-1.419583767109656,43.03431063671294],[-1.0291957783233383,43.45809275948245],[-0.8750015112477345,44.82679952635631],[-1.6186220545063794,45.52375530454364],[-2.146706376665506,45.853871032833844],[-3.2442237619429903,46.10225472044522],[-3.298194710662948,46.56708492987068],[-2.3629675770240874,46.704211595353286],[-1.161330610379814,46.54195814777947],[-1.3765675600103389,47.24844551149016],[-0.7068967858507053,46.98295443036177],[0.9504302833798268,47.46354208082131],[1.1557554385367477,47.95881679241731],[1.769487782430398,48.07931775998899],[1.8769400968205563,47.86904560495569],[2.20542766376851,47.8591434855492],[2.542127510673292,47.616805620102824],[3.048230329668483,47.32907171673823],[3.4110608321851577,47.376824102313975],[4.047739826099502,47.095997555181135],[4.210262275354036,47.042167729818495],[4.415509641589852,47.05528319008188]]],[[[6.565361964351567,42.464484382582285],[7.030585178746236,42.739489384473316],[7.199290913834797,42.11887304553216],[6.985989067664604,41.55027755284571],[6.63351518844666,41.701017345603226],[6.429872759127224,42.19475346814614],[6.565361964351567,42.464484382582285]]]]}},{"type":"Feature","properties":{"admin":"ECU"},"geometry":{"type":"Polygon","coordinates":[[[-64.93747113857725,-0.17646356145857048],[-64.81347723779442,-1.057800746759394],[-65.0740235909429,-1.8121454819551226],[-65.99231324904737,-3.025945396383865],[-67.01702555608139,-3.4826342896572697],[-67.51520707951731,-4.489125191242836],[-67.65005325248529,-5.2682893599188505],[-68.11702921334954,-5.742679234869097],[-68.50167347542002,-5.160287853979567],[-68.85394502480968,-5.035496806499695],[-69.2060421859498,-5.127422766757178],[-69.24499144944716,-4.704271387494731],[-69.00893146962534,-4.429097368495652],[-69.12609251232615,-3.947683072947403],[-68.69055358317817,-3.0825154070362126],[-68.88746088300849,-2.576475610439685],[-69.20517287800178,-3.1145402441439423],[-69.73191989548833,-2.606783741601989],[-69.56313555765931,-2.2800009168326065],[-69.7224850543136,-1.227260591300641],[-69.42221511085651,-1.0522840644340268],[-69.2673982292072,-0.32929231445138246],[-68.94111989032515,0.41824244619025286],[-68.99886699939482,0.8918676083094776],[-68.52501734640761,1.140794149477078],[-67.9280928456664,1.6025521303605466],[-67.07259940514133,0.9400235839560296],[-66.9118461764666,0.9585541540455466],[-66.70450919451622,0.45926813300507496],[-65.97383986832216,0.2982244330069681],[-65.72859274316762,0.4828989307288504],[-65.3064976793016,0.09842868008578073],[-64.93747113857725,-0.17646356145857048]]]}},{"type":"Feature","properties":{"admin":"PRI"},"geometry":{"type":"Polygon","coordinates":[[[-55.68811385996179,20.819396926171333],[-55.27196429818871,20.72643287667997],[-55.15009636738767,20.516478941722323],[-55.402803966046406,20.249396084362182],[-56.035293192832775,20.255671651596746],[-56.53213344148193,20.21825890765673],[-56.51626930109653,20.671281248943874],[-56.37467318979177,20.82555656824378],[-55.68811385996179,20.819396926171333]]]}},{"type":"Feature","properties":{"admin":"JAM"},"geometry":{"type":"Polygon","coordinates":[[[-65.17550338625031,20.793825092223976],[-64.62583876265687,20.699174888995465],[-64.22098571094305,20.445216650612398],[-64.128348152528,20.154917305366972],[-64.72308018481102,20.13513974295232],[-65.0072575286393,19.957553017271223],[-65.45093709220654,20.128088423391397],[-65.86813019027493,20.51429206269094],[-65.72652758038956,20.75583931308611],[-65.36085293463769,20.829372009265146],[-65.17550338625031,20.793825092223976]]]}},{"type":"Feature","properties":{"admin":"CUB"},"geometry":{"type":"Polygon","coordinates":[[[-68.12631397725613,25.62677151895107],[-67.42768401044944,25.55534048448869],[-66.77949180006482,25.544029295026284],[-66.0783471331483,25.202002855574108],[-65.82921651651051,24.83286445909847],[-65.02909854765598,24.94694014588811],[-64.78586845195466,24.709481642128647],[-64.21216106511824,24.08039338556435],[-63.785459249444834,23.619390476008125],[-63.508305395821665,23.633474782036927],[-63.051502539053565,23.424272292254166],[-63.167308782031476,23.13467993651737],[-62.559868294777715,23.092237936465427],[-62.00585925128251,22.6694203867033],[-62.14850625140438,22.426561897131194],[-62.72829945599545,22.29469307367426],[-63.300804543532784,22.24305612281923],[-63.86252457329979,22.325307996284547],[-65.07926509254997,22.224028289145856],[-64.41089434377788,22.802611935827787],[-64.70022100423094,23.070796184076965],[-65.22505033265935,23.139684793463402],[-65.4549134120535,23.436584042863895],[-65.53438325017514,24.01947391397652],[-66.01309704737578,23.97974132241521],[-66.73177367892029,24.252989835007856],[-66.93559544924695,24.46613518982371],[-67.98448047512166,24.623278501066014],[-68.2303578652093,24.820643256065523],[-67.86214723250045,25.0727864735625],[-68.66409949586316,25.124345984035752],[-69.38038142592984,24.5994292729063],[-69.72788811679858,24.585289224460862],[-69.90286581714152,24.337649566452075],[-70.33941992240369,24.22643519088236],[-70.6736364291541,24.322862390487302],[-70.16351840805322,24.63633858579669],[-69.8994117930012,25.001002162243392],[-69.47204218808554,25.22495286856335],[-69.00269354394273,25.42076939606833],[-68.35283411117238,25.516741104775846],[-68.12631397725613,25.62677151895107]]]}},{"type":"Feature","properties":{"admin":"ZWE"},"geometry":{"type":"Polygon","coordinates":[[[25.911642823508014,-24.683485244403077],[25.478480847502116,-24.58225072785008],[25.188455250955833,-24.70383242662682],[24.800396501609733,-24.53221752407282],[24.463124753039104,-24.521159847833175],[23.96840266636479,-24.06163674206143],[23.33619686497781,-23.905000835691393],[23.13729921148445,-23.254843588342688],[23.16026670567264,-22.891185078751963],[22.809962272103828,-22.78003382437038],[21.934946040885595,-21.637222325235452],[21.706642744025963,-21.029804616326125],[21.54824873317134,-20.841826864819794],[21.27035048989671,-19.99521930065616],[22.204982091346178,-20.111570552635825],[22.471548134014053,-20.233828088736114],[22.75705523535646,-20.209211923520844],[23.262167927540705,-19.520359609849812],[24.044337263088316,-18.63888562198102],[24.351310902658934,-18.55423846722756],[24.474280828312637,-18.180395606988643],[24.978857922752532,-17.74941505836985],[25.62786931356308,-17.600974682087756],[25.66052566993771,-18.005087569236135],[26.36723574039682,-17.983569154823947],[26.745956163536857,-18.21164460172564],[26.91229700138829,-18.478493609687007],[27.30986464523469,-18.55674158280781],[27.726905205121678,-18.902173875745238],[27.639143117367457,-20.252738078861025],[27.42360195763564,-20.985237037697118],[27.329995626511053,-21.76930647724719],[27.441127149144364,-22.078396017212864],[27.298862000787324,-22.689776692642834],[27.16514826564503,-22.78393476488199],[26.885026714275064,-23.526774497705212],[25.911642823508014,-24.683485244403077]]]}},{"type":"Feature","properties":{"admin":"BWA"},"geometry":{"type":"Polygon","coordinates":[[[24.463124753039104,-24.521159847833175],[23.229809729955463,-25.26480822410056],[22.427425119953423,-26.011878880192132],[22.09942121215956,-26.67279906801066],[21.821431858996817,-27.042877177590682],[21.36684502945042,-27.12150503024325],[21.184199976623933,-27.589775188642506],[21.076056028741515,-27.893492602623905],[20.532548446315886,-28.11935606780924],[19.86854298846606,-28.07144628055056],[19.497403389287197,-27.799499461903565],[19.159980938534588,-27.68127091627604],[18.742521478500645,-27.90674563742762],[18.507320574798065,-28.37049324730312],[18.09781326403561,-28.660180295089674],[17.657027280734805,-29.087739536103726],[17.06465020096305,-29.1850954874463],[16.906112803457894,-28.84943408237009],[17.022163668488176,-28.262992755024428],[16.595853552094898,-27.33873760944898],[16.38282433797318,-27.19158715014763],[16.549574933136274,-24.275200303068434],[17.371449883836366,-24.23976542620905],[17.580897804232603,-20.542062184350502],[18.20838287967613,-20.50707409005123],[19.523003045016576,-20.13598914068462],[19.82280771894682,-20.572776344420145],[20.38079257953635,-20.157549936574625],[20.636197808433423,-20.155191186916095],[21.12311027490155,-19.915750245302352],[21.27035048989671,-19.99521930065616],[21.54824873317134,-20.841826864819794],[21.706642744025963,-21.029804616326125],[21.934946040885595,-21.637222325235452],[22.809962272103828,-22.78003382437038],[23.16026670567264,-22.891185078751963],[23.13729921148445,-23.254843588342688],[23.33619686497781,-23.905000835691393],[23.96840266636479,-24.06163674206143],[24.463124753039104,-24.521159847833175]]]}},{"type":"Feature","properties":{"admin":"NAM"},"geometry":{"type":"Polygon","coordinates":[[[16.38282433797318,-27.19158715014763],[16.141880117492782,-30.723988655923364],[15.383510295122981,-31.198462677618554],[14.943804653135494,-31.265921211464438],[14.446895765557818,-31.091083449661475],[14.08796165401444,-31.02357660180243],[13.97712451971967,-30.625959458146376],[13.672479843762336,-30.370033432785462],[13.255137978161105,-30.831571621727022],[12.693168070379432,-30.125176475778108],[12.412177161360882,-29.434895480144622],[12.279702910443126,-28.503467146023212],[12.111592987348828,-27.80221441343458],[11.903617993732407,-26.28897377361249],[11.934480361563601,-25.0926223208172],[11.849796207639278,-24.541336012211847],[11.54191356818546,-24.122369938365733],[11.141417769011959,-23.276480994780258],[10.741456856567362,-22.03418497104316],[10.577669553649375,-21.37762520353824],[9.921604428047267,-20.34822582971388],[9.89031108724565,-19.532165347690864],[10.300918718344274,-19.32890945814878],[10.810336681817216,-19.146604240758776],[11.356397874158768,-19.178595132781766],[11.845691215549866,-19.66179083959453],[11.97525558659095,-19.58682411176654],[15.39313344168707,-19.54077171590491],[15.95731440444978,-20.05107706222377],[17.98858939565834,-20.201370661934472],[19.5559688271954,-19.768090379533426],[20.257542766791147,-19.525710672966966],[20.801076563198908,-19.58715489488292],[21.121357246876812,-19.827419717068583],[21.12311027490155,-19.915750245302352],[20.636197808433423,-20.155191186916095],[20.38079257953635,-20.157549936574625],[19.82280771894682,-20.572776344420145],[19.523003045016576,-20.13598914068462],[18.20838287967613,-20.50707409005123],[17.580897804232603,-20.542062184350502],[17.371449883836366,-24.23976542620905],[16.549574933136274,-24.275200303068434],[16.38282433797318,-27.19158715014763]]]}},{"type":"Feature","properties":{"admin":"SEN"},"geometry":{"type":"Polygon","coordinates":[[[-14.206535416636678,15.509110398997118],[-14.53380688393307,16.36442100935985],[-14.94584266244904,16.753795063585528],[-14.56680923706255,16.9610617446529],[-14.13385913399267,17.72432312310646],[-13.916062841984298,18.279695354697274],[-13.616149980261145,18.62518167403699],[-13.199098393869887,18.532260472822973],[-12.780126911340504,18.766716274084295],[-12.30831089160156,18.778517942840566],[-11.913342480823557,18.462209076270153],[-11.359643948743111,18.17643424497921],[-10.866477132016895,17.379337209615016],[-10.323170111000024,16.630651885934004],[-10.297718992793392,15.948935656505812],[-10.141937009590114,15.318488752041597],[-9.82903675235084,15.00828781321018],[-9.763462857279297,14.580154703156172],[-9.808303561370034,14.234380824806182],[-9.932295836509176,14.171695316749197],[-10.395337242663013,14.259557030321648],[-10.461368485617802,14.135962353024635],[-10.649624051480835,14.11111147007273],[-11.257029421886829,14.381965974179275],[-11.667866064501133,14.393409566900413],[-13.240669461251956,14.440009025225846],[-13.471768226375625,14.315005106938589],[-13.753006171710616,14.350755804573447],[-14.208408875043082,14.169771188315407],[-14.327622018235795,15.01954248233364],[-13.553812542415152,14.996203035255018],[-13.345758386869775,15.150997230034772],[-13.193141514082445,15.160073109203283],[-12.872053640051428,15.414927622562523],[-12.512571455977984,15.18176042592614],[-12.143455038413231,15.162298642221458],[-11.770211109001387,15.409998958211816],[-11.93505406666233,15.728338915549733],[-12.21934177562262,15.54295734441953],[-12.482975809592496,15.548109551143478],[-12.812081013916822,15.818994020565288],[-13.081834649925801,15.80126545310987],[-13.280021948566581,15.540651625936054],[-14.206535416636678,15.509110398997118]]]}},{"type":"Feature","properties":{"admin":"MLI"},"geometry":{"type":"Polygon","coordinates":[[[-9.808303561370034,14.234380824806182],[-9.763462857279297,14.580154703156172],[-9.82903675235084,15.00828781321018],[-10.141937009590114,15.318488752041597],[-10.297718992793392,15.948935656505812],[-10.323170111000024,16.630651885934004],[-10.033764076910307,16.829735189626675],[-9.878292622452554,17.471164287668987],[-9.609384552249605,17.496194620108174],[-9.023765831663368,17.193402946641662],[-8.54218597848674,17.408456158449663],[-8.216022647429714,17.33630528777118],[-8.084893280279383,17.577872775629437],[-4.687895644148323,17.59435922131583],[-4.492226501219799,18.351775891870545],[-4.637277177659504,18.48461791788183],[-4.985912064432829,23.037518607637427],[-5.310528862923299,27.376542243730555],[-4.050918810241488,27.39413488705577],[-1.2853435950509513,25.22952701847248],[1.5225411061835932,23.006548305726284],[1.72352980015672,22.521865979218813],[2.2460866804331614,22.224807450333433],[2.6349201891737306,22.05545933993702],[2.6493545547914445,21.39023087622723],[3.5789431895090056,21.49288614315898],[3.6032746550794195,19.05110461717795],[3.1469960330399944,18.33282625206404],[3.079447106368327,17.666419472289643],[2.3284538478043855,17.494314909355765],[1.1733719915305352,17.400930900883385],[0.8609243813027919,17.014158607420605],[0.317766209550765,16.971344833813525],[-0.22568721463882804,16.96633041511029],[-0.4370677620330679,17.175346322443648],[-0.9037821334627104,17.020298169081983],[-1.6974783581549846,16.567427732882447],[-1.8605553883456585,16.225148326192304],[-2.521486138222822,15.732829907587682],[-2.6384080076813565,15.449936216419985],[-2.9958766316881515,15.225325420944625],[-3.4062283856793862,15.374096310048253],[-3.640934262891006,15.10469913826381],[-3.7706515402435694,14.345075318710665],[-4.453268561304812,13.422207616101968],[-4.436104481580028,13.043580296080863],[-4.672093165695901,12.56860454509113],[-4.61971574883592,11.916086080706666],[-4.973508332556797,11.749171118770818],[-5.174144184620992,11.606911722357468],[-5.303079020033946,12.088641479216598],[-5.550800337307136,11.961755350114911],[-5.69807413387358,11.98371363437712],[-5.857955076872308,11.654983664145906],[-6.518237857954484,11.664275798972303],[-6.753441098927896,11.833475525417688],[-6.865816895541204,11.731117346169434],[-7.123861610948469,12.055735779718928],[-7.075267333875502,12.390482179234143],[-7.1806804528944275,12.521458588403698],[-7.363762834224422,12.411027343874682],[-7.326606135862126,12.776034843358422],[-7.1485458037427385,13.064281672602798],[-7.492940456756654,13.532383739546423],[-7.5909025241689765,13.839859702575517],[-7.77726107062869,14.084388333357294],[-7.947420131260958,14.11355336399964],[-8.154211252091686,13.957755561546534],[-8.431558815635482,13.808804243213604],[-8.668600798158025,13.567556184055723],[-9.032339505595447,13.65666329917244],[-9.26488792932701,13.939549786821694],[-9.405570837947264,13.976678244725733],[-9.63029842351995,13.828289918370757],[-9.765507900798799,13.827023397094786],[-9.808303561370034,14.234380824806182]]]}},{"type":"Feature","properties":{"admin":"MRT"},"geometry":{"type":"Polygon","coordinates":[[[-14.232226949584106,23.40694325017535],[-14.035488414113464,23.748932531021847],[-10.772796966978696,23.74253475563326],[-10.879183847160588,25.207955484423834],[-10.657599936696549,25.723015239844905],[-9.878845135148682,25.81269459651755],[-9.812498347687717,28.32599647479057],[-7.123267712115967,28.27547874727629],[-7.077871914025311,29.723866157965077],[-4.050918810241488,27.39413488705577],[-5.310528862923299,27.376542243730555],[-4.985912064432829,23.037518607637427],[-4.637277177659504,18.48461791788183],[-4.492226501219799,18.351775891870545],[-4.687895644148323,17.59435922131583],[-8.084893280279383,17.577872775629437],[-8.216022647429714,17.33630528777118],[-8.54218597848674,17.408456158449663],[-9.023765831663368,17.193402946641662],[-9.609384552249605,17.496194620108174],[-9.878292622452554,17.471164287668987],[-10.033764076910307,16.829735189626675],[-10.323170111000024,16.630651885934004],[-10.866477132016895,17.379337209615016],[-11.359643948743111,18.17643424497921],[-11.913342480823557,18.462209076270153],[-12.30831089160156,18.778517942840566],[-12.780126911340504,18.766716274084295],[-13.199098393869887,18.532260472822973],[-13.616149980261145,18.62518167403699],[-13.916062841984298,18.279695354697274],[-13.971073364290707,18.85975844679059],[-13.718534004086504,19.388031177949873],[-13.580494364182286,20.38991834643389],[-13.636368497028792,21.43150645763414],[-13.718136260529475,21.951443604965903],[-13.614565134402445,22.470298617270636],[-13.810962902349383,22.96223379526748],[-14.232226949584106,23.40694325017535]]]}},{"type":"Feature","properties":{"admin":"BEN"},"geometry":{"type":"Polygon","coordinates":[[[2.3124222986527783,7.23774636011319],[1.6025844153916402,7.103810559331804],[1.390068854678042,7.895035711110264],[1.4253420472496168,10.512635935948209],[1.2524992346854966,10.746077877847636],[1.2191453588404424,11.301106995788894],[0.921586016419678,11.69625828147616],[0.6601041844623229,12.028726570315644],[0.7682079073064544,12.620288063431378],[1.061702915607815,12.74719011535418],[1.2347380359811282,13.236593069723668],[1.6515290445249695,13.341000544724524],[1.836965839828176,13.674698457152374],[2.1220840508674783,14.00094552605062],[2.4275637595362616,14.003820815227396],[3.080484677197324,13.36224393532706],[3.0489505501630116,12.990744928726453],[3.24400765895291,12.325497374479871],[3.0775754940097335,11.87267529969212],[3.1689214282173643,11.569523414110524],[2.7565030376045034,10.87007458023622],[2.493866011946745,10.52285878407147],[2.334332990589127,9.806703550364013],[2.357781609841757,9.082277944225204],[2.3124222986527783,7.23774636011319]]]}},{"type":"Feature","properties":{"admin":"NER"},"geometry":{"type":"Polygon","coordinates":[[[12.312119641507962,25.30018282068912],[12.57978012774916,23.723547477823008],[12.90211134562231,23.456951384137163],[12.928265143935755,23.129862323880882],[13.289494062482483,22.775999303213727],[13.124611341430247,22.32976492943742],[12.875194895706363,20.198520503585367],[12.87343040351239,18.809721858145373],[11.822979614264279,17.792423077190815],[11.491001554055483,16.35743103507637],[11.853437021999982,15.951093109543974],[11.866857060270572,15.24275336674676],[12.412779812642636,15.2173377115198],[12.338896217362393,14.696388152409934],[12.099943660792045,14.632826688760565],[12.079660121282936,14.279562949669877],[11.921721161860395,14.25502093999727],[11.321660209290826,15.466568290077536],[11.121257513471228,15.51041942751715],[10.468059028821985,14.89323325361897],[9.803688146556157,15.215740118155768],[9.344905286922216,15.28014142163414],[9.102025787929126,15.125109668106449],[8.602896064104097,15.158617382818852],[8.107799530025773,14.687199222751147],[7.674035125229732,14.660115626791084],[6.637204274928331,15.231800284419563],[6.237140536412882,14.960544548132862],[5.802773045011228,14.979403257233647],[5.47967291307839,15.396464678189176],[4.624030357213438,15.807373882249511],[3.7119214171173778,15.677075327755299],[3.492164035684764,15.438856303458769],[3.3763558570980003,14.803496149080132],[3.1347653359011214,14.356463843843402],[3.080484677197324,13.36224393532706],[2.4275637595362616,14.003820815227396],[2.1220840508674783,14.00094552605062],[1.836965839828176,13.674698457152374],[1.853978080718721,14.436511242136126],[0.8717347256409987,14.688001364729063],[0.8445134266193662,15.223214543454413],[0.3651442059181884,15.942351046763527],[0.25085787798509795,16.441853136375272],[0.317766209550765,16.971344833813525],[0.8609243813027919,17.014158607420605],[1.1733719915305352,17.400930900883385],[2.3284538478043855,17.494314909355765],[3.079447106368327,17.666419472289643],[3.1469960330399944,18.33282625206404],[3.6032746550794195,19.05110461717795],[3.5789431895090056,21.49288614315898],[4.755502137040097,21.959152503010895],[7.137686319544467,23.986360757890296],[9.927021315560491,25.909566135134725],[11.25252656304873,25.478407115829622],[11.740365229402281,24.92586939404831],[12.312119641507962,25.30018282068912]]]}},{"type":"Feature","properties":{"admin":"NGA"},"geometry":{"type":"Polygon","coordinates":[[[2.3124222986527783,7.23774636011319],[2.357781609841757,9.082277944225204],[2.334332990589127,9.806703550364013],[2.493866011946745,10.52285878407147],[2.7565030376045034,10.87007458023622],[3.1689214282173643,11.569523414110524],[3.0775754940097335,11.87267529969212],[3.24400765895291,12.325497374479871],[3.0489505501630116,12.990744928726453],[3.080484677197324,13.36224393532706],[3.1347653359011214,14.356463843843402],[3.3763558570980003,14.803496149080132],[3.492164035684764,15.438856303458769],[3.7119214171173778,15.677075327755299],[4.624030357213438,15.807373882249511],[5.47967291307839,15.396464678189176],[5.802773045011228,14.979403257233647],[6.237140536412882,14.960544548132862],[6.637204274928331,15.231800284419563],[7.674035125229732,14.660115626791084],[8.107799530025773,14.687199222751147],[8.602896064104097,15.158617382818852],[9.102025787929126,15.125109668106449],[9.344905286922216,15.28014142163414],[9.803688146556157,15.215740118155768],[10.468059028821985,14.89323325361897],[11.121257513471228,15.51041942751715],[11.321660209290826,15.466568290077536],[11.921721161860395,14.25502093999727],[12.079660121282936,14.279562949669877],[12.425741892264877,13.836521512733418],[12.336754628383263,13.635227085473666],[12.298745767918172,13.264145149425199],[11.594687911681486,12.397185943685987],[11.380056168573999,11.679073315344016],[11.267895002583492,11.092318338129504],[11.089807873739813,10.840215479864035],[10.927197085158241,10.046424576067185],[10.47434689579051,9.578005023364497],[10.347691770327195,9.001374892034027],[10.159547331520624,8.541479293224572],[10.083676969483758,8.066049353732204],[9.497082111535054,7.68006425239399],[9.01125156036751,8.150720247218281],[8.685970902913832,8.131735987835176],[8.179414433315165,7.461116746337135],[7.930781974340834,7.450803393648133],[7.528550962797621,6.342203850801262],[7.311268960724283,5.526915649590396],[6.419854463618617,5.111706157588523],[6.093142866295744,5.172396116187041],[5.763156271030392,4.913686435811111],[5.074838351950018,4.938928137904242],[4.612280228665337,5.660653212683352],[4.326729027331964,6.494239812925792],[3.716058459025941,7.251329857220575],[3.070554403736789,7.237152915640721],[2.3124222986527783,7.23774636011319]]]}},{"type":"Feature","properties":{"admin":"CMR"},"geometry":{"type":"Polygon","coordinates":[[[12.338896217362393,14.696388152409934],[12.692238062044591,13.985364225610276],[12.763891756182964,13.245373327161895],[12.746574466829703,12.50133204539234],[13.229821154538728,11.478283981754336],[12.751932180806675,11.489333346259297],[12.511903964886823,11.40896563402716],[12.120299937143338,11.522334510824551],[11.942552429312618,10.989263132370262],[12.457538245484221,10.328084517314279],[12.833399888615844,10.135400874735929],[12.960809577205612,9.664865607915507],[13.241707070562732,8.879280143675283],[13.111256938522205,8.569914661742954],[12.69267189295478,7.409513332582822],[12.48861873347014,7.201175755000655],[12.430532857669252,6.310088261331605],[12.52012221914869,5.825047218674611],[12.453478899246193,5.481502053197881],[12.864340673562053,4.878804995653794],[12.940434182503958,4.46400992223323],[13.26173359502741,3.867210881296334],[13.65746187891071,3.494808844642595],[13.698436951439783,2.9665270646790103],[13.790664969016072,2.630771986550173],[13.730869877280018,2.004746751726023],[13.045624760516988,2.278803227565085],[12.348240508980165,2.58468297881898],[11.261223966164343,2.6301426466390336],[11.153808732085043,2.693328241948842],[10.644462880530833,2.5440418221402377],[10.120625079888642,2.699287405117837],[9.711578417558234,2.623135270463232],[8.3100493307937,2.649577803583687],[8.433223719105312,3.564113701874552],[8.094085163533574,4.3289473594442365],[7.700675874305905,4.524989513912581],[7.523783540745769,5.042566815182079],[7.302763683833932,5.208090009709749],[7.311268960724283,5.526915649590396],[7.528550962797621,6.342203850801262],[7.930781974340834,7.450803393648133],[8.179414433315165,7.461116746337135],[8.685970902913832,8.131735987835176],[9.01125156036751,8.150720247218281],[9.497082111535054,7.68006425239399],[10.083676969483758,8.066049353732204],[10.159547331520624,8.541479293224572],[10.347691770327195,9.001374892034027],[10.47434689579051,9.578005023364497],[10.927197085158241,10.046424576067185],[11.089807873739813,10.840215479864035],[11.267895002583492,11.092318338129504],[11.380056168573999,11.679073315344016],[11.594687911681486,12.397185943685987],[12.298745767918172,13.264145149425199],[12.336754628383263,13.635227085473666],[12.425741892264877,13.836521512733418],[12.079660121282936,14.279562949669877],[12.099943660792045,14.632826688760565],[12.338896217362393,14.696388152409934]]]}},{"type":"Feature","properties":{"admin":"TGO"},"geometry":{"type":"Polygon","coordinates":[[[0.7682079073064544,12.620288063431378],[0.6601041844623229,12.028726570315644],[0.921586016419678,11.69625828147616],[1.2191453588404424,11.301106995788894],[1.2524992346854966,10.746077877847636],[1.4253420472496168,10.512635935948209],[1.390068854678042,7.895035711110264],[1.6025844153916402,7.103810559331804],[0.9110103385472925,6.858757484685773],[0.7189876437464399,7.262036473631452],[0.4897045180030917,7.989313114871119],[0.4212933098783886,8.558280551296885],[0.6103655620594223,9.585563858801278],[0.3951642575697972,10.000367533276378],[0.3131887971800733,10.89367163687629],[0.31429791167221666,11.713848634211951],[-0.04253494993947168,12.29422973435671],[0.020326563329789816,12.644227203810644],[0.7682079073064544,12.620288063431378]]]}},{"type":"Feature","properties":{"admin":"GHA"},"geometry":{"type":"Polygon","coordinates":[[[0.020326563329789816,12.644227203810644],[-0.04253494993947168,12.29422973435671],[0.31429791167221666,11.713848634211951],[0.3131887971800733,10.89367163687629],[0.3951642575697972,10.000367533276378],[0.6103655620594223,9.585563858801278],[0.4212933098783886,8.558280551296885],[0.4897045180030917,7.989313114871119],[0.7189876437464399,7.262036473631452],[0.9110103385472925,6.858757484685773],[-0.4364458551872326,6.185434547660418],[-0.9146964709200369,5.7904166442022165],[-1.6899558712291884,5.455963008743608],[-2.45622188879645,5.783418719230166],[-2.416436687973439,6.2379058481202785],[-2.7872367051152174,7.2281673217636895],[-2.5603216705415366,8.521665463376994],[-2.196606761038514,9.479874812400386],[-2.419563601902474,11.094392920511005],[-2.533489869695323,11.943779839916912],[-2.511187292417691,12.581417688045564],[-1.0276218099995944,12.6342865005664],[-0.6504329477246747,12.552513914376796],[-0.37458113388708064,12.733547924110916],[0.020326563329789816,12.644227203810644]]]}},{"type":"Feature","properties":{"admin":"CIV"},"geometry":{"type":"Polygon","coordinates":[[[-6.865816895541204,11.731117346169434],[-6.753441098927896,11.833475525417688],[-6.518237857954484,11.664275798972303],[-5.857955076872308,11.654983664145906],[-5.69807413387358,11.98371363437712],[-5.550800337307136,11.961755350114911],[-5.303079020033946,12.088641479216598],[-5.174144184620992,11.606911722357468],[-4.973508332556797,11.749171118770818],[-4.61971574883592,11.916086080706666],[-4.236700157359595,11.670451523743964],[-4.089229810557875,11.29725562008941],[-3.7056724863086927,11.058634861019335],[-3.405108958315799,11.342833856635739],[-3.004119087829058,11.38571838189072],[-2.419563601902474,11.094392920511005],[-2.196606761038514,9.479874812400386],[-2.5603216705415366,8.521665463376994],[-2.7872367051152174,7.2281673217636895],[-2.416436687973439,6.2379058481202785],[-2.45622188879645,5.783418719230166],[-2.847500432037347,5.7716860912744865],[-3.447047686535594,5.996962975257254],[-3.9983399538194684,5.983659637801897],[-5.017576214382599,5.782525530081644],[-5.615785031434575,5.44976457665539],[-6.469053718008096,5.0264882783979195],[-6.635181741885267,5.056825417728562],[-6.565351326121734,6.006576483658725],[-6.482482258516304,6.150745949204351],[-6.506593476879665,6.604140103962173],[-6.868147719904271,7.085473498126698],[-7.140647026996712,7.1622267209820505],[-7.389242886642395,7.47726917730714],[-7.199368003108525,7.98638404310812],[-7.281544965319468,8.539383348896727],[-7.239627791307443,8.871554017317964],[-7.10356846375411,8.872851803276498],[-7.0494842957711725,9.370196388683183],[-7.11407716068736,9.59009267329065],[-7.030973666370779,9.74825644290218],[-6.711655284452736,9.88499292320232],[-6.916070688557224,10.793181280501399],[-7.109274987499492,11.260598416159791],[-7.037114006245433,11.643738267109876],[-6.865816895541204,11.731117346169434]]]}},{"type":"Feature","properties":{"admin":"GIN"},"geometry":{"type":"Polygon","coordinates":[[[-11.667866064501133,14.393409566900413],[-11.257029421886829,14.381965974179275],[-10.649624051480835,14.11111147007273],[-10.461368485617802,14.135962353024635],[-10.395337242663013,14.259557030321648],[-9.932295836509176,14.171695316749197],[-9.808303561370034,14.234380824806182],[-9.765507900798799,13.827023397094786],[-9.63029842351995,13.828289918370757],[-9.405570837947264,13.976678244725733],[-9.26488792932701,13.939549786821694],[-9.032339505595447,13.65666329917244],[-8.668600798158025,13.567556184055723],[-8.431558815635482,13.808804243213604],[-8.154211252091686,13.957755561546534],[-7.947420131260958,14.11355336399964],[-7.77726107062869,14.084388333357294],[-7.5909025241689765,13.839859702575517],[-7.492940456756654,13.532383739546423],[-7.1485458037427385,13.064281672602798],[-7.326606135862126,12.776034843358422],[-7.363762834224422,12.411027343874682],[-7.1806804528944275,12.521458588403698],[-7.075267333875502,12.390482179234143],[-7.123861610948469,12.055735779718928],[-6.865816895541204,11.731117346169434],[-7.037114006245433,11.643738267109876],[-7.109274987499492,11.260598416159791],[-6.916070688557224,10.793181280501399],[-6.711655284452736,9.88499292320232],[-7.030973666370779,9.74825644290218],[-7.11407716068736,9.59009267329065],[-7.0494842957711725,9.370196388683183],[-7.10356846375411,8.872851803276498],[-7.239627791307443,8.871554017317964],[-7.4820338585089265,8.90080800190315],[-7.660357542407817,8.440886767582931],[-7.902947812328947,8.446470298656967],[-8.06806001150597,8.689849108530826],[-8.007746752562975,9.148189727191673],[-8.360124011646157,9.845601922543697],[-8.585185141892861,9.717602143725122],[-8.768439061323706,9.69223535361411],[-9.00510698483971,9.6270256988699],[-8.991431845729224,10.043900423966756],[-9.125823360641544,10.340924100457089],[-9.094570461184464,10.670516572478764],[-9.274751172870257,11.146149033159187],[-9.508004576198104,11.549967632685343],[-10.191997574457595,11.551220875410955],[-10.394166503949679,11.338574492161671],[-10.630272299229107,11.312896723699772],[-10.779685688746603,11.069210504534256],[-10.882483967184882,10.755236674326277],[-11.346784150170809,10.25680850131914],[-11.713169359415868,10.927323829098452],[-12.039347608600814,11.369732867778229],[-12.256054406992165,11.515951106406899],[-12.465885006289838,11.7400565376753],[-12.55449053191533,12.23734289764478],[-12.67511638613617,12.484771899563377],[-12.920070601141573,12.668597175845921],[-12.530307691738745,13.214352600460428],[-12.27173970411174,13.193610887370486],[-12.04578980074965,13.381176112839007],[-11.857576805010963,13.382965346511078],[-11.720436700180475,13.530942007178558],[-11.786168420763799,13.900314110669367],[-11.690631639135809,14.016672202733188],[-11.667866064501133,14.393409566900413]]]}},{"type":"Feature","properties":{"admin":"GNB"},"geometry":{"type":"Polygon","coordinates":[[[-14.208408875043082,14.169771188315407],[-13.753006171710616,14.350755804573447],[-13.471768226375625,14.315005106938589],[-13.240669461251956,14.440009025225846],[-11.667866064501133,14.393409566900413],[-11.690631639135809,14.016672202733188],[-11.786168420763799,13.900314110669367],[-11.720436700180475,13.530942007178558],[-11.857576805010963,13.382965346511078],[-12.04578980074965,13.381176112839007],[-12.27173970411174,13.193610887370486],[-12.530307691738745,13.214352600460428],[-12.920070601141573,12.668597175845921],[-13.366749264946373,13.136804462861193],[-13.724504622414198,13.210741538428822],[-13.913684060677092,13.525636951013935],[-13.905020863863756,13.695381576848378],[-14.159660491502324,13.931784222527856],[-14.208408875043082,14.169771188315407]]]}},{"type":"Feature","properties":{"admin":"LBR"},"geometry":{"type":"Polygon","coordinates":[[[-7.239627791307443,8.871554017317964],[-7.281544965319468,8.539383348896727],[-7.199368003108525,7.98638404310812],[-7.389242886642395,7.47726917730714],[-7.140647026996712,7.1622267209820505],[-6.868147719904271,7.085473498126698],[-6.506593476879665,6.604140103962173],[-6.482482258516304,6.150745949204351],[-6.565351326121734,6.006576483658725],[-6.635181741885267,5.056825417728562],[-6.860587962553674,5.046653610054358],[-7.74487731495237,5.59660543731116],[-8.521444372807506,6.473255449753472],[-9.249453004320728,7.10214891994988],[-9.822050545016173,7.84220289791603],[-9.613734066941406,8.208493865060907],[-9.565212626352983,8.541095304626868],[-9.172535505633753,9.160651753783743],[-8.768439061323706,9.69223535361411],[-8.585185141892861,9.717602143725122],[-8.360124011646157,9.845601922543697],[-8.007746752562975,9.148189727191673],[-8.06806001150597,8.689849108530826],[-7.902947812328947,8.446470298656967],[-7.660357542407817,8.440886767582931],[-7.4820338585089265,8.90080800190315],[-7.239627791307443,8.871554017317964]]]}},{"type":"Feature","properties":{"admin":"SLE"},"geometry":{"type":"Polygon","coordinates":[[[-11.346784150170809,10.25680850131914],[-10.882483967184882,10.755236674326277],[-10.779685688746603,11.069210504534256],[-10.630272299229107,11.312896723699772],[-10.394166503949679,11.338574492161671],[-10.191997574457595,11.551220875410955],[-9.508004576198104,11.549967632685343],[-9.274751172870257,11.146149033159187],[-9.094570461184464,10.670516572478764],[-9.125823360641544,10.340924100457089],[-8.991431845729224,10.043900423966756],[-9.00510698483971,9.6270256988699],[-8.768439061323706,9.69223535361411],[-9.172535505633753,9.160651753783743],[-9.565212626352983,8.541095304626868],[-9.613734066941406,8.208493865060907],[-9.822050545016173,7.84220289791603],[-10.05264601809788,7.927174569734731],[-10.666328971100496,8.388184078495065],[-11.106891970030388,9.000049224102],[-11.252187115479495,9.416462502996877],[-11.346784150170809,10.25680850131914]]]}},{"type":"Feature","properties":{"admin":"BFA"},"geometry":{"type":"Polygon","coordinates":[[[-4.61971574883592,11.916086080706666],[-4.672093165695901,12.56860454509113],[-4.436104481580028,13.043580296080863],[-4.453268561304812,13.422207616101968],[-3.7706515402435694,14.345075318710665],[-3.640934262891006,15.10469913826381],[-3.4062283856793862,15.374096310048253],[-2.9958766316881515,15.225325420944625],[-2.6384080076813565,15.449936216419985],[-2.521486138222822,15.732829907587682],[-1.8605553883456585,16.225148326192304],[-1.6974783581549846,16.567427732882447],[-0.9037821334627104,17.020298169081983],[-0.4370677620330679,17.175346322443648],[-0.22568721463882804,16.96633041511029],[0.317766209550765,16.971344833813525],[0.25085787798509795,16.441853136375272],[0.3651442059181884,15.942351046763527],[0.8445134266193662,15.223214543454413],[0.8717347256409987,14.688001364729063],[1.853978080718721,14.436511242136126],[1.836965839828176,13.674698457152374],[1.6515290445249695,13.341000544724524],[1.2347380359811282,13.236593069723668],[1.061702915607815,12.74719011535418],[0.7682079073064544,12.620288063431378],[0.020326563329789816,12.644227203810644],[-0.37458113388708064,12.733547924110916],[-0.6504329477246747,12.552513914376796],[-1.0276218099995944,12.6342865005664],[-2.511187292417691,12.581417688045564],[-2.533489869695323,11.943779839916912],[-2.419563601902474,11.094392920511005],[-3.004119087829058,11.38571838189072],[-3.405108958315799,11.342833856635739],[-3.7056724863086927,11.058634861019335],[-4.089229810557875,11.29725562008941],[-4.236700157359595,11.670451523743964],[-4.61971574883592,11.916086080706666]]]}},{"type":"Feature","properties":{"admin":"CAF"},"geometry":{"type":"Polygon","coordinates":[[[23.537197425959892,6.059310646828794],[23.25517700462719,5.937106511057194],[22.703328695845407,5.963628332174159],[22.054673157597932,6.084813053615808],[21.73653095972097,5.986129353729022],[21.61144505063434,5.705927582034666],[21.33342317795231,5.671346867196193],[20.9909009920079,5.915137282013902],[20.040625176317697,5.339720191009609],[19.64725637565536,5.4555754651718225],[19.53013288721541,5.36666773756909],[19.280275115477302,4.6694652032142505],[18.63613304592632,4.894918560575836],[18.005598655055202,5.008590776053298],[17.453387785651657,5.434296943811341],[16.741530348255182,5.826118932901572],[16.284765516792497,5.454860354095387],[15.9551364186511,4.868868433278279],[15.883981896654866,4.062816169352099],[15.329919979040849,4.12736542980082],[14.74599810637695,4.321629155914953],[14.236852588545243,3.708623599009281],[13.790664969016072,2.630771986550173],[13.698436951439783,2.9665270646790103],[13.65746187891071,3.494808844642595],[13.26173359502741,3.867210881296334],[12.940434182503958,4.46400992223323],[12.864340673562053,4.878804995653794],[12.453478899246193,5.481502053197881],[12.52012221914869,5.825047218674611],[12.430532857669252,6.310088261331605],[12.48861873347014,7.201175755000655],[12.69267189295478,7.409513332582822],[13.111256938522205,8.569914661742954],[13.819577070650503,8.655790078810776],[13.97373778394615,8.94946000525801],[14.116117639649703,8.927170426396328],[14.334007391712076,8.668629686825154],[15.40757655950513,9.105291982036803],[15.764490847875033,9.550094140493377],[16.204525266571235,9.947723622563576],[16.11238803712531,10.347432672646825],[16.351935484415375,10.451702795749233],[17.180342568673378,10.381227238272176],[17.97518087556972,10.906097770570483],[18.56428145971872,12.137001372244216],[18.985693710785135,12.591738233820559],[19.52092981733917,12.782926181787719],[19.63115660934664,12.302707840393564],[20.143064149721074,11.598898036159635],[20.157462976764393,11.13820530469244],[20.029972951330215,10.667297093784581],[20.093275191671076,10.314951463449276],[20.397873973698005,9.987978059145375],[21.061759496984042,9.490760378520712],[21.541383015678008,9.030232154617844],[21.55710450573928,8.659213653350523],[22.146315147538928,8.063683133853162],[22.513715108412196,7.567913513924322],[22.742989631968896,6.879304016363293],[23.393094797769255,6.4242346764731995],[23.537197425959892,6.059310646828794]]]}},{"type":"Feature","properties":{"admin":"COG"},"geometry":{"type":"Polygon","coordinates":[[[15.883981896654866,4.062816169352099],[15.837419588319516,3.363866611155046],[15.582723545148104,2.744442212730346],[15.417285279001598,2.021167066777601],[15.312487553843644,0.9930966756126924],[15.358310243181371,0.3353510409687179],[15.217978810443034,-0.06741823239864199],[15.19632358561738,-0.49309519044809685],[15.096898652430008,-0.8633201314206292],[14.528667563334075,-1.4226050188003692],[14.132365373342006,-2.020117537308449],[13.753956605067271,-3.146084203014787],[13.777636110769297,-4.098378722186171],[13.557743442534957,-4.468399690664568],[13.052587910703554,-5.032513609426661],[12.541027170658943,-5.755484597702523],[12.221297550393736,-5.551258103591732],[12.16851632005401,-5.224698805269661],[11.699983613932407,-5.213307443864044],[11.4027894765274,-5.6548728065677585],[11.177635061938792,-5.5374328125948376],[10.857801741709283,-5.141618733288977],[10.596682478919606,-5.335724873147307],[10.246352111025821,-5.83356208250212],[9.54680154988439,-4.611309369984465],[10.20502058640942,-3.9731512491012073],[9.88336863750005,-3.2077331485414926],[10.179633822138765,-2.9164439577785637],[10.761156450145743,-2.774532516174687],[10.831206667810036,-2.260827287944368],[11.289707140834505,-2.8174678176514374],[12.049763449922818,-2.8662094415286434],[12.315863810462766,-2.3185256528382143],[12.426601888256165,-1.5474279399213455],[12.333994096867112,-0.641417042768426],[11.92667150997241,0.0449865077385387],[12.29839331831728,1.3890909673940308],[12.082923147489097,1.6196665826897072],[11.442174077571236,1.5251268824387223],[11.200062815787682,2.1244499982584766],[11.261223966164343,2.6301426466390336],[12.348240508980165,2.58468297881898],[13.045624760516988,2.278803227565085],[13.730869877280018,2.004746751726023],[13.790664969016072,2.630771986550173],[14.236852588545243,3.708623599009281],[14.74599810637695,4.321629155914953],[15.329919979040849,4.12736542980082],[15.883981896654866,4.062816169352099]]]}},{"type":"Feature","properties":{"admin":"GAB"},"geometry":{"type":"Polygon","coordinates":[[[9.711578417558234,2.623135270463232],[10.120625079888642,2.699287405117837],[10.644462880530833,2.5440418221402377],[11.153808732085043,2.693328241948842],[11.261223966164343,2.6301426466390336],[11.200062815787682,2.1244499982584766],[11.442174077571236,1.5251268824387223],[12.082923147489097,1.6196665826897072],[12.29839331831728,1.3890909673940308],[11.92667150997241,0.0449865077385387],[12.333994096867112,-0.641417042768426],[12.426601888256165,-1.5474279399213455],[12.315863810462766,-2.3185256528382143],[12.049763449922818,-2.8662094415286434],[11.289707140834505,-2.8174678176514374],[10.831206667810036,-2.260827287944368],[10.761156450145743,-2.774532516174687],[10.179633822138765,-2.9164439577785637],[9.88336863750005,-3.2077331485414926],[10.20502058640942,-3.9731512491012073],[9.54680154988439,-4.611309369984465],[8.666886162458367,-3.4438053100687998],[8.100350805804661,-2.487824213048673],[7.579206725292591,-1.2897388616730279],[7.607199748830942,-0.9042211821279814],[7.795520172987216,-0.533159255138845],[8.004894303874174,0.31183920755331734],[8.177963688399693,1.1723354491777658],[8.468549813922914,1.2393732711726682],[9.721835594374978,1.2275007802539162],[9.711578417558234,2.623135270463232]]]}},{"type":"Feature","properties":{"admin":"GNQ"},"geometry":{"type":"Polygon","coordinates":[[[8.3100493307937,2.649577803583687],[9.711578417558234,2.623135270463232],[9.721835594374978,1.2275007802539162],[8.468549813922914,1.2393732711726682],[8.177963688399693,1.1723354491777658],[8.016437626341675,1.3473001599699956],[8.3100493307937,2.649577803583687]]]}},{"type":"Feature","properties":{"admin":"ZMB"},"geometry":{"type":"Polygon","coordinates":[[[26.350072081663964,-9.616908713730032],[26.69975318847994,-9.90644834614008],[27.03558214085497,-10.096726917249299],[27.57405922810591,-10.28780133659574],[28.048991125711403,-10.628246072588654],[28.435608266558678,-11.133123329135671],[28.617318037472923,-12.09032660569765],[28.459682831223855,-12.394921807758296],[28.250395380137757,-13.303067116017184],[28.372885864399326,-14.22636938241586],[28.086763466047294,-14.612693810135667],[27.77811560370818,-15.638962985101319],[28.2101392225587,-15.92381384450382],[25.58817339859622,-16.826462912878878],[25.62786931356308,-17.600974682087756],[24.978857922752532,-17.74941505836985],[24.474280828312637,-18.180395606988643],[24.351310902658934,-18.55423846722756],[24.044337263088316,-18.63888562198102],[23.262167927540705,-19.520359609849812],[22.75705523535646,-20.209211923520844],[22.471548134014053,-20.233828088736114],[22.204982091346178,-20.111570552635825],[21.27035048989671,-19.99521930065616],[21.12311027490155,-19.915750245302352],[21.121357246876812,-19.827419717068583],[20.801076563198908,-19.58715489488292],[20.257542766791147,-19.525710672966966],[19.5559688271954,-19.768090379533426],[19.036407963844304,-19.100649635947764],[18.503936922747183,-18.220627245599136],[18.66887219930182,-14.739634364110145],[20.440677830909724,-14.753598921520862],[20.381281443745184,-14.370835733739884],[20.522101943712318,-13.954476534688276],[20.389056071695624,-13.431612581485297],[20.502772396016393,-12.889252712928425],[20.42283871379268,-12.541175565568205],[20.716609127874943,-12.569415771601506],[20.755110191291667,-12.9178427129603],[21.15599840765699,-12.890816277434054],[21.694712679714275,-12.994099724420213],[21.96307201459694,-13.501586911676496],[22.64053993329172,-13.65718180228969],[23.1743941099819,-13.304799061397713],[23.344542104618874,-13.88929419170475],[23.991704714478725,-14.044813748993889],[24.286731712146477,-14.518149533170309],[24.610670585163973,-15.12736333983127],[25.261230531249367,-15.136498096023203],[25.240799164145155,-13.940671844763765],[24.99871867903038,-14.14297105489172],[24.41999636131103,-13.709725138237967],[24.197149574680722,-13.51127653145235],[24.343091782084073,-12.387435137679319],[24.53809376771187,-11.053082801495071],[24.361288867085108,-10.553814634790253],[24.625624609224765,-9.829120072980276],[24.85900996588921,-9.693175080793994],[26.015606279224407,-9.501086416989205],[26.350072081663964,-9.616908713730032]]]}},{"type":"Feature","properties":{"admin":"MWI"},"geometry":{"type":"Polygon","coordinates":[[[28.048991125711403,-10.628246072588654],[28.88103561447042,-10.839511424249583],[29.041977395326533,-11.152284077903417],[29.31234746491806,-11.678665231706793],[29.48809932012624,-13.205627788099356],[29.210493316767426,-14.053205760811165],[29.3765892448704,-15.492624227887529],[29.672544038880798,-15.476563819066937],[29.959780317734634,-15.831464163841193],[30.269782024174813,-16.624324898809085],[30.25455236579943,-18.022412060750217],[29.873650155765443,-18.24991340153084],[29.565848511350087,-18.996494136291506],[29.05874654617016,-18.332045338058382],[29.043857182126008,-17.569347119471356],[29.25242827949197,-17.063771526502197],[29.22873069685283,-16.626471822649844],[28.909416449185738,-16.349562233686584],[28.670355108601147,-16.450167594777813],[28.2101392225587,-15.92381384450382],[27.77811560370818,-15.638962985101319],[28.086763466047294,-14.612693810135667],[28.372885864399326,-14.22636938241586],[28.250395380137757,-13.303067116017184],[28.459682831223855,-12.394921807758296],[28.617318037472923,-12.09032660569765],[28.435608266558678,-11.133123329135671],[28.048991125711403,-10.628246072588654]]]}},{"type":"Feature","properties":{"admin":"MOZ"},"geometry":{"type":"Polygon","coordinates":[[[29.48809932012624,-13.205627788099356],[30.134182462734888,-13.115185465419056],[31.144770172183758,-13.430111930874144],[31.374217176702352,-13.288919262810724],[31.969515781384157,-13.26011153140043],[32.28972835631797,-12.924521411953101],[32.800929951253266,-12.942898853826957],[33.755534271783816,-12.50756710984914],[34.46604512016348,-11.855684895964655],[34.466041804604,-11.855682643393132],[34.466044473239,-11.855680390821602],[34.580454795544306,-12.35998030738629],[34.48863041537431,-13.475631356320624],[34.53980390302504,-14.452222914015183],[34.46664483869866,-16.176415042061038],[34.57997781702801,-16.712532658108966],[34.27285119312283,-17.490806258986524],[33.889737639691226,-18.242718274806485],[33.30154641252411,-18.910216962714053],[32.49906643726709,-19.317524235422216],[31.50935181463854,-19.83545288274615],[30.47009243830487,-20.972173660538843],[30.131689973970683,-21.164314848447365],[29.48614645246667,-21.908657067414257],[29.12138321409763,-22.149652414617957],[28.98890371311572,-22.88910257889155],[29.316219115178384,-23.668095634619537],[29.425359932003055,-24.26673713165639],[29.40691354515922,-24.570526466107278],[29.558616295632625,-24.51982812426601],[29.437629328699156,-25.508764241827613],[29.25603528913734,-25.973060319776266],[29.433218463744403,-26.1434832929071],[29.266785065482335,-26.55609316992229],[28.884442438622354,-26.90715249050778],[28.169357078894528,-27.23916666206179],[27.124090504520105,-27.767823022699474],[26.725910885610794,-28.126762385207435],[26.752382700353877,-28.533523965960228],[26.954615536830104,-28.598272791708403],[26.828133981410897,-29.102692386502216],[26.209220686357664,-29.094697824235066],[26.18506984156893,-28.671254353011882],[26.109648037350357,-28.239015795971792],[26.075616897178328,-27.891032707995436],[26.33118325705871,-26.799823653955702],[26.183228209350442,-26.096143335035745],[25.911642823508014,-24.683485244403077],[26.885026714275064,-23.526774497705212],[27.16514826564503,-22.78393476488199],[27.298862000787324,-22.689776692642834],[27.441127149144364,-22.078396017212864],[27.329995626511053,-21.76930647724719],[27.42360195763564,-20.985237037697118],[27.639143117367457,-20.252738078861025],[27.726905205121678,-18.902173875745238],[27.30986464523469,-18.55674158280781],[26.91229700138829,-18.478493609687007],[26.745956163536857,-18.21164460172564],[26.36723574039682,-17.983569154823947],[25.66052566993771,-18.005087569236135],[25.62786931356308,-17.600974682087756],[25.58817339859622,-16.826462912878878],[28.2101392225587,-15.92381384450382],[28.670355108601147,-16.450167594777813],[28.909416449185738,-16.349562233686584],[29.22873069685283,-16.626471822649844],[29.25242827949197,-17.063771526502197],[29.043857182126008,-17.569347119471356],[29.05874654617016,-18.332045338058382],[29.565848511350087,-18.996494136291506],[29.873650155765443,-18.24991340153084],[30.25455236579943,-18.022412060750217],[30.269782024174813,-16.624324898809085],[29.959780317734634,-15.831464163841193],[29.672544038880798,-15.476563819066937],[29.3765892448704,-15.492624227887529],[29.210493316767426,-14.053205760811165],[29.48809932012624,-13.205627788099356]]]}},{"type":"Feature","properties":{"admin":"SWZ"},"geometry":{"type":"Polygon","coordinates":[[[26.209220686357664,-29.094697824235066],[25.99601560703797,-29.517481222638306],[25.50729372839247,-29.6198477465632],[25.075803340935103,-29.104270752555465],[25.102768598209277,-28.773318686932495],[25.363631547988774,-28.41217085286241],[25.469760945174063,-28.130765427223967],[25.713986759062195,-28.061730393974194],[26.109648037350357,-28.239015795971792],[26.18506984156893,-28.671254353011882],[26.209220686357664,-29.094697824235066]]]}},{"type":"Feature","properties":{"admin":"AGO"},"geometry":{"type":"MultiPolygon","coordinates":[[[[11.177635061938792,-5.5374328125948376],[10.86300992082503,-5.779724937192661],[10.720253454136547,-6.0759155027439515],[10.689614999167471,-6.577633701281763],[10.4700699066236,-6.6990939756970596],[10.246352111025821,-5.83356208250212],[10.596682478919606,-5.335724873147307],[10.857801741709283,-5.141618733288977],[11.177635061938792,-5.5374328125948376]]],[[[10.587628434759365,-7.055501331893429],[10.943553601633662,-6.9010960059490865],[11.192313792675012,-6.9225901680315935],[11.49488793427229,-6.784517705806288],[14.030737134542171,-6.799723016744624],[14.233039569046248,-7.655095737109527],[14.47076219621824,-8.341705505210795],[14.662890904758454,-8.711303268884276],[14.982548814511608,-9.307786082721169],[15.551025977241238,-9.21561647041959],[15.836551868770393,-9.055224116246645],[16.307829944445444,-9.21626392822493],[16.44105984773473,-8.931061797133477],[16.666819194421603,-8.265220476666192],[17.199879025552743,-8.220524748494674],[17.249208345255088,-8.022209910293201],[17.687297423236977,-8.017891207941743],[17.605953307727965,-8.43010465472586],[18.647446363604324,-8.420119021728643],[18.65016511751832,-9.138556037144332],[18.815385797766567,-9.578092666684148],[18.674938736049192,-10.26322984882864],[18.72228847372704,-10.96009280055588],[18.997776562374003,-11.379475160539837],[18.9174605325646,-12.718368791697648],[19.131650164114266,-12.615505017108335],[19.50197591204572,-12.643038340949094],[20.03575540055353,-12.474995404378973],[20.42283871379268,-12.541175565568205],[20.502772396016393,-12.889252712928425],[20.389056071695624,-13.431612581485297],[20.522101943712318,-13.954476534688276],[20.381281443745184,-14.370835733739884],[20.440677830909724,-14.753598921520862],[18.66887219930182,-14.739634364110145],[18.503936922747183,-18.220627245599136],[19.036407963844304,-19.100649635947764],[19.5559688271954,-19.768090379533426],[17.98858939565834,-20.201370661934472],[15.95731440444978,-20.05107706222377],[15.39313344168707,-19.54077171590491],[11.97525558659095,-19.58682411176654],[11.845691215549866,-19.66179083959453],[11.356397874158768,-19.178595132781766],[10.810336681817216,-19.146604240758776],[10.300918718344274,-19.32890945814878],[9.89031108724565,-19.532165347690864],[9.826453421462135,-18.858953064065712],[9.964244133565428,-17.91093593670782],[10.277336680686137,-16.91617248127784],[10.330997647613966,-16.447226506012708],[10.625980207394349,-15.457027317254406],[10.837311786015835,-15.00463041792333],[11.339938937098882,-14.279532957666323],[11.622488261118377,-13.784478458461377],[11.726835159616835,-12.95707478669009],[11.692827100521901,-12.32137404910373],[11.44364726178028,-11.919284835059951],[11.225997563816618,-11.235027229995062],[11.024997662476073,-10.556099595430904],[11.074018668044983,-10.320403334072166],[11.343040647219286,-9.870129276114548],[11.09567866402238,-8.76937299987572],[10.927769277105568,-8.003927118681563],[10.504085559136886,-7.278643192433987],[10.587628434759365,-7.055501331893429]]]]}},{"type":"Feature","properties":{"admin":"BDI"},"geometry":{"type":"Polygon","coordinates":[[[26.239931201715354,-2.800219565401562],[26.285934142284894,-3.2563761989929016],[26.468810528082976,-3.5188574601883573],[26.472752975541187,-3.8949894892826338],[26.257612475780643,-4.137061649049551],[25.915054541646395,-4.739890719778132],[25.597090017653745,-5.158199951265523],[25.240558762813873,-5.213128567999596],[25.20307563480773,-3.819314721659627],[24.991675513570037,-3.293015289399497],[25.513702866148545,-3.384031621587713],[25.78295645252329,-2.7244691140711104],[26.239931201715354,-2.800219565401562]]]}},{"type":"Feature","properties":{"admin":"ISR"},"geometry":{"type":"Polygon","coordinates":[[[28.416005392551238,34.553795509635805],[28.321688965596017,34.27849866796312],[28.01424595694864,34.399659271497974],[27.938774320193776,33.81463868919493],[28.154782426259754,33.71540381315041],[27.969211301226554,33.59353373592602],[27.96999537213595,33.359473566590005],[28.328126273904996,33.48016502824266],[28.399332981338286,33.13333952611593],[28.20620354618842,31.68538816348636],[28.093211108448244,31.92310183604574],[27.457393298426467,33.23992498828808],[27.457389682732977,33.23992231044309],[27.457387558932126,33.23992588090304],[27.647015272885042,33.533231349457395],[27.584881799822288,33.58356482845459],[27.733508563795798,33.996598141201595],[27.791389275766466,34.656645835155416],[27.86956994917406,34.87627820846636],[27.890021027753946,34.885247033210746],[28.156002124188802,34.88363707090474],[28.204042231104445,35.03509378200275],[28.414986564088217,35.0464421901882],[28.485991062014403,34.69205904961198],[28.399827431499162,34.55973791884519],[28.416005392551238,34.553795509635805]]]}},{"type":"Feature","properties":{"admin":"LBN"},"geometry":{"type":"Polygon","coordinates":[[[28.414986564088217,35.0464421901882],[28.204042231104445,35.03509378200275],[28.156002124188802,34.88363707090474],[27.890021027753946,34.885247033210746],[28.055416073522476,35.58543793240744],[28.343554631460915,36.18326827262103],[28.353117467103246,36.21265229000444],[28.715163925239263,36.16967033093418],[28.903787583800575,35.83775931365476],[28.5292972291366,35.51663998924006],[28.414986564088217,35.0464421901882]]]}},{"type":"Feature","properties":{"admin":"MDG"},"geometry":{"type":"Polygon","coordinates":[[[42.20222948050755,-14.26420630581525],[42.39481513724733,-14.736143303747452],[42.55095424835024,-15.46591247835186],[42.58113114031452,-16.785732825346233],[42.75674414672818,-17.29542333103619],[42.62599966567116,-17.815928645298698],[42.44722955329642,-18.134177486119814],[42.21715319347608,-17.49944902777472],[42.029490248927765,-17.820407406544405],[42.11695538795007,-18.620204092913408],[41.99822863765357,-19.075561443431003],[41.74123449729657,-19.322885966893104],[41.59689890832158,-20.22516644409849],[41.13397675571699,-21.454642635975162],[40.55599051560953,-22.88894246412625],[39.799009669658986,-24.825082022938187],[39.29256228123202,-26.218418540124205],[38.75513163055865,-27.361902811476078],[38.05207046240464,-27.593304741857537],[37.27434683925055,-28.004758578036373],[36.837462318259114,-27.756657661839736],[36.233990887494954,-27.407604128644586],[36.07726094763561,-26.889749239111435],[36.13756189181758,-26.011672703110193],[35.94520095408375,-25.213673305621338],[35.95554390280757,-24.486769779210302],[36.188450156629344,-23.752157850447194],[36.59202731638715,-23.574788717748724],[36.63224005983691,-23.232880985430565],[37.11631525938169,-22.44938342378188],[37.26100375367704,-21.78610126569453],[37.116482973110244,-21.290130178473724],[37.0217947872188,-20.625767492545272],[37.04456777113383,-19.647462726636128],[37.39176359696666,-19.04924883887126],[37.56285455948779,-18.367266658398044],[37.987419355534044,-18.327530175614083],[38.47752987120022,-18.106203522712043],[38.80703485380639,-17.910544133417446],[39.17984776943174,-17.896001079383726],[39.71355537378741,-17.277661553061648],[40.465212133109766,-16.606021096126657],[40.7629262078084,-16.054908411568075],[40.6826987774244,-15.585021191460847],[41.033775225907384,-15.717336381261731],[41.55902364915193,-14.950742135107463],[41.6216098107657,-14.284240522324682],[41.93736442710371,-13.786608806561077],[42.20222948050755,-14.26420630581525]]]}},{"type":"Feature","properties":{"admin":"PSX"},"geometry":{"type":"Polygon","coordinates":[[[28.328126273904996,33.48016502824266],[27.96999537213595,33.359473566590005],[27.969211301226554,33.59353373592602],[28.154782426259754,33.71540381315041],[27.938774320193776,33.81463868919493],[28.01424595694864,34.399659271497974],[28.321688965596017,34.27849866796312],[28.40616583414273,33.74032131974672],[28.328126273904996,33.48016502824266]]]}},{"type":"Feature","properties":{"admin":"GMB"},"geometry":{"type":"Polygon","coordinates":[[[-14.206535416636678,15.509110398997118],[-13.280021948566581,15.540651625936054],[-13.081834649925801,15.80126545310987],[-12.812081013916822,15.818994020565288],[-12.482975809592496,15.548109551143478],[-12.21934177562262,15.54295734441953],[-11.93505406666233,15.728338915549733],[-11.770211109001387,15.409998958211816],[-12.143455038413231,15.162298642221458],[-12.512571455977984,15.18176042592614],[-12.872053640051428,15.414927622562523],[-13.193141514082445,15.160073109203283],[-13.345758386869775,15.150997230034772],[-13.553812542415152,14.996203035255018],[-14.327622018235795,15.01954248233364],[-14.206535416636678,15.509110398997118]]]}},{"type":"Feature","properties":{"admin":"TUN"},"geometry":{"type":"Polygon","coordinates":[[[7.630599212970901,32.420102724154326],[7.2255655135757895,34.022795824397974],[6.720280316121032,34.37674111912504],[6.705320934926092,34.58788417392496],[6.0366553438796196,35.10395131665348],[5.943582917055589,35.74900288006743],[6.4116628344720565,36.22127458245608],[6.567771852651514,36.91116726129957],[6.409484337336181,37.696037220179115],[6.548827846590032,38.11299900829168],[7.378596119133231,38.438091139520616],[7.9272106861440355,38.3416864088827],[7.927342310648666,37.9328140028188],[8.569789059895497,38.23062873505573],[8.634575079733612,38.0754404896606],[8.268542384528761,37.677115598962914],[8.284673774611202,37.297813206203756],[8.567198606614511,37.09275848362962],[8.503929714659566,36.37132737024436],[8.00734348046605,35.94718091123469],[8.180537830629193,35.483145417691205],[8.590473801826827,35.46859987157449],[8.811072935292222,35.060174086949225],[9.119947587901652,34.925130278696095],[9.109995088852733,34.25652391997228],[8.733860288510195,34.004422878015866],[8.50139955680026,33.72166876928981],[7.967316220267262,33.37963074153001],[8.068288799862131,33.009576330879604],[8.014635070112899,32.629612816670566],[7.630599212970901,32.420102724154326]]]}},{"type":"Feature","properties":{"admin":"DZA"},"geometry":{"type":"Polygon","coordinates":[[[-7.077871914025311,29.723866157965077],[-7.056502959598985,29.906891889441702],[-7.054918039391377,29.97001943011994],[-7.026307467207848,31.077109886155633],[-5.699595436984026,31.75677931265623],[-4.889985170152669,31.8962614967633],[-4.224443306005157,32.141312548382466],[-3.9072317543639463,32.595190868408395],[-2.9617061023372635,32.951395396024665],[-2.9169599825728976,33.611726586971805],[-2.4532785087864872,33.68898838097756],[-2.0879032222071285,34.01545162579403],[-1.042767282226647,34.16356857741523],[-0.8948632478506937,34.503534133289],[-1.1033689231968111,34.68848988240967],[-1.3705234588423583,35.59761188640471],[-1.413072094609949,36.11395325052799],[-1.7042774766093107,36.65179494453383],[-0.9464253441297782,37.10587932675443],[-0.09971019146701392,37.24938311931477],[0.39328968095522265,37.58824438805503],[1.143009115188991,37.83658955076086],[2.4610749662109956,37.98139235927537],[3.7468669021999887,38.047140537987886],[4.142781944856273,37.92670901883919],[4.8651196771289404,38.245586239323266],[5.695088151034272,38.25181379000015],[6.019069662550845,38.06387629751871],[6.548827846590032,38.11299900829168],[6.409484337336181,37.696037220179115],[6.567771852651514,36.91116726129957],[6.4116628344720565,36.22127458245608],[5.943582917055589,35.74900288006743],[6.0366553438796196,35.10395131665348],[6.705320934926092,34.58788417392496],[6.720280316121032,34.37674111912504],[7.2255655135757895,34.022795824397974],[7.630599212970901,32.420102724154326],[7.922498009764537,31.615026438427115],[7.982771948731053,31.18695057632676],[7.867796007462073,30.4280915601855],[7.941704487740052,30.000014859594923],[7.855981594595261,29.482384019862092],[7.947265322437826,28.882733445402256],[7.635232387027397,28.481264841029976],[8.142512871116246,27.775493345966993],[8.186573114047688,27.357326721960863],[8.49663955922813,26.809580100685118],[8.876208561925496,26.989988983293472],[9.542743164447078,26.531657408539235],[9.927021315560491,25.909566135134725],[7.137686319544467,23.986360757890296],[4.755502137040097,21.959152503010895],[3.5789431895090056,21.49288614315898],[2.6493545547914445,21.39023087622723],[2.6349201891737306,22.05545933993702],[2.2460866804331614,22.224807450333433],[1.72352980015672,22.521865979218813],[1.5225411061835932,23.006548305726284],[-1.2853435950509513,25.22952701847248],[-4.050918810241488,27.39413488705577],[-7.077871914025311,29.723866157965077]]]}},{"type":"Feature","properties":{"admin":"JOR"},"geometry":{"type":"Polygon","coordinates":[[[28.321688965596017,34.27849866796312],[28.416005392551238,34.553795509635805],[29.359982934437856,34.20747289324882],[30.756034970340107,35.13373797127529],[31.265566416674897,34.07408472090934],[31.136489174160452,33.94136474188222],[29.609524928720695,33.49733915408866],[30.550638044638657,32.6017921830371],[30.308476817964376,32.44826831098129],[30.222330665817722,32.144345324327084],[29.626018414888545,32.018195228022115],[29.480695408947366,31.68898990907938],[29.171384907161883,31.406138314502456],[28.251406691412782,31.552490824991505],[28.20620354618842,31.68538816348636],[28.399332981338286,33.13333952611593],[28.328126273904996,33.48016502824266],[28.40616583414273,33.74032131974672],[28.321688965596017,34.27849866796312]]]}},{"type":"Feature","properties":{"admin":"ARE"},"geometry":{"type":"Polygon","coordinates":[[[42.55358616727655,26.677545342302725],[42.69285420754125,26.725501151145362],[42.76562281531283,26.45436194407939],[43.387261158792235,26.610305718386346],[44.07380546416269,26.58448217783378],[44.577025037891865,26.55525044769019],[45.030995781241074,27.221106810920848],[45.53530700686658,27.847165077392294],[45.944837010342056,28.443812191281733],[46.161727186859686,28.11445167057835],[46.411926411555505,27.345364529043202],[45.99238425979592,27.34154604702464],[46.034899304347356,26.70134831680605],[46.20420953166318,26.563939341703406],[45.86306709512021,26.368919826135937],[45.92717819411591,25.962606227052177],[45.751969161828676,25.54905145367045],[45.79319086203479,25.144664821625497],[45.658485055006146,24.931581437754364],[43.089632457048204,25.438940552265105],[42.620597625853854,26.44880852109638],[42.55358616727655,26.677545342302725]]]}},{"type":"Feature","properties":{"admin":"QAT"},"geometry":{"type":"Polygon","coordinates":[[[41.840721583451,27.178788922015],[41.67205766585775,27.88922562291755],[41.80862114263167,28.397068817868234],[42.01477934417934,28.50077977692446],[42.314285736114755,28.198185847546757],[42.423532874069295,27.629592285533587],[42.337825243879074,27.053745153514935],[42.120457858722006,26.983890123743794],[41.840721583451,27.178788922015]]]}},{"type":"Feature","properties":{"admin":"KWT"},"geometry":{"type":"Polygon","coordinates":[[[38.66526486652906,32.1189017276565],[38.910720769892045,31.715778893085005],[38.87810373898841,31.506288057135155],[39.26774215139957,30.808599196008732],[38.69845757960921,30.784464460212842],[38.416883794921944,31.226257353882865],[37.6796004920692,31.31535811107754],[38.109316809488426,32.19463576679572],[38.66526486652906,32.1189017276565]]]}},{"type":"Feature","properties":{"admin":"IRQ"},"geometry":{"type":"Polygon","coordinates":[[[31.265566416674897,34.07408472090934],[30.756034970340107,35.13373797127529],[32.33597506703668,36.02220059639334],[32.42211619300494,37.03426929704187],[32.21733499476072,37.63529997916977],[32.59899796455607,37.83675797632631],[32.880931862912576,38.341582650969315],[33.18460847075885,38.46638701230039],[34.11231879642824,38.36277546402617],[34.4353412013768,38.15751767529351],[34.77416311913763,38.29375031780784],[35.51609410381778,37.32259414399383],[36.08861160250159,37.07488778243214],[36.26290955898333,36.589012508772164],[35.93393634700644,36.299566154267836],[35.89886913155255,35.638632055196624],[36.62436396071179,34.821491238066315],[37.70077645523051,34.34427720850487],[38.25248370820521,33.67542118169105],[38.25328109913909,33.03020710919286],[38.509462900685236,33.03046156375502],[38.61316473110903,32.55117685820554],[39.152269446739446,32.07424299792602],[38.66526486652906,32.1189017276565],[38.109316809488426,32.19463576679572],[37.6796004920692,31.31535811107754],[36.162554914614994,31.388997519879535],[33.57172152631109,33.213719678522914],[32.26903875790503,33.8353131273234],[31.265566416674897,34.07408472090934]]]}},{"type":"Feature","properties":{"admin":"OMN"},"geometry":{"type":"MultiPolygon","coordinates":[[[[45.79319086203479,25.144664821625497],[45.751969161828676,25.54905145367045],[45.92717819411591,25.962606227052177],[45.86306709512021,26.368919826135937],[46.20420953166318,26.563939341703406],[46.034899304347356,26.70134831680605],[45.99238425979592,27.34154604702464],[46.411926411555505,27.345364529043202],[46.89842224150029,26.673768888296642],[47.42085576434651,26.314358265109586],[48.04910045476836,26.184607347256293],[48.5698273213762,26.003257829565364],[49.04051267895831,25.430153449926596],[49.31956938510476,25.09626697445268],[49.637677072135084,24.968579647592588],[49.673050535641195,24.743206142876822],[49.467159151525664,24.138166302207438],[49.378586862667056,23.85177701859573],[49.077255653081785,23.524257089560223],[48.869169575785364,22.818773333320276],[48.482398751215456,22.87298022267363],[48.343457452666215,22.626309971155365],[48.28161194682245,22.0996607255452],[48.47748670642438,21.40093738104098],[48.415088280275256,21.271977012205998],[48.028524553907225,21.27542305482253],[47.55363550946591,20.88215253081867],[47.5344230947543,20.36728098414808],[47.36861246482217,20.143451875659107],[46.844111839523045,20.152009659742443],[46.545291732828886,19.88435367410687],[46.5978388675894,19.453634682415746],[46.22222542807654,19.15662370587594],[45.74595674852784,19.257566476223936],[45.21985189075833,18.89601747527522],[44.83616113870282,18.835228300103424],[44.48266083320978,19.583239854042557],[43.62979723926448,21.33003578245199],[46.013888294636,22.374243931643615],[46.28225771437603,24.428496284394733],[45.79319086203479,25.144664821625497]]],[[[46.161727186859686,28.11445167057835],[45.944837010342056,28.443812191281733],[46.12161304116277,28.771261566439655],[46.238681217248505,28.68791208019581],[46.23625080372274,28.289909306171484],[46.161727186859686,28.11445167057835]]]]}},{"type":"Feature","properties":{"admin":"VUT"},"geometry":{"type":"MultiPolygon","coordinates":[[[[141.42743542183666,-18.016991119102926],[141.76452117108656,-18.63666181020758],[141.44074861639643,-18.778073064393908],[141.3069074463033,-18.30662512902725],[141.42743542183666,-18.016991119102926]]],[[[141.14220420764138,-17.775565979834152],[141.10991894144703,-17.476047369071058],[141.33107839875134,-16.641214057536054],[141.6423935130032,-16.97680934091231],[141.52245002946063,-17.852698470635367],[141.3358866200056,-17.71681657017498],[141.14220420764138,-17.775565979834152]]]]}},{"type":"Feature","properties":{"admin":"KHM"},"geometry":{"type":"Polygon","coordinates":[[[87.42875467434177,13.949242866696114],[87.0296364726061,15.287782549502854],[87.42666676136898,16.202455478723003],[88.48873167129574,16.41175661066577],[89.31113542416931,16.25452060132707],[90.08452271307608,15.824050596183325],[90.3386552893641,16.580086738061528],[91.1614127598066,16.176926115832284],[91.48232099025316,15.443613129359438],[91.58554896633592,14.116800269561582],[90.27492183708127,13.258831796365893],[90.74016465951183,12.580432611414894],[89.85405665836372,12.499070309047678],[89.17086668067589,12.046433088472694],[88.4355229954558,12.210649583616657],[88.01498507922754,12.79555158371155],[87.42875467434177,13.949242866696114]]]}},{"type":"Feature","properties":{"admin":"THA"},"geometry":{"type":"Polygon","coordinates":[[[89.31113542416931,16.25452060132707],[88.48873167129574,16.41175661066577],[87.42666676136898,16.202455478723003],[87.0296364726061,15.287782549502854],[87.42875467434177,13.949242866696114],[86.59126138339933,14.459505078665606],[85.86585992711912,14.438805006502403],[85.86187869164681,15.308169098806756],[85.11402806973807,15.301696466995148],[85.2232812515541,14.083210545427328],[84.97340390085674,12.450862337291934],[84.80956163920897,11.45653102850628],[84.9544807437259,10.638053388035518],[85.5158562068358,10.602482773104699],[85.96353157926683,9.565858719265647],[86.20307534058665,8.578653916092511],[86.73366982939254,7.923476373750271],[87.26382463413972,7.790307177958629],[87.75174469919291,7.1950649471105566],[87.50240928288645,6.72309543554619],[86.9438319376238,6.585776280649982],[86.8375220619459,7.175813373665159],[86.10121590461198,7.6782279634916435],[85.96657301812267,7.473742141034503],[85.59535711802395,7.913562368628252],[85.4047110475013,8.480230878819828],[84.895352293073,9.124767904608134],[84.4322389241786,9.665041969348076],[84.35006608213956,8.99533289435534],[84.13231829889324,9.628290007728143],[84.15943960336027,10.33723124976589],[84.29986184034463,11.422557373547074],[84.58147353854903,12.579012206822508],[84.91797571388454,13.621856359017988],[84.44517997450112,14.635833539153232],[84.38354380020237,15.149827498316474],[84.1928944354427,15.7651197597644],[83.48760377263703,16.636329306291202],[83.19383062603937,17.183559632360108],[83.45188246547835,17.384559631667116],[83.5933272521182,18.32585824995729],[83.11365284868366,19.035675344246457],[82.42532624066524,19.815837941244617],[81.82720756958791,20.746238312563086],[82.14085349460248,20.937818862480967],[82.2712323801069,22.07069757351739],[82.85151178813068,22.11734148521034],[83.23331785110044,22.567863142839414],[83.65393457634073,22.80726048480522],[84.09354728821131,22.487642653638808],[84.29000344050873,21.862238166344813],[84.86733455127023,21.814447687554342],[84.9112583018583,20.707688226024903],[85.13321207663896,19.756777274133796],[85.88634702857071,20.39057507518741],[86.17859678226958,20.20364776349007],[86.66481419389595,20.234322412702802],[86.75347601288402,20.602772264525942],[87.40543542619064,20.53014617937209],[88.23324432533654,19.66763203563903],[88.50357152105917,18.610334394033764],[89.3708296536543,17.66880089146346],[89.50152394539768,16.747671550277744],[89.31113542416931,16.25452060132707]]]}},{"type":"Feature","properties":{"admin":"LAO"},"geometry":{"type":"Polygon","coordinates":[[[91.1614127598066,16.176926115832284],[90.3386552893641,16.580086738061528],[90.08452271307608,15.824050596183325],[89.31113542416931,16.25452060132707],[89.50152394539768,16.747671550277744],[89.3708296536543,17.66880089146346],[88.50357152105917,18.610334394033764],[88.23324432533654,19.66763203563903],[87.40543542619064,20.53014617937209],[86.75347601288402,20.602772264525942],[86.66481419389595,20.234322412702802],[86.17859678226958,20.20364776349007],[85.88634702857071,20.39057507518741],[85.13321207663896,19.756777274133796],[84.9112583018583,20.707688226024903],[84.86733455127023,21.814447687554342],[84.29000344050873,21.862238166344813],[84.09354728821131,22.487642653638808],[83.65393457634073,22.80726048480522],[83.73773852483696,23.187239979671265],[84.27597825072797,23.85452334223593],[84.41371304150249,23.61409432667056],[84.86535703625114,23.586127558141687],[84.42672463496845,24.750968834737463],[84.81586977139706,24.899079461417926],[85.52239475576125,24.09801364283891],[86.1422939399539,23.167097462107463],[87.17200403902513,23.159034066043528],[87.72565552359406,22.256438783364906],[87.2575640052008,21.983621884457843],[87.107373306565,21.608014996787453],[88.2597813859791,20.9798494635828],[89.23880332466945,19.727813282046498],[89.96870795531936,18.784986758165864],[90.75863147755777,18.035040535155044],[91.11875632633044,17.268949449633283],[91.1614127598066,16.176926115832284]]]}},{"type":"Feature","properties":{"admin":"MMR"},"geometry":{"type":"Polygon","coordinates":[[[83.65393457634073,22.80726048480522],[83.23331785110044,22.567863142839414],[82.85151178813068,22.11734148521034],[82.2712323801069,22.07069757351739],[82.14085349460248,20.937818862480967],[81.82720756958791,20.746238312563086],[82.42532624066524,19.815837941244617],[83.11365284868366,19.035675344246457],[83.5933272521182,18.32585824995729],[83.45188246547835,17.384559631667116],[83.19383062603937,17.183559632360108],[83.48760377263703,16.636329306291202],[84.1928944354427,15.7651197597644],[84.38354380020237,15.149827498316474],[84.44517997450112,14.635833539153232],[84.91797571388454,13.621856359017988],[84.58147353854903,12.579012206822508],[84.29986184034463,11.422557373547074],[84.12329505984424,12.258659079690087],[84.28139474629855,13.117585968489424],[83.90912681685626,13.778174161099257],[83.80991842566951,14.98746114708687],[83.37969480921817,15.559238443138122],[82.89503741962858,16.87141092816285],[82.50440265959426,18.242495916372334],[81.97345165472625,19.133096826543003],[81.51806558766705,18.59459627547908],[80.69410293930169,17.824941244016717],[80.20290868486347,17.921366973945204],[79.63499529688792,18.17487148039126],[79.68369596863599,19.50584789447958],[79.31310243695555,20.50111481951416],[78.40252979630897,21.714014349114823],[78.4231794929307,22.09024099094959],[77.90411473357058,22.22367875684925],[77.12094223950908,23.06850533266978],[76.87270591247916,23.894284878739445],[77.20052855035266,23.739441104506795],[77.03935790822563,24.470357090057117],[77.38900004938972,24.710762834153645],[77.19128882615506,25.139410393356343],[77.28905570786974,25.481567464275823],[77.04054982412669,26.512506808945243],[77.74906827645162,26.286717746663772],[77.8843843742687,27.100752478538258],[77.78464382501589,27.577725818211206],[77.98730693882679,28.391584520849946],[77.78660464480896,28.941493234236127],[78.6251244744055,29.599671789923644],[79.26642046504918,29.428071043523634],[78.99891284314307,30.01018828546127],[79.22340896294598,30.18277722834741],[79.03518928520064,30.537869776046318],[79.48491206084448,30.60730059306013],[79.95493087061635,30.05553673401194],[80.38980947149618,29.83074601379531],[80.66516309434475,29.10397570687837],[80.89552110595598,28.311848545917808],[80.37491507782345,27.500740674139575],[80.6256188870658,26.333020220437014],[81.44915819721504,26.49739315373715],[81.91110000360874,25.580831201153],[82.49041472421713,25.38664440279701],[82.47864598002391,24.548541281272197],[83.19756734421603,24.16709034948677],[83.60741378024298,23.979398396350376],[84.13908111610782,24.276041488941285],[84.27597825072797,23.85452334223593],[83.73773852483696,23.187239979671265],[83.65393457634073,22.80726048480522]]]}},{"type":"Feature","properties":{"admin":"VNM"},"geometry":{"type":"Polygon","coordinates":[[[89.17086668067589,12.046433088472694],[89.85405665836372,12.499070309047678],[90.74016465951183,12.580432611414894],[90.27492183708127,13.258831796365893],[91.58554896633592,14.116800269561582],[91.48232099025316,15.443613129359438],[91.1614127598066,16.176926115832284],[91.11875632633044,17.268949449633283],[90.75863147755777,18.035040535155044],[89.96870795531936,18.784986758165864],[89.23880332466945,19.727813282046498],[88.2597813859791,20.9798494635828],[87.107373306565,21.608014996787453],[87.2575640052008,21.983621884457843],[87.72565552359406,22.256438783364906],[87.17200403902513,23.159034066043528],[86.1422939399539,23.167097462107463],[85.52239475576125,24.09801364283891],[84.81586977139706,24.899079461417926],[85.19135709660422,25.145132962005203],[85.85433294560384,25.140060796710905],[86.62697889693864,25.25615824770865],[87.1737525323662,25.790193775912012],[87.68619888540216,25.414598388381386],[88.49883857380023,25.231138169093708],[88.53839559593442,24.649763267976663],[89.05234952961054,24.237294719707368],[89.96509078475275,23.972805994970585],[89.0921276794694,23.095274427318735],[88.64702942881807,22.116371918130067],[88.6395490288159,21.391071198504388],[89.5391979861422,20.279317615258094],[90.62847780346044,18.885060748920953],[91.53092882066483,18.220014028483206],[92.21525641296289,17.349986618844568],[92.96522399165652,15.322850086582331],[93.15113115408653,13.369718765716785],[92.54076288292376,12.632606296372103],[91.65498954864366,11.909045482092399],[91.0679254417409,10.968160944199468],[90.11181315255735,9.912337303390998],[89.72569894413182,10.640073486072986],[89.88103577698759,11.406224825472174],[89.17086668067589,12.046433088472694]]]}},{"type":"Feature","properties":{"admin":"PRK"},"geometry":{"type":"MultiPolygon","coordinates":[[[[98.44129626415572,42.168140800139746],[98.44129570547578,42.16814225855979],[98.44129917803095,42.1681400709297],[98.44129626415572,42.168140800139746]]],[[[98.2210670001777,42.295533009922195],[98.22108277756885,42.295515572289894],[98.44128592005909,42.16814225855979],[98.11603155505875,42.21186331486892],[98.00957599055182,41.96436764526727],[98.00354123432486,41.7139384300701],[98.48963923398462,41.17955976304746],[98.23580252896765,41.013560231907604],[98.21079011764184,40.88056541957961],[98.1068332054783,40.656622031813455],[97.69971141049218,40.531473713452044],[97.53164618993175,40.32619799933045],[97.76873154507874,39.993009596410914],[97.74538623428273,39.907544930692126],[98.14803715379823,39.78142368519862],[98.84499648865682,39.43914161048974],[98.87723068211237,39.24919258290185],[98.58760786208613,39.197312288544154],[98.07059740035304,39.159128357758505],[98.03095926082844,38.801515717289114],[97.66512127556804,38.82983770218665],[97.66865194333559,38.757659336294154],[97.18399452713615,38.908988929612306],[97.19794683120509,38.7595733840761],[97.01817774703537,38.69339738452228],[96.88399462899923,38.843231223496616],[96.63149039266769,38.9159815390765],[96.3327856644736,39.04238278666546],[96.29138253536567,39.38914190257982],[96.40513822143612,39.48113174444621],[96.23036997491029,39.62389825419204],[96.10873555964923,40.04246467204571],[95.96185077591554,40.16841742917552],[95.45057636700237,40.2521683619608],[94.93101518430858,40.45751840934628],[95.16764612447065,40.944257453917785],[95.67601810589478,41.34742438934334],[95.75299299672616,41.87272041534126],[96.30902735996183,41.641523236862625],[96.98597974858716,41.61459088611555],[96.53260110138956,42.00315671780213],[97.4171005901744,42.31729275445517],[97.3470334024935,42.72184105133529],[98.2210670001777,42.295533009922195]]]]}},{"type":"Feature","properties":{"admin":"KOR"},"geometry":{"type":"Polygon","coordinates":[[[97.66865194333559,38.757659336294154],[97.66512127556804,38.82983770218665],[98.03095926082844,38.801515717289114],[98.07059740035304,39.159128357758505],[98.58760786208613,39.197312288544154],[98.87723068211237,39.24919258290185],[98.84499648865682,39.43914161048974],[100.20561429747451,38.50416707585125],[100.77219805365928,37.98162268013308],[101.42934056615972,37.03743621719397],[101.43704795485911,36.58000236085515],[100.82964410367825,36.41907256106088],[100.42250789678528,36.06981325304429],[99.75753450091753,35.99738211051107],[99.38083271358872,36.456133390243956],[99.12174406131369,37.08081042772652],[98.20272475129738,37.93398878453778],[98.68638153917776,38.0705264043649],[97.66865194333559,38.757659336294154]]]}},{"type":"Feature","properties":{"admin":"MNG"},"geometry":{"type":"Polygon","coordinates":[[[62.71646170714256,46.95171970949627],[63.38189557412848,47.05945049707865],[64.29295089289627,47.58816238698308],[65.11810185436694,47.87224213440732],[65.89872399656844,47.687269568367185],[66.64529312646033,47.678341977766344],[67.37533429089268,47.39400796279958],[68.10447006690977,47.371976087826575],[69.27307203836935,47.21746111316966],[69.56964909932204,47.643130252071195],[68.94570547508054,47.99731201403273],[69.06992912728312,48.60846462864372],[70.09802709633175,48.36660952869872],[70.80438326863484,48.297606079382774],[71.78425178773179,48.1455489579524],[72.36714730852847,47.696506611247024],[73.62570354928312,47.44081702339515],[74.18444248430913,47.55382228275652],[75.00103611556459,47.63319896169166],[75.79270726236437,47.55319938066095],[76.78688227990523,47.259133940211015],[77.5370653595997,46.94259332312049],[78.19336880930467,46.94908055032833],[79.1964521935373,46.84745170744488],[79.69637392598199,47.001978876610806],[80.52956392142386,47.10471772632788],[81.10937109311115,47.53738254756552],[81.60666400117519,47.471522449731005],[82.20184639982858,47.26619348721054],[82.99502383788952,47.317428390790596],[83.1509460470409,46.850246842836654],[83.2976977576024,46.218008862748135],[83.74784587415988,45.95502031192325],[84.07522809544226,46.036894998700525],[84.89013524639314,45.93637685255317],[85.2032054724015,46.1740219619836],[85.99450379634064,45.96827638064585],[87.11360992589677,45.51305394402232],[87.26717952896112,45.27880503879988],[86.61847928763417,45.353317845667576],[85.64526800494342,45.26560074716714],[85.31295574062734,45.07659967604151],[85.19171902434252,44.63285395488819],[84.30914754574167,44.36970333381612],[83.89490092353786,44.00540735812345],[83.01430842834728,44.14502831742122],[82.54513795368243,44.20710314020653],[82.53662399209131,43.76192174248494],[82.9975592645114,43.4935710992905],[83.30936983945365,43.2612986701074],[82.98059009672615,43.02295459653975],[82.74692904302253,42.63982013263421],[82.06579577609224,42.38581717750282],[80.96046232366476,42.358318846298125],[79.9316729431206,42.10560666936744],[79.33522945850987,41.71121011102144],[78.83926333624692,41.94014126294606],[77.92703158067944,41.93949614567636],[76.50119929157971,42.38250301470354],[75.68371149905528,42.490274601867554],[74.75547605100401,42.38961796612162],[73.09447596958405,42.55169546106762],[72.27899607484908,42.534919274042885],[71.54882465206491,42.9607404372255],[70.75371021205476,43.61127543741295],[70.24000794947933,43.688739780890884],[69.03704250248178,44.120163350203484],[67.97415395612582,44.21601439023186],[67.01468786411709,44.33301972597399],[66.53942571483338,44.6277682230468],[66.2451525326449,45.40788142997052],[65.34092275891443,45.933686242700816],[64.12220208351735,46.175530086340544],[63.253087072498396,46.51350298190943],[62.71646170714256,46.95171970949627]]]}},{"type":"Feature","properties":{"admin":"IND"},"geometry":{"type":"Polygon","coordinates":[[[79.03518928520064,30.537869776046318],[79.22340896294598,30.18277722834741],[78.99891284314307,30.01018828546127],[79.26642046504918,29.428071043523634],[78.6251244744055,29.599671789923644],[77.78660464480896,28.941493234236127],[77.98730693882679,28.391584520849946],[77.78464382501589,27.577725818211206],[77.8843843742687,27.100752478538258],[77.74906827645162,26.286717746663772],[77.04054982412669,26.512506808945243],[77.28905570786974,25.481567464275823],[77.19128882615506,25.139410393356343],[77.38900004938972,24.710762834153645],[77.03935790822563,24.470357090057117],[76.18939559804055,26.06482568568622],[75.96194530014793,26.061687264657504],[75.99534028353247,25.422998871358878],[75.40610325894059,25.941333029328295],[75.50881230638393,26.50665074230512],[75.86234536253508,26.56381176002752],[76.00648327045295,27.396207614159426],[75.4837061704064,27.563026804159456],[74.7253186650758,27.548551302232553],[73.90462792772139,27.68230372557623],[73.63534136573743,28.35662836497887],[73.22995006343092,28.404221396354732],[72.45750544627337,28.819787124066377],[72.36048864708594,28.16620974000462],[73.10025070648469,27.652036342802187],[72.68782574544419,27.287931454949792],[72.60271209592092,26.930095348715355],[73.18140287114984,26.66590923758067],[73.19840787343267,26.068451685685595],[73.67674323494282,25.316455885116085],[74.00926259269863,24.485039765910525],[73.97800008202391,24.113760408081497],[73.40886532949152,24.12658319327366],[72.43114938747898,23.914793203361288],[72.6501267024658,23.14314517629367],[72.3341458582507,22.53161884722283],[71.271344331671,21.831154378063665],[70.56502499899209,20.594714558337472],[70.05026677515175,19.92575563967718],[69.3271988479164,19.22722896879849],[69.40481452143804,18.733806778012113],[69.02500530116323,18.46858417163181],[68.32205521095398,18.081994248622756],[67.93545234095681,18.024927262115227],[67.79980833447851,17.19739644417952],[68.16459356737083,15.774213682694704],[68.32112202654669,14.85900921671697],[68.07919418252352,13.804053899374559],[68.26525443454896,11.900928152149698],[67.82785119113558,11.846397321818321],[67.51340584496717,10.985463650262334],[67.80452356634437,10.61232070809053],[67.04902042266285,10.29085159135986],[66.81753898366219,9.517825310464088],[66.49615562217218,9.1903745831093],[65.60864997902387,10.252526366727444],[65.08415532403407,11.836007688388888],[64.65307916189292,12.96870489885527],[64.3026052330375,13.497435004345679],[63.739403055345655,14.566203330508099],[63.37257971100316,15.94658043594507],[63.14286135847762,16.631076006456947],[62.17881580073196,18.12379361346618],[61.52969933462637,20.199178402353702],[61.06331013379613,21.548383762735742],[60.84965556063814,22.80896951288013],[60.511722572525166,23.772143625876915],[59.41031137418951,23.157703316123204],[58.800225158345434,23.281106774953393],[57.48746713897356,24.519116105128536],[57.8178124167608,24.884964254227935],[57.496514968047165,25.280314376159268],[56.35788408685637,26.128966239266422],[56.772361665604556,26.78968433925016],[58.587718714006606,26.78711059410582],[58.23834619558376,27.62903845733305],[57.66483114442643,28.12183428714074],[57.39808411940695,28.863251927402867],[56.7602832410611,29.292228397271575],[57.41089863190347,30.28289602709723],[58.37360945649181,30.211557858684273],[58.95856472938826,31.188431656589966],[59.19769019762557,32.11944244026899],[59.702472305822035,33.02569303714239],[59.487691881403016,33.66077434204349],[60.000105324023124,34.17077835943106],[59.21141609531398,34.602301033701465],[58.73383482828091,35.187791076034486],[58.18773468495287,35.93610093730725],[58.440789945822175,36.300196232017385],[59.71225309042836,36.09452968170591],[60.5430433263346,36.21992471256469],[61.026346319923725,36.92290266255088],[62.25934878688986,35.93969199233464],[62.44365526724805,35.24345224045543],[62.92236754005569,34.80164850730023],[63.05707479060606,34.35706668676038],[62.4438077104119,34.47443943779367],[63.00543329898464,33.50399605009519],[63.98341767952877,32.93862017716672],[65.31011630502177,32.30763086862505],[64.93270374012711,31.894584771692497],[64.88736854972971,31.033731796878893],[65.77963482770683,30.68205022408111],[66.68352230582701,30.22310537757397],[67.9025247022716,29.69430718178386],[69.05660404128538,29.57152702662923],[69.67056668946746,29.087418631632147],[70.32880031760638,28.99642229422108],[71.37857403846706,28.77314598327775],[72.05525498631424,28.78918351229501],[72.03496097256316,29.167795051748215],[71.7412000508652,29.771222014798006],[71.67550230159979,30.177146202424538],[72.10759728782698,30.374438421518338],[72.41321415954383,29.63257846639242],[72.49004231644341,29.442505872278275],[73.34418998923154,29.080928586728092],[73.81156642824627,29.230077080827833],[74.52124865370365,29.166118950449924],[75.17887793934985,29.1944096420175],[75.04782193263753,29.77764541202267],[74.6170947882261,30.07861308602278],[75.23386268348924,30.196246856366148],[75.73367075789216,30.89098302269726],[76.4548736228677,31.479738779245142],[77.21659930439515,31.25322857940305],[77.64889349835089,31.640876662062833],[78.24169659993707,31.067561148200667],[78.10965928921883,30.677330050703006],[79.03518928520064,30.537869776046318]]]}},{"type":"Feature","properties":{"admin":"BGD"},"geometry":{"type":"Polygon","coordinates":[[[77.03935790822563,24.470357090057117],[77.20052855035266,23.739441104506795],[76.87270591247916,23.894284878739445],[77.12094223950908,23.06850533266978],[76.75804920034585,23.60440201338925],[76.58560961516832,24.124950899568333],[76.30730050899737,24.614038086348863],[75.81239848249682,25.201717134679498],[75.03835931425989,25.241947752068818],[75.21801183266194,24.82638874641448],[75.09459354480789,24.262190886973713],[74.69122058619512,24.468232972513814],[74.61463912660906,24.28329548764709],[74.35266372490975,24.39414823273775],[74.00926259269863,24.485039765910525],[73.67674323494282,25.316455885116085],[73.19840787343267,26.068451685685595],[73.18140287114984,26.66590923758067],[72.60271209592092,26.930095348715355],[72.68782574544419,27.287931454949792],[73.10025070648469,27.652036342802187],[72.36048864708594,28.16620974000462],[72.45750544627337,28.819787124066377],[73.22995006343092,28.404221396354732],[73.63534136573743,28.35662836497887],[73.90462792772139,27.68230372557623],[74.7253186650758,27.548551302232553],[75.4837061704064,27.563026804159456],[76.00648327045295,27.396207614159426],[75.86234536253508,26.56381176002752],[75.50881230638393,26.50665074230512],[75.40610325894059,25.941333029328295],[75.99534028353247,25.422998871358878],[75.96194530014793,26.061687264657504],[76.18939559804055,26.06482568568622],[77.03935790822563,24.470357090057117]]]}},{"type":"Feature","properties":{"admin":"BTN"},"geometry":{"type":"Polygon","coordinates":[[[74.6170947882261,30.07861308602278],[75.04782193263753,29.77764541202267],[75.17887793934985,29.1944096420175],[74.52124865370365,29.166118950449924],[73.81156642824627,29.230077080827833],[73.34418998923154,29.080928586728092],[72.49004231644341,29.442505872278275],[72.41321415954383,29.63257846639242],[72.72698911116989,30.333115322056578],[73.08714271440809,30.570423848844193],[73.73990706396195,30.35391325004653],[74.17694062069927,30.33110498157529],[74.6170947882261,30.07861308602278]]]}},{"type":"Feature","properties":{"admin":"NPL"},"geometry":{"type":"Polygon","coordinates":[[[71.67550230159979,30.177146202424538],[71.7412000508652,29.771222014798006],[72.03496097256316,29.167795051748215],[72.05525498631424,28.78918351229501],[71.37857403846706,28.77314598327775],[70.32880031760638,28.99642229422108],[69.67056668946746,29.087418631632147],[69.05660404128538,29.57152702662923],[67.9025247022716,29.69430718178386],[66.68352230582701,30.22310537757397],[65.77963482770683,30.68205022408111],[64.88736854972971,31.033731796878893],[64.93270374012711,31.894584771692497],[65.31011630502177,32.30763086862505],[65.5717971294148,32.524299022417885],[66.31009971135036,32.24570415661037],[67.32080592605703,31.650905728883018],[67.81794563490774,31.519095359437827],[68.23308040440833,31.075817850155907],[68.92145328654583,30.892975619214273],[69.71066146348419,30.48365653724669],[70.69808894672781,30.26888727782097],[71.67550230159979,30.177146202424538]]]}},{"type":"Feature","properties":{"admin":"PAK"},"geometry":{"type":"Polygon","coordinates":[[[61.026346319923725,36.92290266255088],[60.5430433263346,36.21992471256469],[59.71225309042836,36.09452968170591],[58.440789945822175,36.300196232017385],[58.18773468495287,35.93610093730725],[58.73383482828091,35.187791076034486],[59.21141609531398,34.602301033701465],[60.000105324023124,34.17077835943106],[59.487691881403016,33.66077434204349],[59.702472305822035,33.02569303714239],[59.19769019762557,32.11944244026899],[58.95856472938826,31.188431656589966],[58.37360945649181,30.211557858684273],[57.41089863190347,30.28289602709723],[56.7602832410611,29.292228397271575],[57.39808411940695,28.863251927402867],[57.66483114442643,28.12183428714074],[58.23834619558376,27.62903845733305],[58.587718714006606,26.78711059410582],[56.772361665604556,26.78968433925016],[56.35788408685637,26.128966239266422],[55.70187980993511,26.38006349216067],[55.31103828515895,27.089333424374114],[54.518785513100056,27.83355009112436],[53.0432478790504,27.650425069606246],[51.711395657162456,27.63226288755953],[50.58035597422114,27.495465967776738],[50.663476185776545,28.621458145193458],[51.73813567716056,29.11638370603344],[51.57409609829457,29.554595364188547],[51.14983835083459,29.707950922341716],[50.93901029244591,30.536059272595214],[50.0680258622828,30.945493998308024],[49.61028710916134,31.5035077408695],[49.09443328643944,31.98531923767604],[50.5612016910978,31.517574479055426],[51.335675464871954,31.655125144142126],[51.84792147626545,31.538027759758393],[51.960760811111406,31.739194654622786],[52.54372263713905,31.658657151195044],[53.493524340979825,32.038854205690406],[53.312819537630645,32.80940839932082],[53.617299184777224,33.316236670734924],[54.21409105921927,33.31467047763464],[54.2290297842582,33.563505315506205],[54.805939835259785,33.67908205513456],[55.12625694662893,33.59655890764766],[55.363709550508055,33.845395781782976],[55.156760559804795,34.37294668058231],[55.32737945388346,34.89788175396495],[55.76094039228331,35.116376106219306],[55.260370463012784,35.68322813023436],[56.02120059047178,35.656585442689604],[56.132524205582264,35.96254836367722],[55.98540048726925,36.28693593319385],[56.25042397637422,36.639106827357985],[56.00860642191987,37.05268971351493],[55.69273395539496,37.40222616849417],[56.012215725569256,37.75865070610894],[56.78176063188889,37.92954117380014],[57.63722428265641,38.02376327315659],[57.971593636799966,38.17312608166164],[58.386503217267546,38.26361998759838],[59.11764852952802,37.88632376517993],[59.60420125008722,37.257412213840084],[61.026346319923725,36.92290266255088]]]}},{"type":"Feature","properties":{"admin":"AFG"},"geometry":{"type":"Polygon","coordinates":[[[51.60650947093338,38.448354255532486],[52.04077793496787,38.44302640706658],[52.69010047532849,38.27325839509684],[52.96451011118485,38.17496218770613],[53.428285967754604,38.43355019343736],[53.749514787975954,38.27821252384332],[53.85698792719943,38.6454462945313],[54.32668593855894,38.6288518989247],[54.399279304672774,38.74609116595246],[54.35186607761191,39.06615047203521],[54.57114323332951,39.34031982926654],[55.06300086379099,39.161329457322005],[55.078673329844385,38.91950795655065],[55.328035308809596,38.88180741226779],[55.52639580476204,38.20928813560496],[55.93860120354304,37.94428688026124],[56.14259443275019,38.114503719164524],[56.455661401437894,38.19469342857264],[56.792997604390095,38.55451091242042],[57.35138505041502,38.49549137697352],[58.15175261618224,38.49422826176031],[58.386503217267546,38.26361998759838],[57.971593636799966,38.17312608166164],[57.63722428265641,38.02376327315659],[56.78176063188889,37.92954117380014],[56.012215725569256,37.75865070610894],[55.69273395539496,37.40222616849417],[56.00860642191987,37.05268971351493],[56.25042397637422,36.639106827357985],[55.98540048726925,36.28693593319385],[56.132524205582264,35.96254836367722],[56.02120059047178,35.656585442689604],[55.260370463012784,35.68322813023436],[55.76094039228331,35.116376106219306],[55.32737945388346,34.89788175396495],[55.156760559804795,34.37294668058231],[55.363709550508055,33.845395781782976],[55.12625694662893,33.59655890764766],[54.805939835259785,33.67908205513456],[54.2290297842582,33.563505315506205],[54.21409105921927,33.31467047763464],[53.617299184777224,33.316236670734924],[53.312819537630645,32.80940839932082],[53.493524340979825,32.038854205690406],[52.54372263713905,31.658657151195044],[51.960760811111406,31.739194654622786],[51.84792147626545,31.538027759758393],[51.335675464871954,31.655125144142126],[50.5612016910978,31.517574479055426],[49.09443328643944,31.98531923767604],[49.61894622852605,32.80666582853476],[49.40289148170757,33.38268996446245],[48.75711319961894,33.53256631693255],[48.54469918438543,34.093342396799585],[48.09214292934263,34.790267477274],[48.29719424926909,35.262902197555846],[47.915964905057876,35.38956658824677],[47.95106726433001,36.00927923264208],[47.94966263659649,37.05228322873125],[48.84964890976447,36.73711298898227],[49.40567552224414,36.84815118127303],[49.4463697296494,37.22341264388196],[50.02219267255252,37.34761577488778],[50.37722921669951,37.59707996528927],[50.30413591482423,38.246523733797275],[50.9022103513624,38.40214131616512],[50.91837335817239,38.6870891041078],[51.36358862475654,38.47322432587009],[51.60650947093338,38.448354255532486]]]}},{"type":"Feature","properties":{"admin":"TJK"},"geometry":{"type":"Polygon","coordinates":[[[52.69010047532849,38.27325839509684],[52.81357380081825,39.08087805058881],[52.41228146007556,39.66521478419319],[51.772954695601754,39.85070795750297],[51.831540036291386,40.19079715444139],[52.48604491387722,40.15461692830842],[52.66848638478695,40.577753320622904],[52.696560334093036,41.06321947243895],[53.63294288406636,41.23750642485884],[53.633396476474765,40.88891834055545],[53.83696517309541,40.678408213666486],[54.14292450291224,40.69802566772689],[53.968134995227466,40.463063858525196],[53.08101272909779,40.59073543838522],[53.19930306722176,40.1494054643342],[54.003812984835456,40.20903427767763],[55.0595765570434,39.95862576814601],[56.457093560164274,40.07585883204507],[56.9706411282447,39.355659918678974],[57.18934928864191,39.43464665472786],[57.735730653358104,39.255843349353455],[57.842193997007335,38.948652240498234],[58.15175261618224,38.49422826176031],[57.35138505041502,38.49549137697352],[56.792997604390095,38.55451091242042],[56.455661401437894,38.19469342857264],[56.14259443275019,38.114503719164524],[55.93860120354304,37.94428688026124],[55.52639580476204,38.20928813560496],[55.328035308809596,38.88180741226779],[55.078673329844385,38.91950795655065],[55.06300086379099,39.161329457322005],[54.57114323332951,39.34031982926654],[54.35186607761191,39.06615047203521],[54.399279304672774,38.74609116595246],[54.32668593855894,38.6288518989247],[53.85698792719943,38.6454462945313],[53.749514787975954,38.27821252384332],[53.428285967754604,38.43355019343736],[52.96451011118485,38.17496218770613],[52.69010047532849,38.27325839509684]]]}},{"type":"Feature","properties":{"admin":"KGZ"},"geometry":{"type":"Polygon","coordinates":[[[53.39863776340145,42.20177485259103],[53.4099290306995,42.51951594374654],[53.85247008019048,42.62122706057235],[55.21373302787872,42.37237014051148],[55.10999230524248,42.797745432247254],[55.4561024515712,42.94569379260936],[56.682587254306696,42.64461517741891],[56.91232827184292,42.72373202219863],[58.16474880563215,42.70410962850934],[59.318174408885746,42.628925565924],[59.838913130586135,42.36931715992204],[60.3612703930595,42.262803990732635],[60.34639906457399,42.098018114485704],[59.37120350442311,41.700005890448104],[59.25462225153981,41.40555205464214],[58.32727600954988,41.31693745173909],[58.27789821405302,40.83711320158616],[57.42287313369753,40.93841109465705],[56.96775732494302,40.79055905475008],[56.40764089007232,40.431143555137595],[56.59518257746026,40.25191037167263],[56.457093560164274,40.07585883204507],[55.0595765570434,39.95862576814601],[54.003812984835456,40.20903427767763],[53.19930306722176,40.1494054643342],[53.08101272909779,40.59073543838522],[53.968134995227466,40.463063858525196],[54.14292450291224,40.69802566772689],[54.75682102340417,40.62317193391583],[55.47948419520016,41.16697156580131],[54.39384583803745,41.5598414954024],[53.941955028934274,41.37445793782752],[53.25220830098665,41.653987672998625],[53.657247008280194,42.12998465743346],[53.39863776340145,42.20177485259103]]]}},{"type":"Feature","properties":{"admin":"TKM"},"geometry":{"type":"Polygon","coordinates":[[[39.63430911214932,41.84826111455285],[39.88002968196287,42.09224031098134],[40.67863905405259,42.24397049149139],[41.263921397361784,42.039538930252895],[42.00679290239899,41.461031925166715],[42.38191961661202,41.49729408586921],[43.23241078006447,41.50744756090481],[42.96626282406493,41.879673479025726],[43.511650596791405,42.13205925525539],[43.974371511587066,42.55361458938911],[45.14479012334654,42.170382320484684],[45.46364960008752,41.58375038097707],[45.814087100384114,41.43162001943865],[46.61939805422585,41.46587386298037],[46.928633389844634,41.33065110704071],[47.61259180309801,40.55317327613723],[48.69390691871932,40.02339269211372],[49.33544056895075,39.65808716251853],[50.28740331283599,39.27461068976334],[51.44359162390076,38.936501070629255],[51.60650947093338,38.448354255532486],[51.36358862475654,38.47322432587009],[50.91837335817239,38.6870891041078],[50.9022103513624,38.40214131616512],[50.30413591482423,38.246523733797275],[50.37722921669951,37.59707996528927],[50.02219267255252,37.34761577488778],[49.4463697296494,37.22341264388196],[49.40567552224414,36.84815118127303],[48.84964890976447,36.73711298898227],[47.94966263659649,37.05228322873125],[47.65719693611978,37.743695569616605],[47.066485360968734,37.77286423354367],[45.942184846496026,38.488615925941794],[45.29401744616269,38.57615660744667],[44.30510375928853,38.97974134999214],[43.73173987065482,39.05270460955971],[43.440442687981,38.905113168616],[42.91597505857101,38.92811802641754],[42.507909422423324,38.472126547654454],[41.87310286416863,38.31667757681301],[41.55708986676961,38.88209491247713],[41.40981755997422,39.70457871749684],[40.726244391297094,39.96721987535107],[40.75004576882915,40.493241724411114],[40.22837444300163,40.53773646487018],[40.18200710580074,41.17483453509364],[40.962246920815346,40.990388627539346],[41.545380789662055,41.23062360229811],[40.83320472579753,41.67707099963278],[40.46369380777117,42.097470114960224],[39.924745103477704,41.91060363891204],[40.03885045904011,41.36833273773831],[39.63430911214932,41.84826111455285]]]}},{"type":"Feature","properties":{"admin":"IRN"},"geometry":{"type":"Polygon","coordinates":[[[39.152269446739446,32.07424299792602],[38.61316473110903,32.55117685820554],[38.509462900685236,33.03046156375502],[38.25328109913909,33.03020710919286],[38.25248370820521,33.67542118169105],[37.70077645523051,34.34427720850487],[36.62436396071179,34.821491238066315],[35.89886913155255,35.638632055196624],[35.93393634700644,36.299566154267836],[36.26290955898333,36.589012508772164],[36.08861160250159,37.07488778243214],[35.51609410381778,37.32259414399383],[34.77416311913763,38.29375031780784],[34.774155079996135,38.2937607856],[34.1894059771995,38.934041382426635],[34.277704287796325,39.17897820657238],[33.80133517334327,40.07346703240967],[34.26569163084309,40.29258040991038],[34.46725486496682,40.002154941937604],[34.95273754072446,39.64384685707343],[35.50865465941934,39.54006765316583],[35.780946422095845,39.56304502686921],[36.523485336744095,40.135300259348575],[36.79393056505835,40.19214831458733],[37.0870585159842,39.96582078141032],[36.93367090289536,39.581329173266205],[37.53107235310262,39.170379560617675],[37.71192898304715,39.20969256090464],[38.12130153550561,38.624578039119754],[38.9030219242588,38.457807154899506],[39.555783953922834,38.05343774097172],[40.70175915645917,37.91363636826242],[41.85486711167484,38.12803893857767],[41.87310286416863,38.31667757681301],[42.507909422423324,38.472126547654454],[42.91597505857101,38.92811802641754],[43.440442687981,38.905113168616],[43.73173987065482,39.05270460955971],[44.30510375928853,38.97974134999214],[45.29401744616269,38.57615660744667],[45.942184846496026,38.488615925941794],[47.066485360968734,37.77286423354367],[47.65719693611978,37.743695569616605],[47.94966263659649,37.05228322873125],[47.95106726433001,36.00927923264208],[47.915964905057876,35.38956658824677],[48.29719424926909,35.262902197555846],[48.09214292934263,34.790267477274],[48.54469918438543,34.093342396799585],[48.75711319961894,33.53256631693255],[49.40289148170757,33.38268996446245],[49.61894622852605,32.80666582853476],[49.09443328643944,31.98531923767604],[49.61028710916134,31.5035077408695],[50.0680258622828,30.945493998308024],[50.93901029244591,30.536059272595214],[51.14983835083459,29.707950922341716],[51.57409609829457,29.554595364188547],[51.73813567716056,29.11638370603344],[50.663476185776545,28.621458145193458],[50.58035597422114,27.495465967776738],[48.97720303611803,27.78979834496392],[48.03923759023474,28.01303028844001],[47.0893844108382,28.138947046126784],[46.51335288615337,29.316162152721123],[46.089351230416284,29.484617182968925],[45.495475021072195,29.31476006368809],[44.75886293236962,28.852505699943443],[43.70117644430302,29.16966857291403],[42.74190846942955,29.898749804737854],[41.907924911636826,30.166950107785265],[41.19729179795292,31.052312897309825],[40.358780936284,32.275221808043696],[39.95487459951229,32.12790931393244],[39.38302264768843,32.42873611143008],[39.152269446739446,32.07424299792602]]]}},{"type":"Feature","properties":{"admin":"SYR"},"geometry":{"type":"Polygon","coordinates":[[[28.416005392551238,34.553795509635805],[28.399827431499162,34.55973791884519],[28.485991062014403,34.69205904961198],[28.414986564088217,35.0464421901882],[28.5292972291366,35.51663998924006],[28.903787583800575,35.83775931365476],[28.715163925239263,36.16967033093418],[28.353117467103246,36.21265229000444],[28.163272627406855,36.85311346012516],[28.29128671104645,37.194014819355154],[28.46628078568844,37.37447252150867],[28.6406116096133,37.554216105834826],[28.59264900595947,38.008645387270334],[28.87921977881889,37.85073588306303],[29.69000433782943,38.07642291693083],[30.136252407611895,37.92379222908623],[30.77634773232869,37.926331438590225],[31.604597775387653,38.22996184853739],[32.02639996290233,38.216312217799334],[32.880931862912576,38.341582650969315],[32.59899796455607,37.83675797632631],[32.21733499476072,37.63529997916977],[32.42211619300494,37.03426929704187],[32.33597506703668,36.02220059639334],[30.756034970340107,35.13373797127529],[29.359982934437856,34.20747289324882],[28.416005392551238,34.553795509635805]]]}},{"type":"Feature","properties":{"admin":"ARM"},"geometry":{"type":"Polygon","coordinates":[[[35.780946422095845,39.56304502686921],[35.50865465941934,39.54006765316583],[35.07083306754957,39.98975404331081],[35.04109702754007,40.10882637456045],[34.70309248530136,40.107093955265405],[34.41903078693767,40.31328556117091],[34.26569163084309,40.29258040991038],[33.90255637834925,40.515909238024065],[33.2827823564874,40.70500653256],[33.253267410102154,41.072522509088685],[33.049334732282176,41.33608857804439],[34.068790928588314,41.45230723714756],[34.283759071158656,41.25631281001568],[34.611198939832164,41.12666148532848],[34.51356198145885,40.937982688007544],[34.99479539200955,40.678369483554825],[34.84934065196122,40.435745166656794],[35.23321577725511,40.227342062760734],[35.61286400904736,40.101239541319046],[35.780946422095845,39.56304502686921]]]}},{"type":"Feature","properties":{"admin":"SWE"},"geometry":{"type":"Polygon","coordinates":[[[7.238491455555397,52.23163210761405],[7.485467594690172,52.50730690003329],[7.974222288275618,52.82901694329178],[8.092480340624146,53.364925590137666],[7.6435418032039095,53.58979362513593],[7.501181511701459,54.16145934211365],[7.832582273391155,54.54989267616831],[8.451726536141878,54.54292219545604],[8.632511929156264,54.70333750937344],[8.376514172182183,54.839792296214256],[9.198157389234398,55.383977975177196],[9.692210768598953,55.792597656686816],[10.013230055515518,56.045433642176334],[10.587039298157782,56.04424819112104],[10.68155035571913,56.237007815884525],[11.820493452082255,56.182016850304095],[11.824635173249025,56.405474431597675],[12.185600219023383,56.41922550754029],[13.040066734181957,56.25390848347935],[14.067842640139231,56.01810034496774],[14.316384230873421,55.45983130578695],[14.581515581120573,55.313316734232856],[13.572826279932599,55.20531166679602],[13.075586484212357,54.934249689261236],[13.256931665833829,54.69053601738829],[12.373669005647022,54.362348720099334],[11.265611786395839,54.00093256347388],[10.962807522939219,53.3862011155209],[11.50009445152602,53.067899187350775],[12.184290472107596,52.81228292982464],[11.718380662323376,52.27866995032777],[11.061566673356761,52.165713061075124],[10.986453608229347,51.33188737517031],[10.700627928457495,50.848768140306184],[9.874305709722304,50.899167100220176],[9.563037683637646,50.481281420688624],[8.781517708534818,50.4567389379374],[8.491414485662657,50.95442491999938],[7.844020321329777,51.534632243205],[7.238491455555397,52.23163210761405]]]}},{"type":"Feature","properties":{"admin":"BLR"},"geometry":{"type":"Polygon","coordinates":[[[18.975501471313653,50.882611699026235],[19.730351402182652,50.75134859119833],[19.87172526953887,50.620507971111664],[20.204487403712786,50.68353466153816],[20.911045479118062,50.557409688505224],[21.067593161445227,50.30672413598374],[20.973099039137946,50.161199354185776],[21.526898278837486,49.80359834403458],[21.841497668736253,49.702844218124845],[21.83514367732401,49.6026070803903],[22.333887895939238,49.504476615890916],[22.585332441372014,49.354937376113995],[22.359279711131062,49.23149933765304],[21.794197540284724,49.25113428953266],[21.67871884142399,49.1982304922836],[21.90441975669059,49.00923911025555],[22.197093488392508,48.64005582793194],[22.19710923057243,48.64005466545394],[21.608564499444856,48.605546670517235],[21.43327794888251,48.477388925615706],[21.47922104143079,48.18090234197106],[21.182423857170427,48.23811901750292],[20.556832545077963,48.209772790233735],[20.33260453365106,48.34780347917826],[20.098952677432983,48.2449637859113],[19.810758652611828,48.330245895934944],[19.255052285782785,48.34206898928416],[18.434795970082025,48.48293922511527],[17.715951663925985,48.52875572045769],[17.177326216069144,48.515788845426414],[16.832514484095274,48.35686653715497],[16.502761850980058,48.33391371868116],[16.427268888638988,48.59465503828074],[16.147479166231502,48.86290972858283],[16.535740061230637,48.98008546067679],[16.482554054259946,49.207148892996415],[16.236287390967227,49.42164128932399],[16.143090591682594,49.66841047833027],[16.80851962765936,49.66464122240692],[17.496004433989558,49.87255916728442],[17.565509648161136,50.180243225161135],[18.07172190753642,50.35269160292707],[17.93416192895873,50.591407265169636],[18.317400371352672,50.68029315733686],[18.975501471313653,50.882611699026235]]]}},{"type":"Feature","properties":{"admin":"UKR"},"geometry":{"type":"Polygon","coordinates":[[[22.19710923057243,48.64005466545394],[22.46564647875968,48.61654426496036],[22.598132633992883,48.74849803094222],[22.819695535292826,48.71942246399273],[23.52348860308961,48.77531196457217],[24.08483661169184,48.44580250603],[23.950884190588496,48.326820820251],[24.071702686993298,48.14322336630398],[24.642506464739622,48.11445620025205],[24.982797229207,47.855284261764716],[25.008020781330227,47.736775773967985],[25.981229395904187,47.523553995307466],[26.491137089472396,47.61981554873644],[27.031465342017718,47.334082604825035],[27.444628267683502,47.34070907778203],[28.567885259147904,47.14028676655482],[28.643685319028947,46.95809195440511],[28.471675288892037,46.62999575411273],[28.75435643067586,46.28005515319873],[28.71516047951553,46.06621795154236],[28.031750613532974,46.01898081424116],[27.71849481577225,45.8383463081689],[27.78949402351853,45.548568234443366],[27.225507361820373,45.49608664188966],[26.8067559198208,45.282788917616195],[26.134388952965494,45.247871117407264],[25.576975464462393,44.999861976130994],[25.715025709137638,44.63994780292896],[25.598514495106475,44.6605349275159],[25.46627807765772,44.79368388644865],[25.223126591918717,44.820242766841304],[24.662907049191258,44.96401314252291],[24.514873248908447,44.797888901239105],[24.394568156267106,44.87090414146292],[23.212307419847914,45.04002283793154],[23.097593306738922,45.28778123340718],[22.442633998966627,45.20619276713683],[22.262583107356804,44.83855187199087],[21.812519627286928,44.337960594272104],[21.451619146743838,44.45492888291135],[21.130412969647733,44.34528201014491],[20.773871835535882,44.47081462489624],[20.94251415913151,44.544581779087814],[21.018102600343973,44.776403594204524],[21.168942997539403,44.9902615554692],[21.089100383018796,45.10969212532408],[21.22927352580092,45.1627554711468],[21.323215197067444,45.07064153615883],[21.758731212020027,45.05112322433056],[21.94018153529345,45.100403583169516],[21.78745967334528,45.16783672041145],[21.814710342160062,45.26667865623097],[21.518862068472686,45.434512512600534],[21.345871463788278,45.70840313343646],[21.055209284996913,45.814859640843785],[21.052369249851168,46.034114191296446],[20.682627637751278,46.20697343454872],[20.379964336653487,46.23092441376199],[19.80023753880322,46.4295635312959],[19.33699427049761,46.36666004887138],[19.1873588498338,46.27259098907473],[18.883237671391853,46.272690022072126],[18.735930405113344,46.122945108207354],[18.216402464920975,46.06114419072344],[17.990957905546217,45.96211663021817],[17.62178852011153,46.11955871745305],[17.158329418642992,46.12194870059335],[16.69719071979599,46.193002774404135],[16.412913139732144,46.055437755111015],[16.328577394843876,46.227518663675234],[15.89439011414178,46.40105477780038],[15.984124871024921,46.65619443843149],[16.149677885904637,46.819678026318954],[16.31351280313183,46.783129612225295],[16.070956272818105,47.06332875131081],[16.606615033989442,47.574000985792246],[16.942217858072055,47.644633359707974],[16.978865201890812,47.81406848420661],[16.502761850980058,48.33391371868116],[16.832514484095274,48.35686653715497],[17.177326216069144,48.515788845426414],[17.715951663925985,48.52875572045769],[18.434795970082025,48.48293922511527],[19.255052285782785,48.34206898928416],[19.810758652611828,48.330245895934944],[20.098952677432983,48.2449637859113],[20.33260453365106,48.34780347917826],[20.556832545077963,48.209772790233735],[21.182423857170427,48.23811901750292],[21.47922104143079,48.18090234197106],[21.43327794888251,48.477388925615706],[21.608564499444856,48.605546670517235],[22.19710923057243,48.64005466545394]]]}},{"type":"Feature","properties":{"admin":"POL"},"geometry":{"type":"Polygon","coordinates":[[[16.143090591682594,49.66841047833027],[16.236287390967227,49.42164128932399],[16.482554054259946,49.207148892996415],[16.535740061230637,48.98008546067679],[16.147479166231502,48.86290972858283],[16.427268888638988,48.59465503828074],[16.502761850980058,48.33391371868116],[16.978865201890812,47.81406848420661],[16.942217858072055,47.644633359707974],[16.606615033989442,47.574000985792246],[16.070956272818105,47.06332875131081],[16.31351280313183,46.783129612225295],[16.149677885904637,46.819678026318954],[15.421875328654654,47.0591937042094],[14.92500225959753,46.97137821974855],[14.575666863716645,47.03520643676313],[14.178153075323848,46.901798264918064],[13.778291704103658,47.12205453854582],[13.499810252767672,47.0379336940872],[13.45299992850746,47.075392083688605],[13.072470502478508,47.37881866760323],[12.537898902370943,47.415795503068175],[12.438635969716234,47.606582118021116],[11.941729101692035,47.67436942297392],[11.861123304100538,47.51755794231401],[11.4563183856392,47.64325511045846],[11.474453189155302,47.8094489985411],[10.938272861920932,47.86176702367586],[10.575253764150741,48.0544005809686],[10.23153425244655,48.43190995846644],[10.2560197573696,48.63323513434757],[10.037023504508083,48.942122717060585],[9.754423710249247,49.14559655648286],[9.92449413555771,49.296747643213116],[9.719319887191293,49.58201326760723],[10.163077884262796,49.7449175360324],[11.188106053674682,49.998878310302125],[12.012418701799271,50.18271653732839],[12.712112591457323,50.09114739559128],[12.79163673388336,49.95821049579557],[13.452977335033365,49.951299725163835],[14.310277679599855,49.889083116227305],[15.567719176595984,49.89731871878623],[15.934222713644019,49.83856274048518],[16.143090591682594,49.66841047833027]]]}},{"type":"Feature","properties":{"admin":"AUT"},"geometry":{"type":"Polygon","coordinates":[[[12.248295216879686,46.210398388867766],[12.232119290565223,45.94747093953704],[11.824769364592807,45.9462011980978],[11.984837022624228,45.8057279707806],[11.801728634761096,45.38431009280489],[11.677666469575941,45.27280238426044],[11.041882133716541,45.25630974670152],[10.691886731611701,45.10565005147936],[10.082507899696772,45.15719219694298],[9.020764637728824,45.32831930690803],[8.834723355343417,45.55722379793334],[8.126978720258526,45.443066235537536],[8.0538658332552,45.31761407680455],[7.604089496740728,45.41143919250003],[7.23105539666081,45.42934127056418],[6.8921493436026395,45.54897474976068],[6.990341196325184,45.709026447642486],[6.952821668660131,45.82449159083858],[7.168534091294812,45.86027255632283],[7.55108722661837,45.67959773842864],[7.639057398155087,45.851322989186386],[8.280668465751273,45.82365263621128],[8.786686493825531,45.93985227118716],[9.135785303630096,45.9199956935299],[9.376238688457953,45.787187220557264],[9.431539339513831,45.89746393687863],[9.281977370170832,46.31627115261579],[9.531329810301877,46.39714427868516],[9.749645223048676,46.6887901305437],[10.308542400652257,46.4855247686566],[10.678436052624484,46.74361123878153],[10.924180322320451,46.79044987477881],[11.507871088527086,46.59850143476254],[11.840176354566006,46.63124917955596],[12.1891238444121,46.511931809188916],[12.143505993684022,46.43140185525947],[12.248295216879686,46.210398388867766]]]}},{"type":"Feature","properties":{"admin":"HUN"},"geometry":{"type":"Polygon","coordinates":[[[15.89439011414178,46.40105477780038],[16.328577394843876,46.227518663675234],[16.412913139732144,46.055437755111015],[15.997345372629374,45.92002869710207],[15.73587756788366,45.47769946508501],[15.373879167967544,45.02850446003002],[14.808208675090487,44.90233872095818],[14.346420128325033,44.931992560046105],[13.81221804129262,44.75545598432313],[13.812209114430683,44.75545194274915],[13.552885272300061,44.65465499155909],[12.92807369367765,44.784333342747615],[12.340684311032762,45.07155466233838],[12.097347846745937,45.153500265290944],[11.925242937253284,45.377016626930924],[11.801728634761096,45.38431009280489],[11.984837022624228,45.8057279707806],[11.824769364592807,45.9462011980978],[12.232119290565223,45.94747093953704],[12.248295216879686,46.210398388867766],[12.640366650915434,46.04595147377059],[12.917684286972966,45.97561991336327],[13.512109560799916,46.054639198250676],[13.549211188896171,46.18366304106837],[13.832744510862957,46.20263719259591],[14.166947547387467,46.301894816402694],[14.251940721825433,46.26106556787093],[14.576265670422634,46.340768902605845],[14.718012188455077,46.490307293434185],[14.946442783915547,46.52894446898396],[15.753425749123306,46.33592734027321],[15.89439011414178,46.40105477780038]]]}},{"type":"Feature","properties":{"admin":"MDA"},"geometry":{"type":"Polygon","coordinates":[[[19.1873588498338,46.27259098907473],[19.33699427049761,46.36666004887138],[19.80023753880322,46.4295635312959],[20.379964336653487,46.23092441376199],[20.682627637751278,46.20697343454872],[21.052369249851168,46.034114191296446],[21.055209284996913,45.814859640843785],[21.345871463788278,45.70840313343646],[21.518862068472686,45.434512512600534],[21.814710342160062,45.26667865623097],[21.78745967334528,45.16783672041145],[21.94018153529345,45.100403583169516],[21.758731212020027,45.05112322433056],[21.323215197067444,45.07064153615883],[21.22927352580092,45.1627554711468],[21.089100383018796,45.10969212532408],[21.168942997539403,44.9902615554692],[21.018102600343973,44.776403594204524],[20.94251415913151,44.544581779087814],[20.773871835535882,44.47081462489624],[20.573324631715117,44.7794991501112],[20.585637398633207,45.065509509181766],[20.49487467375,45.35666053623358],[19.98431806867332,45.74650181056185],[19.690356843714607,46.019723009408374],[19.421809225669943,46.210249180436605],[19.1873588498338,46.27259098907473]]]}},{"type":"Feature","properties":{"admin":"ROU"},"geometry":{"type":"Polygon","coordinates":[[[20.773871835535882,44.47081462489624],[21.130412969647733,44.34528201014491],[21.451619146743838,44.45492888291135],[21.812519627286928,44.337960594272104],[21.870275142783186,44.16133923284986],[21.54548619715755,44.01321685556916],[21.306631186134126,44.07777729897606],[21.280096644109978,43.23610804708449],[20.82677235190304,43.31023885387883],[20.23344482443777,43.56558620643155],[19.390622574546587,43.40250567439713],[19.05549366214351,43.22266487575177],[17.954471859896003,43.25983887807187],[17.36320025486567,43.36980258296182],[17.083566218122282,43.31821835698142],[16.82092387205996,43.606797810404004],[16.66446595939398,43.728373823030566],[16.816172216375662,43.845656280278384],[16.618741427902986,43.93190638764933],[16.41253759647508,43.77650895425097],[15.94744679559686,43.977826483091064],[15.842479112738786,44.261291655143715],[15.36706358225977,44.42188382712365],[15.249118204553401,44.637816441234726],[14.808208675090487,44.90233872095818],[15.373879167967544,45.02850446003002],[15.73587756788366,45.47769946508501],[15.997345372629374,45.92002869710207],[16.412913139732144,46.055437755111015],[16.69719071979599,46.193002774404135],[17.158329418642992,46.12194870059335],[17.62178852011153,46.11955871745305],[17.990957905546217,45.96211663021817],[18.216402464920975,46.06114419072344],[18.735930405113344,46.122945108207354],[18.883237671391853,46.272690022072126],[19.1873588498338,46.27259098907473],[19.421809225669943,46.210249180436605],[19.690356843714607,46.019723009408374],[19.98431806867332,45.74650181056185],[20.49487467375,45.35666053623358],[20.585637398633207,45.065509509181766],[20.573324631715117,44.7794991501112],[20.773871835535882,44.47081462489624]]]}},{"type":"Feature","properties":{"admin":"LTU"},"geometry":{"type":"Polygon","coordinates":[[[17.93416192895873,50.591407265169636],[18.07172190753642,50.35269160292707],[17.565509648161136,50.180243225161135],[17.496004433989558,49.87255916728442],[16.80851962765936,49.66464122240692],[16.143090591682594,49.66841047833027],[15.934222713644019,49.83856274048518],[15.567719176595984,49.89731871878623],[15.477378456425564,50.03681872172427],[15.511883486250921,50.18544099103012],[15.188698729149248,50.271086295723826],[14.45282848704817,50.36518434914741],[14.198140873341092,50.810466724629165],[14.927818851955587,50.97038025976036],[16.06508984191032,50.937058494405534],[16.710640055217404,50.98839850944064],[16.837507401348162,50.88021280214036],[17.206138506406866,50.84667531501232],[17.93416192895873,50.591407265169636]]]}},{"type":"Feature","properties":{"admin":"LVA"},"geometry":{"type":"Polygon","coordinates":[[[18.152649536926678,51.551080330507816],[18.513671810942586,51.43496324756645],[18.655788465701054,51.187909264378206],[18.975501471313653,50.882611699026235],[18.317400371352672,50.68029315733686],[17.93416192895873,50.591407265169636],[17.206138506406866,50.84667531501232],[16.837507401348162,50.88021280214036],[16.710640055217404,50.98839850944064],[16.06508984191032,50.937058494405534],[14.927818851955587,50.97038025976036],[14.198140873341092,50.810466724629165],[14.121833324625893,51.20049716300463],[14.365261869622733,51.519560860316474],[14.943778466427878,51.6906620704922],[15.58098814689426,51.314127464112644],[16.11409271844263,51.324036032347536],[16.124184820121272,51.71061720369026],[16.660756430550922,51.798397529752734],[16.970864164096874,51.73753836799483],[17.603761551392722,51.5520156309404],[18.152649536926678,51.551080330507816]]]}},{"type":"Feature","properties":{"admin":"EST"},"geometry":{"type":"Polygon","coordinates":[[[18.255851732103086,52.527676077565246],[18.25584770527398,52.5276746567304],[18.38567292002392,52.444787901873525],[18.022013727948444,52.168011074248],[18.381854098183656,51.709857790191265],[18.152649536926678,51.551080330507816],[17.603761551392722,51.5520156309404],[16.970864164096874,51.73753836799483],[16.660756430550922,51.798397529752734],[16.124184820121272,51.71061720369026],[16.109317679294684,52.00188747639847],[15.886183181505691,51.94008786090874],[15.413975375034166,52.11374837409694],[15.270925410447886,52.39061282330228],[16.05414447573592,52.52316711394393],[16.852089268928637,52.59182011026129],[17.58767307037398,52.51366506319081],[18.255840549394524,52.527683181737466],[18.255851732103086,52.527676077565246]]]}},{"type":"Feature","properties":{"admin":"DEU"},"geometry":{"type":"Polygon","coordinates":[[[9.719319887191293,49.58201326760723],[9.92449413555771,49.296747643213116],[9.754423710249247,49.14559655648286],[10.037023504508083,48.942122717060585],[10.2560197573696,48.63323513434757],[10.23153425244655,48.43190995846644],[10.575253764150741,48.0544005809686],[10.269902649689154,47.99214056560988],[10.074379538054778,48.060713335800884],[9.913490332198636,47.9470339721418],[9.42215432510049,47.8308120577731],[9.17871314069821,47.68048385332856],[8.679782464712265,47.54835797568577],[8.82529823585528,47.36686607036026],[8.930926139958725,47.107101464677726],[9.312849800840166,46.957866536089995],[9.749645223048676,46.6887901305437],[9.531329810301877,46.39714427868516],[9.281977370170832,46.31627115261579],[9.431539339513831,45.89746393687863],[9.376238688457953,45.787187220557264],[9.135785303630096,45.9199956935299],[8.786686493825531,45.93985227118716],[8.280668465751273,45.82365263621128],[7.639057398155087,45.851322989186386],[7.55108722661837,45.67959773842864],[7.168534091294812,45.86027255632283],[6.952821668660131,45.82449159083858],[6.161739084492873,46.02233891190423],[6.023361187605335,45.8819134199567],[5.407111018898696,45.886450418763516],[5.468769720357636,46.34424338378291],[5.8015168617178485,46.77710402199762],[4.762306161687831,46.892331643955934],[4.415509641589852,47.05528319008188],[4.440050067223556,47.3258363594249],[4.2901447002919175,47.46407870205405],[4.346571102965297,47.87317285018124],[4.190969551948542,48.49424699821671],[4.611361241532311,48.49448857454855],[4.773406053745264,48.71361504821712],[4.908214999793352,49.237904257337],[4.764713256743322,49.42839558505318],[4.8903231050842155,49.54684776214278],[5.463351471405239,49.577149638780504],[5.601922500379492,49.4539741291942],[6.043841062467096,49.72837865350996],[5.867154529314909,49.93464191771155],[5.805957668774564,50.242769321948124],[6.328195685449188,50.17153416933837],[6.75509877178644,50.25374421495407],[6.790827206350702,50.04438990893476],[7.496917507648619,49.91709326465271],[7.513409195035154,49.721690277145925],[8.198016221584027,49.82531250842791],[8.56245370424104,49.9755124320631],[9.36773361023364,49.75861904193586],[9.719319887191293,49.58201326760723]]]}},{"type":"Feature","properties":{"admin":"BGR"},"geometry":{"type":"Polygon","coordinates":[[[16.82092387205996,43.606797810404004],[17.083566218122282,43.31821835698142],[17.36320025486567,43.36980258296182],[17.954471859896003,43.25983887807187],[19.05549366214351,43.22266487575177],[19.390622574546587,43.40250567439713],[20.23344482443777,43.56558620643155],[20.82677235190304,43.31023885387883],[21.280096644109978,43.23610804708449],[20.95315972713255,42.94200986841759],[20.780975484264598,42.42814659402515],[21.103596535536937,42.0127336724833],[20.43640657146815,42.11083449668801],[19.710197324934896,41.88031967702046],[19.766274970480648,41.51234128928848],[19.089765400140013,41.44215706148801],[18.513805715758743,41.70122716913377],[17.940774842030365,41.4976202473099],[17.37737614968965,41.51909517706422],[17.248629898512952,42.00682840852706],[16.835106208281886,42.24116969934903],[16.942829673257787,42.34369884825806],[16.84788721687176,42.4299046770453],[16.93774195533996,42.65944276879439],[17.18673212963949,42.883484406683316],[16.773538128602247,43.19038593971725],[16.664258204966576,43.44787908671195],[16.82092387205996,43.606797810404004]]]}},{"type":"Feature","properties":{"admin":"GRC"},"geometry":{"type":"MultiPolygon","coordinates":[[[[20.633769650377975,36.761549899018206],[20.568443365125354,36.515154792102685],[19.445321848758162,36.44391354344718],[19.435939176598417,36.582098889244705],[18.457789455624752,36.744887251505226],[18.55983893862366,37.097737648966174],[19.02301129702492,36.8181908549221],[19.627580377149382,36.86557253818959],[20.219081819183014,36.80653724341929],[20.219192242603793,36.66148181155495],[20.633769650377975,36.761549899018206]]],[[[17.37737614968965,41.51909517706422],[17.940774842030365,41.4976202473099],[18.513805715758743,41.70122716913377],[19.089765400140013,41.44215706148801],[19.766274970480648,41.51234128928848],[19.710197324934896,41.88031967702046],[20.11277711197258,41.68513150022017],[19.959551245534588,41.219580583417084],[19.79338678767309,41.13554059970591],[19.32705573726527,41.15685895149046],[18.919252007982887,41.2276651977326],[18.030042538816605,41.03261522969318],[18.62322313228424,40.6073112762014],[18.25422921275217,40.483106689394404],[17.828941827346508,40.48233729507278],[17.36847458509767,40.87344067832989],[17.249506079977515,40.70728084410063],[17.485005653282098,40.25137518996752],[17.919512437754708,39.88936897178788],[17.653800778621516,39.71921939393586],[18.132115390676475,39.35894661536041],[18.545629472773136,39.13062027390058],[18.619065781929855,38.68218272543993],[17.87484256300371,38.89311294900539],[18.15697262695095,38.48621350649077],[17.675200440522246,38.40197505372835],[18.060201154328794,37.687326447993804],[17.54336434249216,37.677115598962914],[16.86214010882635,38.03090064801539],[16.494020285800243,38.674181615840425],[16.29442236321241,39.201873457803195],[15.949499141530572,39.56256067007303],[15.501406925181035,40.005608820838304],[15.422403287561652,40.22501938497227],[15.730657471501086,40.59590787960221],[15.744135727316701,40.842447454174184],[15.976903789559577,40.95193357165916],[15.9653494225606,41.149496189744724],[16.452821335085584,41.21584793817078],[16.71862998164089,41.37913837707175],[17.131574760487723,41.36469113065945],[17.236783224280956,41.49443949191635],[17.37737614968965,41.51909517706422]]]]}},{"type":"Feature","properties":{"admin":"TUR"},"geometry":{"type":"MultiPolygon","coordinates":[[[[34.77416311913763,38.29375031780784],[34.4353412013768,38.15751767529351],[34.11231879642824,38.36277546402617],[33.18460847075885,38.46638701230039],[32.880931862912576,38.341582650969315],[32.02639996290233,38.216312217799334],[31.604597775387653,38.22996184853739],[30.77634773232869,37.926331438590225],[30.136252407611895,37.92379222908623],[29.69000433782943,38.07642291693083],[28.87921977881889,37.85073588306303],[28.59264900595947,38.008645387270334],[28.6406116096133,37.554216105834826],[28.46628078568844,37.37447252150867],[28.29128671104645,37.194014819355154],[27.933001512288907,37.56673886206732],[28.168991496581654,37.873155434530304],[27.707244253507422,37.8038654442896],[27.020113275324462,37.99082074300627],[26.571008435465384,37.521665704526704],[25.401764903423786,37.42947430758464],[24.69461703361653,37.868008154088585],[23.85031576203069,37.89531093361787],[23.72616476157774,37.55690335595223],[23.2019873372668,37.45967400602714],[22.379374951645158,37.894470724127544],[21.53126140779533,37.879834381052376],[20.949560152891866,38.68086287752217],[20.31724441112159,39.121255893191595],[20.596355942698395,39.73077950928937],[20.050550102020658,40.100821005310195],[20.775873060015584,40.83111410684362],[21.94310930371023,40.86135478797106],[22.154732366355216,41.43136993352111],[23.619035767253603,41.33271469399675],[24.42717146255588,41.813623415158865],[25.259975638280448,42.02122946575433],[26.503228229774454,42.0367972479987],[27.9476187840984,41.517137829118916],[29.10641314448406,41.228805779306164],[29.960843780430846,41.34401274598367],[30.631167479297986,41.27748503264631],[31.420330203643058,41.66556926099732],[32.215948231530504,41.700693003313546],[33.049334732282176,41.33608857804439],[33.253267410102154,41.072522509088685],[33.2827823564874,40.70500653256],[33.90255637834925,40.515909238024065],[34.26569163084309,40.29258040991038],[33.80133517334327,40.07346703240967],[34.277704287796325,39.17897820657238],[34.1894059771995,38.934041382426635],[34.774155079996135,38.2937607856],[34.77416311913763,38.29375031780784]]],[[[19.710197324934896,41.88031967702046],[20.43640657146815,42.11083449668801],[21.103596535536937,42.0127336724833],[21.2468881951847,41.73002201797866],[21.952743382898973,41.490823749402075],[21.8495184315076,41.308332372083804],[20.956310343649825,41.26713182576409],[20.67353435636865,41.03520095496996],[20.1076630115281,40.62784878136662],[19.809158771124874,40.98038490040718],[19.79338678767309,41.13554059970591],[19.959551245534588,41.219580583417084],[20.11277711197258,41.68513150022017],[19.710197324934896,41.88031967702046]]]]}},{"type":"Feature","properties":{"admin":"ALB"},"geometry":{"type":"Polygon","coordinates":[[[15.9653494225606,41.149496189744724],[15.976903789559577,40.95193357165916],[15.744135727316701,40.842447454174184],[15.730657471501086,40.59590787960221],[15.422403287561652,40.22501938497227],[15.285644985981884,40.27876371244896],[15.249453118449342,40.447215863780215],[14.795064037775168,40.702888424952214],[14.68425266525089,41.06277294071895],[14.683699648424515,41.57220050666809],[14.756985136828085,41.80163245641567],[14.614745241630578,41.91753024933734],[14.614744197905912,41.91753245247767],[14.533304866818483,42.15044353308063],[14.810747933316069,42.50793040919394],[14.877268368150336,42.37178943506577],[15.070468022093326,42.43591796480833],[15.257870602673444,42.24116969934903],[15.448344622042427,42.166581714561495],[15.536276598017723,41.901268107850846],[15.536277110254145,41.901264434278836],[15.474919937479019,41.65035592263994],[15.625760831376404,41.33167283955972],[15.9653494225606,41.149496189744724]]]}},{"type":"Feature","properties":{"admin":"HRV"},"geometry":{"type":"Polygon","coordinates":[[[12.097347846745937,45.153500265290944],[12.340684311032762,45.07155466233838],[12.92807369367765,44.784333342747615],[13.552885272300061,44.65465499155909],[13.812209114430683,44.75545194274915],[14.030097917864367,44.49339879152498],[14.2933027347973,44.299155470377094],[14.047448532890328,44.04082065064876],[13.691410692341023,44.193049916746745],[13.182479608225307,44.18354674335484],[12.533040794972598,44.29728272521774],[12.190592494259642,44.28212088761465],[12.048746773702673,44.13986159566246],[11.764361844260101,44.29728272521774],[11.644709256502352,44.012183244786776],[12.046639760084766,43.68791099688666],[12.234061893780158,43.471168508598865],[12.608571719323853,43.20800951603993],[12.912445285622237,43.051043965313966],[13.232088972175013,42.752812493158906],[13.930371769806374,42.4802996327291],[13.863662585881412,42.3572135293512],[13.863661927469808,42.35721280406614],[13.124511017928283,42.62453783826111],[12.65872937330575,42.882653725750224],[11.950429161857132,43.09427910959412],[11.265030688657301,43.612575007218574],[11.408832271189125,43.66474103504468],[11.037578792870102,43.956777024821854],[10.997127913709624,44.189255855338764],[10.510759663470362,44.29728272521774],[10.31675764548088,44.00073536686161],[10.074200363626687,44.23099603620824],[10.065424424749203,44.46800369549031],[10.090474539203065,44.479000484239144],[10.60583801057179,44.45577309175107],[10.727422005378857,44.5703689111946],[10.990477879946177,44.45953399515517],[11.280846108414211,44.44635010765348],[11.255157771209149,44.63592973687471],[11.501817980041343,44.70508024176572],[11.538741828669934,44.976409087760466],[12.097347846745937,45.153500265290944]]]}},{"type":"Feature","properties":{"admin":"CHE"},"geometry":{"type":"Polygon","coordinates":[[[6.952821668660131,45.82449159083858],[6.990341196325184,45.709026447642486],[6.8921493436026395,45.54897474976068],[7.23105539666081,45.42934127056418],[7.604089496740728,45.41143919250003],[7.569557229965401,45.14008445176672],[7.256882898111165,45.02771082181818],[6.709474161882762,45.11124037515526],[6.570842289070073,44.841589318712245],[6.223209813372658,44.820235373213414],[6.089035162696606,44.926575987031434],[5.692764573276609,44.698559051721965],[5.3407417518223985,44.66645763744054],[5.01693157727665,44.81082113736933],[4.7496720083771296,45.104222678353146],[4.405893608221109,44.99972367511533],[4.401811241451513,45.30070236548432],[4.91410187765799,45.669949618772144],[4.881287140888818,45.835361323835166],[5.2151058923856075,45.77555931783217],[5.407111018898696,45.886450418763516],[6.023361187605335,45.8819134199567],[6.161739084492873,46.02233891190423],[6.952821668660131,45.82449159083858]]]}},{"type":"Feature","properties":{"admin":"LUX"},"geometry":{"type":"Polygon","coordinates":[[[4.2901447002919175,47.46407870205405],[4.440050067223556,47.3258363594249],[4.415509641589852,47.05528319008188],[4.210262275354036,47.042167729818495],[4.047739826099502,47.095997555181135],[4.106360450360229,47.44103822263039],[4.2901447002919175,47.46407870205405]]]}},{"type":"Feature","properties":{"admin":"BEL"},"geometry":{"type":"Polygon","coordinates":[[[4.346571102965297,47.87317285018124],[4.2901447002919175,47.46407870205405],[4.106360450360229,47.44103822263039],[4.047739826099502,47.095997555181135],[3.4110608321851577,47.376824102313975],[3.048230329668483,47.32907171673823],[2.542127510673292,47.616805620102824],[2.20542766376851,47.8591434855492],[1.8769400968205563,47.86904560495569],[1.769487782430398,48.07931775998899],[2.329799704049748,48.19647498570698],[2.3298278947006668,48.19647261603924],[2.329800212287404,48.196459582862516],[2.846200823570383,48.14991157511397],[3.4919837117656805,48.272917078617006],[3.9508235874478745,48.01301968692716],[4.346571102965297,47.87317285018124]]]}},{"type":"Feature","properties":{"admin":"NLD"},"geometry":{"type":"Polygon","coordinates":[[[4.764713256743322,49.42839558505318],[4.908214999793352,49.237904257337],[4.773406053745264,48.71361504821712],[4.611361241532311,48.49448857454855],[4.190969551948542,48.49424699821671],[4.346571102965297,47.87317285018124],[3.9508235874478745,48.01301968692716],[3.4919837117656805,48.272917078617006],[2.846200823570383,48.14991157511397],[2.329800212287404,48.196459582862516],[2.3298278947006668,48.19647261603924],[2.6857528692447734,48.3586910831122],[3.2583769356053858,49.20832017187912],[4.1902911977301835,49.44423008730033],[4.764713256743322,49.42839558505318]]]}},{"type":"Feature","properties":{"admin":"PRT"},"geometry":{"type":"Polygon","coordinates":[[[-6.816049147338158,41.91975021150469],[-6.531291397583257,42.105870380168724],[-6.217899892050816,42.2122019747278],[-6.048875268391621,41.8538307084614],[-5.602960614901053,41.854705431325556],[-5.469169786553097,41.94747892608268],[-5.030837544691502,41.921818037593674],[-4.835836735089368,41.551618866601096],[-5.1946589484489865,41.350219567988134],[-5.2304375283480296,40.76362937975724],[-5.359124346987386,40.65257715812309],[-5.405710274179023,40.29172822757144],[-5.739134535353406,40.22853292918329],[-5.452562815929993,39.76523938682008],[-5.687094655157602,39.25128813475812],[-5.430751926864825,39.01659713545814],[-5.545647675162589,38.80081627666037],[-5.845201250446999,38.50137206720677],[-5.7915988915364185,38.235212799127254],[-6.112937661956538,38.02545901100862],[-6.51795072998851,38.13923145217718],[-6.923544626175019,38.050194919765886],[-6.774028507721974,38.67925490584107],[-6.821980679708578,39.167118027980216],[-7.163360557258798,39.23981482643042],[-7.3310978970713645,39.537119132145015],[-7.240927716240953,40.0456356241493],[-6.919798797843929,40.32485146071355],[-6.848214230096507,40.63340854484605],[-6.663579088609498,41.087879449168646],[-6.662241444642146,41.40482062510713],[-6.797867361292342,41.671339442164104],[-6.816049147338158,41.91975021150469]]]}},{"type":"Feature","properties":{"admin":"ESP"},"geometry":{"type":"Polygon","coordinates":[[[-5.7915988915364185,38.235212799127254],[-5.845201250446999,38.50137206720677],[-5.545647675162589,38.80081627666037],[-5.430751926864825,39.01659713545814],[-5.687094655157602,39.25128813475812],[-5.452562815929993,39.76523938682008],[-5.739134535353406,40.22853292918329],[-5.405710274179023,40.29172822757144],[-5.359124346987386,40.65257715812309],[-5.2304375283480296,40.76362937975724],[-5.1946589484489865,41.350219567988134],[-4.835836735089368,41.551618866601096],[-5.030837544691502,41.921818037593674],[-5.469169786553097,41.94747892608268],[-5.602960614901053,41.854705431325556],[-6.048875268391621,41.8538307084614],[-6.217899892050816,42.2122019747278],[-6.531291397583257,42.105870380168724],[-6.816049147338158,41.91975021150469],[-6.745944773618268,42.438917343817295],[-7.03194712914398,42.751422910683196],[-5.943274099985403,43.26498494072528],[-5.037984495182038,43.13733074442093],[-4.036396071489404,43.14181826547253],[-3.2466121832609094,43.02054677536424],[-2.6256558569338977,43.057837559978275],[-1.419583767109656,43.03431063671294],[-1.1249872228522917,42.75672065878663],[0.25384455272468615,42.42934375039295],[0.5260673120332099,42.58546399847656],[1.3739401301954588,42.25799364510384],[2.243836420075837,42.3521528478311],[2.292873338587807,41.9282300338318],[1.584896115111115,41.43590843005508],[0.6149379884817857,41.27827654139705],[0.5484488083967554,41.02598572049464],[0.08140618725625155,40.60650555545921],[-0.2137341232726841,39.982223974075445],[0.08564255447550227,39.53796728377951],[-0.3604317002414359,39.18771855703811],[-0.5293261163699102,38.67207854088287],[-1.1154072320031811,38.51271764544085],[-1.6718466770230327,37.89228724245895],[-2.660741056844496,37.879897783945516],[-3.40281365689306,37.89528980668892],[-3.8983917485220436,37.60741456677627],[-4.2053201372861135,37.29732407065134],[-4.5858529045894745,37.365593295955264],[-4.866095556677198,37.64254259086617],[-5.070733735888675,38.1101576237626],[-5.7915988915364185,38.235212799127254]]]}},{"type":"Feature","properties":{"admin":"IRL"},"geometry":{"type":"Polygon","coordinates":[[[-4.262152308154496,49.64347677533472],[-4.174930485944883,49.24306496686735],[-4.734443615866962,48.7319608401844],[-6.00083139675897,48.38735911765636],[-6.983988724634364,48.47601270456965],[-6.3591864102435816,49.07921697220026],[-6.661774766443534,49.6511365556011],[-5.686289079773902,50.081318513150364],[-5.148375779893533,50.333618250353425],[-5.032587359670181,50.043953720680584],[-5.198318768316531,49.75002800200713],[-4.773174412682587,49.75762011206546],[-4.262152308154496,49.64347677533472]]]}},{"type":"Feature","properties":{"admin":"NCL"},"geometry":{"type":"Polygon","coordinates":[[[138.2388081330401,-23.489340541741246],[138.64923529492359,-24.123370541155943],[138.8735992365242,-24.590788242449314],[138.44767678885052,-24.833646604112925],[138.11432933266968,-24.56009318231121],[137.72152582409134,-24.10256950026074],[137.41641527914726,-23.560959750029102],[137.1627072438715,-22.83506526999298],[137.1867980908806,-22.483916188292348],[137.54084400200003,-22.498819099137446],[137.86821674725337,-22.85082008629136],[138.09206705485946,-23.201551245386316],[138.2388081330401,-23.489340541741246]]]}},{"type":"Feature","properties":{"admin":"SLB"},"geometry":{"type":"MultiPolygon","coordinates":[[[[138.55821041574475,-12.042129259130945],[138.72288816435935,-12.428405960503754],[138.1275135758331,-12.421268752549077],[137.9331083670293,-11.729106760940581],[138.39350061272285,-12.001597629157896],[138.55821041574475,-12.042129259130945]]],[[[138.3621273910546,-11.04636246389743],[138.19717726641443,-11.254701566246618],[137.72606403214672,-10.273257590370807],[137.6511386244495,-9.594150209811216],[137.94261735898706,-9.594150209811216],[138.11044792198894,-10.502910300265851],[138.3621273910546,-11.04636246389743]]],[[[137.60030556566429,-11.354795057621153],[137.26257247735052,-11.37994256206507],[136.7579880631267,-11.265676123327879],[136.60867803524204,-11.091587989771353],[136.7374023612284,-10.642239717316677],[137.27308606669595,-10.820442180210335],[137.51168992496505,-11.057873864429242],[137.60030556566429,-11.354795057621153]]],[[[136.89432248171815,-9.252488141452881],[137.04394560073854,-9.613851912540245],[137.0463404459621,-9.842458225869327],[136.44501302978287,-9.359774871088078],[136.03210723730362,-8.950049940573026],[135.7605018250431,-8.569854098462706],[135.9030927626401,-8.453440408364875],[136.2623852969205,-8.727650861460067],[136.89432248171815,-9.252488141452881]]],[[[134.89820865706767,-8.11212782705997],[135.19402341601176,-8.485221510658933],[135.0149703600162,-8.550307453627829],[134.67227417500365,-8.289751617304637],[134.3759121230865,-7.819319249415359],[134.44193082517793,-7.6283768691386005],[134.89820865706767,-8.11212782705997]]]]}},{"type":"Feature","properties":{"admin":"NZL"},"geometry":{"type":"MultiPolygon","coordinates":[[[[135.013291884598,-40.56238501541879],[134.26703777473196,-40.97063021228404],[133.30190083466488,-41.48316159343401],[132.37165234643228,-41.778285838710076],[132.46911033641953,-41.584305542579386],[132.277501227672,-41.477361515879124],[133.4164076203722,-40.86076906004397],[133.62888699983006,-40.442575882232],[133.13684220881828,-40.135677613761146],[133.454836518101,-39.85571684139758],[134.29380249986954,-39.58419328134064],[135.04333028835333,-38.9786154048082],[135.51915481938124,-38.46307061161468],[135.72553118763437,-37.92230209095498],[135.88206632870586,-37.77892688925776],[135.82367606244324,-37.44131018365579],[135.8683155339442,-36.709149832024316],[136.05548786318852,-36.11495648278909],[136.40454259795388,-36.04866723536511],[136.4287212532014,-36.516149654164735],[136.84845360629808,-36.73280525257584],[136.39989080218325,-37.46955206332844],[136.15059181686502,-38.324869552830535],[136.69831067366127,-37.771895403143205],[136.8383987661743,-37.9935855436793],[136.35963610645632,-38.602605123976055],[136.72224048889615,-38.8623282721648],[137.18018386151897,-38.92584190897151],[137.93009135670238,-38.622141691326014],[138.22945178222616,-38.71437463122761],[137.3176472991499,-39.41607386268579],[136.59963452918817,-39.871024250289025],[136.03072670841715,-39.85507622324034],[135.57282442877627,-40.09012409257967],[135.28286657534514,-40.420418862890365],[135.013291884598,-40.56238501541879]]],[[[126.56142467652174,-43.12840990341621],[127.65843576171439,-42.75505305757035],[128.5580876995266,-42.38096721753489],[129.53218063218586,-41.8365658316935],[130.0337892311572,-41.649858738855976],[130.61788412008337,-41.234431836167765],[131.53797587514634,-40.88700531516932],[131.34980745709376,-41.20669590539584],[131.1715842779093,-41.51464346935388],[132.05543114547103,-41.21242339660333],[131.91427527940047,-41.527381556842435],[131.5523946192221,-41.83846771540168],[130.86955108861443,-42.1777475611997],[129.7324908352893,-42.71082397309835],[128.9942152065084,-42.998373183245256],[128.84022537419813,-43.33905099820105],[128.25487100960046,-43.34775114812704],[127.28178510568124,-43.61210549124282],[126.494018617077,-44.06622783627845],[125.15211959036083,-44.75549033768001],[124.16534927213279,-45.054982702303725],[123.53708754644121,-45.24473789051359],[122.88476724752861,-45.230627916784954],[122.71340473840554,-45.011217832898176],[121.98194949691529,-44.96424325186486],[122.18955270482323,-44.71759437252076],[123.24647542376238,-44.2131795489015],[125.0480201893066,-43.529172689589195],[125.69306409745845,-43.39710817823895],[126.56142467652174,-43.12840990341621]]]]}},{"type":"Feature","properties":{"admin":"AUS"},"geometry":{"type":"MultiPolygon","coordinates":[[[[112.19918638801,-41.123635515645745],[112.60636111823389,-41.17402133069675],[111.79109539043706,-42.053056877564394],[111.27716954634194,-42.304250736927834],[110.59561507750016,-42.88374224932182],[110.54049566209088,-42.68759313048148],[109.49592217506795,-43.18456997419092],[109.3822405458772,-43.14650573585687],[108.94702279837402,-43.12445243406941],[109.12299808158124,-42.51192289723584],[109.50267754815437,-42.03195523888683],[109.6915865014213,-41.388592852787994],[110.03484056334266,-41.04528711561667],[110.46961506074109,-41.11184375222254],[110.95706976070346,-41.370065431740194],[111.46839684975663,-41.26767235719733],[112.19918638801,-41.123635515645745]]],[[[100.59958111310895,-34.12237353958444],[99.50111680550425,-34.57083087014132],[98.69718961799843,-34.77137563639855],[98.28196151931466,-35.224238115311344],[97.78418186143121,-35.572400305933925],[97.10087353232477,-35.59313459478449],[96.55966549550782,-35.668983100584775],[95.95203323199907,-35.51332659485236],[95.32932612349896,-35.606541365831426],[94.76390131272089,-35.64568101553841],[94.03002572922797,-36.09828306882267],[93.8226783864435,-36.06007076129939],[93.28697859731385,-36.29845655795793],[92.75020054927741,-36.56515507501638],[92.19646013218976,-36.53228895993529],[91.66969349859141,-36.53198591715952],[91.14571893069356,-35.99431933246728],[90.81244096319963,-35.833281685440426],[91.1005198926733,-35.34410713926908],[91.55768173259617,-35.227170867548146],[91.79867399734012,-35.03103480338567],[91.93748156126149,-34.720066915902294],[92.35306749956796,-34.11279604546014],[92.52982092630631,-33.58968351727092],[92.54809999011658,-32.68577156500163],[92.65922331778482,-32.16886110035165],[92.93193179752022,-31.648486243571558],[92.8761693376971,-31.04833785819892],[92.97365308311083,-30.775470982813683],[92.77204801906495,-30.403664937796055],[92.97430816056138,-29.666152438751105],[92.80549122138468,-28.912354227783556],[92.84856660648362,-28.502670578204874],[93.04935906925276,-28.917994786220117],[93.11080383009163,-28.024004737970074],[93.41320298824198,-28.304635391247384],[93.51394969005936,-28.677659279575796],[93.68751131417775,-28.183836260065505],[93.56125965504863,-27.417964314622633],[93.59181416923134,-27.10932814742223],[93.50340319543758,-26.814953696274046],[93.7878750084937,-26.242645160246585],[94.03897591159961,-25.99782573706197],[94.31560970908176,-25.49793774697964],[94.4139918144199,-24.909905096326533],[94.98152927739953,-24.18027186488429],[94.80637586450877,-24.952310687936905],[95.37315899408134,-24.255224059124235],[96.15240356491361,-23.914395891575264],[96.68835205129318,-23.477725713593056],[97.4363984596123,-23.100253602030566],[97.83941263422084,-23.019742692047483],[98.03215191582389,-23.146844417238064],[98.8021303225426,-22.762127953558878],[99.34216410979218,-22.647345667958124],[99.53410152439908,-22.420150502078116],[99.78248658081482,-22.3253609943743],[100.23798963540501,-22.349845058380716],[101.20431047613009,-22.045172392558484],[101.78961868074434,-21.581395967389483],[102.15671539155086,-21.02022889096114],[102.79139221726663,-20.484326121763612],[102.93828522518456,-20.061179529336567],[103.10512043050213,-19.482061977823413],[103.9138028263777,-18.57087216482689],[104.04649654148153,-19.496576757731894],[104.45795686904387,-19.28330503389329],[104.27979305004628,-18.77662880972541],[104.66700611887119,-18.25409687074979],[104.985654856126,-18.48767941595834],[105.27609965231328,-17.66526995513542],[105.85586063765237,-17.130642467024735],[106.1517434751247,-16.700113330560857],[106.6170971037389,-16.513898222770663],[106.6933224016945,-16.207866706242708],[107.04007351437937,-16.33575021536508],[107.11127962024307,-16.060126691310487],[107.51638859830192,-15.902861125784645],[107.95653304678602,-15.754631553696916],[108.48147854514038,-16.258569570831906],[108.81455928137305,-16.906195989835673],[109.34348447459269,-16.9136364337272],[109.85997316910277,-17.015904700460286],[109.81051426822722,-16.416056050560083],[110.39906826582796,-15.535271106703236],[110.83954731954883,-15.247088232743481],[110.76061280800029,-14.971030868610336],[111.24946521410114,-14.338130992576115],[111.83676643314908,-13.945963669031295],[112.24885997718285,-14.078152299222856],[113.00285318475801,-13.868463779425387],[113.08774532716674,-13.298389658956724],[112.52482681385402,-12.93011143749414],[113.00629160869151,-12.767374625772817],[113.52544274144225,-13.044995900401222],[113.89964638681849,-13.503316843012414],[114.56678690684096,-13.788623252765941],[114.8306266159603,-13.675850188119623],[115.29632666669627,-14.018252130071051],[115.85296602808576,-13.699355804513822],[116.15549060165266,-13.796396690555486],[116.39418803836146,-13.582198511834665],[116.68332802246759,-14.133203927200203],[116.34104490672782,-14.727213715186368],[115.9279166813393,-15.17405531206417],[115.62813176918733,-15.210803700205007],[115.63490568500806,-15.651534655054755],[115.26704552476744,-16.20055629071893],[114.84552297244987,-16.738385816962076],[114.83537199170776,-17.0463725784772],[115.36587526665005,-17.647055216926937],[115.93187681087508,-17.994188763544866],[116.27298604579865,-18.366040625625914],[116.71548514949443,-19.00325549104409],[116.95370752113686,-19.002202272912157],[117.32038905099725,-19.276504472356912],[117.35653513280344,-19.606562684616872],[118.05737302392362,-19.967856602445323],[118.71819044997356,-19.603861372996473],[119.04412561586352,-19.029468103206845],[119.34477009295819,-18.55329211436162],[119.60511053390088,-17.96148765879659],[120.07900940593221,-17.097773873122335],[120.08764408268586,-16.569970345733363],[120.22287416503382,-16.251432826215904],[120.26591690536112,-15.622690844793512],[120.55461745228243,-14.790851471585704],[120.76400486277957,-14.565773116552917],[120.70569658902949,-14.195070913513971],[121.02561709725595,-13.604794839161663],[121.3006627212418,-12.990860226400658],[121.3788546124215,-12.671204445491874],[121.76853412222046,-12.250701621194645],[121.91428075648324,-12.799691123432842],[121.84516267371873,-13.501298960099149],[122.03208382781683,-13.6362062326217],[121.97752681601182,-14.103956819602258],[122.1726076481364,-14.668646866924991],[122.10345797574725,-15.294596769685068],[121.98507323916486,-15.694875391758226],[122.09193511722393,-16.55572891180829],[122.73380521017476,-16.142632853293357],[122.90504691591379,-16.606190556789564],[123.20743471475272,-17.03246200312086],[122.99842162029036,-17.51459824918106],[122.93277244083343,-18.44213452528825],[122.9114678830358,-18.97892178230527],[123.08674877981427,-19.10973122668519],[123.04657560210238,-20.02191618876819],[122.79573667244638,-20.571520117336373],[122.83851459935651,-21.286222559223987],[123.56412452247905,-21.833393699320276],[123.98397817690511,-22.328475360131396],[124.3833190021022,-22.77971322022879],[124.18236392893213,-23.029923468348883],[124.41723326504012,-23.674394294139958],[124.30477308350765,-24.775558116941568],[124.72677456811164,-24.55307341424646],[124.88381703565996,-24.991306889031694],[125.15093155917477,-24.83610111788587],[124.84118341442262,-25.900159966279166],[125.1553951651037,-26.5102305471553],[125.3651819292705,-26.88700161370135],[125.63073299951213,-27.680112398606493],[125.47317545593631,-28.45895429543414],[125.21158772876018,-29.00630451330245],[124.84173285664646,-29.595606477650012],[124.78751994673294,-30.39616575297947],[124.26614450905666,-31.219381016680735],[123.87236891340545,-31.64583176249276],[123.15582713629861,-32.458744628103396],[122.8442903056336,-32.975337212223785],[122.26787963389387,-33.61452113070173],[121.373619738857,-34.4149394821864],[120.48692801409047,-34.842333824755926],[119.72164716734696,-35.50904091039827],[119.14993620668122,-35.92988016724065],[118.36951824776519,-36.6560232791605],[117.74591671625097,-37.07033316611345],[117.05956863310854,-37.685448728114984],[116.50168127185425,-38.24429402763571],[116.32886135196462,-38.49845265930797],[115.6496178311304,-38.77597186289662],[114.75885406506386,-38.80492761198819],[113.76885610036709,-39.130007626868206],[113.15190740389609,-39.43466624678636],[112.39446448772553,-39.76965739561658],[112.05728458886473,-39.42466210365466],[111.70333824406987,-39.286215896685995],[112.16920433797924,-38.87419350110472],[111.62187376224831,-39.02416464591124],[110.46586280266621,-39.5933917278633],[109.98029084738786,-39.38113395620752],[109.64712122190898,-39.25677841672186],[109.25277489861224,-39.20044770308657],[108.6922008510682,-38.97189951503076],[108.58354527889307,-38.48055763060953],[108.91253633723494,-37.86746176414229],[109.04069092251103,-37.454754683530915],[108.90136713820517,-37.12068282226404],[108.2197097244271,-37.020998833619174],[108.76411832586598,-36.617434007994014],[109.00542804424825,-35.99287591665382],[108.21987405452923,-36.5752695681367],[107.4138830446266,-36.72866968680157],[108.14572355444662,-36.26523248874063],[108.59553668135858,-35.77698007278373],[109.17783049645324,-35.358733488681196],[109.52650030004574,-34.7197525780501],[108.40772709944288,-35.45493421685981],[107.72166883382661,-35.74678219186574],[106.96770237932596,-36.418855226034104],[106.58688741865141,-36.072345557610994],[106.9086338179214,-35.621706872697175],[106.8113834611612,-34.99926816711404],[106.59426004006032,-34.67463574670865],[106.86692159101545,-34.47362806445511],[106.16222678706482,-33.94225214511625],[105.6159981323273,-33.91706341654356],[105.09507082250116,-33.486134416144715],[103.61511787265631,-33.57015418719239],[102.40187514012898,-33.88693994043647],[101.32745316030618,-34.18057177763984],[100.59958111310895,-34.12237353958444]]]]}},{"type":"Feature","properties":{"admin":"LKA"},"geometry":{"type":"Polygon","coordinates":[[[70.17425605157284,8.685451616121567],[70.11953079869818,7.493568730053673],[69.77773782235242,7.1669431927149585],[69.0445771126357,6.904184575704488],[68.58501496438811,7.816477861071529],[68.32548847112409,9.458483724300267],[68.56689249171582,11.299619537587139],[69.21168076625412,10.67110223605899],[69.67408643861116,9.871922057966348],[70.17425605157284,8.685451616121567]]]}},{"type":"Feature","properties":{"admin":"CHN"},"geometry":{"type":"MultiPolygon","coordinates":[[[[92.05623693535813,20.484381153656813],[91.28996027390595,20.811927648208076],[91.04603608439102,21.715473102478295],[91.33898297278388,22.188192564067574],[92.17710470534956,22.479359576863907],[92.66451606652656,22.454746784851448],[92.95587273430837,22.057909246948626],[92.70544191415667,21.598276971598764],[92.66133450265612,20.991877639538938],[92.05623693535813,20.484381153656813]]],[[[60.3612703930595,42.262803990732635],[60.07007372537424,42.674932286218166],[60.476704027126075,42.86147911645799],[59.08080544401621,44.08028566507914],[60.37050115948151,44.35415305749308],[60.64951051585295,44.505720365098696],[60.36976299662739,45.69756857949527],[61.96406684236969,45.48211482574623],[62.15488094276868,45.77764267743814],[61.70879737444258,46.42234114967437],[62.26071759376328,46.48164297732037],[62.477820066439136,46.900460275969934],[62.71646170714256,46.95171970949627],[63.253087072498396,46.51350298190943],[64.12220208351735,46.175530086340544],[65.34092275891443,45.933686242700816],[66.2451525326449,45.40788142997052],[66.53942571483338,44.6277682230468],[67.01468786411709,44.33301972597399],[67.97415395612582,44.21601439023186],[69.03704250248178,44.120163350203484],[70.24000794947933,43.688739780890884],[70.75371021205476,43.61127543741295],[71.54882465206491,42.9607404372255],[72.27899607484908,42.534919274042885],[73.09447596958405,42.55169546106762],[74.75547605100401,42.38961796612162],[75.68371149905528,42.490274601867554],[76.50119929157971,42.38250301470354],[77.92703158067944,41.93949614567636],[78.83926333624692,41.94014126294606],[79.33522945850987,41.71121011102144],[79.9316729431206,42.10560666936744],[80.96046232366476,42.358318846298125],[82.06579577609224,42.38581717750282],[82.74692904302253,42.63982013263421],[82.98059009672615,43.02295459653975],[83.30936983945365,43.2612986701074],[82.9975592645114,43.4935710992905],[82.53662399209131,43.76192174248494],[82.54513795368243,44.20710314020653],[83.01430842834728,44.14502831742122],[83.89490092353786,44.00540735812345],[84.30914754574167,44.36970333381612],[85.19171902434252,44.63285395488819],[85.31295574062734,45.07659967604151],[85.64526800494342,45.26560074716714],[86.61847928763417,45.353317845667576],[87.26717952896112,45.27880503879988],[87.11360992589677,45.51305394402232],[85.99450379634064,45.96827638064585],[85.2032054724015,46.1740219619836],[84.89013524639314,45.93637685255317],[84.07522809544226,46.036894998700525],[83.74784587415988,45.95502031192325],[83.2976977576024,46.218008862748135],[83.1509460470409,46.850246842836654],[82.99502383788952,47.317428390790596],[84.10488309246466,47.08453564901668],[84.67593371202659,47.47313115617744],[84.3644915499474,47.74023114532487],[84.25386742786789,48.372222171561845],[84.41400495909998,48.55995500792874],[84.00727116494852,48.879737754542845],[83.45396856504124,49.016004665350444],[83.6643276961759,49.29857038561641],[84.38993795240067,49.40008735997711],[85.28482135814761,49.41528783896187],[86.54341668829511,49.247523092033596],[87.43080545570669,49.038236867089026],[88.62263548929698,48.454811746117876],[89.20822474122735,48.201280776749954],[89.91191102450287,47.83475935642038],[90.89858890566872,47.238547806071146],[92.37538991207224,47.04088474308053],[93.74967005567882,46.59584245268455],[94.73183051486912,45.9960861926244],[95.83156776576249,45.995331103824455],[96.16430359753845,46.24875896354398],[97.132042070737,46.43662076817449],[97.43127828742676,45.859139586463726],[97.42158251916936,45.620791372543216],[97.97350640150538,44.89527148477183],[98.17531687325231,44.2358983423696],[97.15578422702076,44.356975068227136],[96.7694472684181,44.114997345986],[97.55460734223833,43.52044847919133],[98.24551727668049,42.682061907452656],[97.8807645898554,42.66267509232335],[98.2210670001777,42.295533009922195],[97.3470334024935,42.72184105133529],[97.4171005901744,42.31729275445517],[96.53260110138956,42.00315671780213],[96.98597974858716,41.61459088611555],[96.30902735996183,41.641523236862625],[95.75299299672616,41.87272041534126],[95.67601810589478,41.34742438934334],[95.16764612447065,40.944257453917785],[94.93101518430858,40.45751840934628],[94.03283642264738,40.23484545339195],[93.73850125029388,39.87420968095965],[93.06647520312251,39.66203377281667],[93.21110757007618,40.021536812674185],[92.82710456479509,40.32114804808413],[93.03952760438192,40.83295129804606],[92.32803426440081,41.227162252991654],[91.87358844820497,40.962023252004265],[91.41439524539096,40.43426408973617],[91.30735951905042,39.937633518687186],[90.58165332088463,39.90041994413793],[90.44625484998555,39.53728094677224],[91.21944607154526,39.005284475704464],[91.94080478158148,38.87509666274182],[92.20828769752309,38.51704355834305],[92.97861119698567,38.282437183504705],[93.46009668736066,38.85372617458337],[94.36131352353769,38.54319721435039],[94.87735526511368,38.52186563549283],[95.2901453371359,38.10021132498487],[94.33878994554333,37.87374321574201],[94.26041601791074,37.43265667834486],[93.76029543196428,37.01892355558711],[93.71329535954855,36.435417676240874],[94.83662476075355,35.97222234024583],[95.63334858826262,35.132047102346924],[96.55985416610616,34.33654867410604],[97.46602980562788,33.66036243411862],[97.79839640057361,32.99839032174784],[97.4191757782412,32.7530444442786],[97.85177801168517,32.27081122847006],[98.46453161357664,31.988312618298774],[98.69771786934906,31.240579501844064],[98.82991200652218,30.50416426349004],[98.41363856196698,30.42013570722027],[98.26122161096455,29.399018064682217],[98.10902516807927,28.13979807417819],[97.78535624391053,26.97509651158143],[96.97334336869095,26.061841550877755],[96.1026314151026,25.219677395719703],[95.2051164700815,25.1041269135139],[94.8386639494837,24.65538874816348],[94.44922739154683,24.983437286380227],[94.13482408201075,24.48063492314777],[93.12413606646533,23.970880949063194],[92.28823950448655,23.81421527575415],[92.3051633556909,22.727805359287398],[91.858198213591,22.667172454390915],[91.4356076055734,23.415648242403382],[91.52164069802781,23.81207509964909],[90.31133523707054,24.138849890838078],[89.96509078475275,23.972805994970585],[89.05234952961054,24.237294719707368],[88.53839559593442,24.649763267976663],[88.49883857380023,25.231138169093708],[87.68619888540216,25.414598388381386],[87.1737525323662,25.790193775912012],[86.62697889693864,25.25615824770865],[85.85433294560384,25.140060796710905],[85.19135709660422,25.145132962005203],[84.81586977139706,24.899079461417926],[84.42672463496845,24.750968834737463],[84.86535703625114,23.586127558141687],[84.41371304150249,23.61409432667056],[84.27597825072797,23.85452334223593],[84.13908111610782,24.276041488941285],[83.60741378024298,23.979398396350376],[83.19756734421603,24.16709034948677],[82.47864598002391,24.548541281272197],[82.49041472421713,25.38664440279701],[81.91110000360874,25.580831201153],[81.44915819721504,26.49739315373715],[80.6256188870658,26.333020220437014],[80.37491507782345,27.500740674139575],[80.89552110595598,28.311848545917808],[80.66516309434475,29.10397570687837],[80.38980947149618,29.83074601379531],[79.95493087061635,30.05553673401194],[79.48491206084448,30.60730059306013],[79.03518928520064,30.537869776046318],[78.10965928921883,30.677330050703006],[78.24169659993707,31.067561148200667],[77.64889349835089,31.640876662062833],[77.21659930439515,31.25322857940305],[76.4548736228677,31.479738779245142],[75.73367075789216,30.89098302269726],[75.23386268348924,30.196246856366148],[74.6170947882261,30.07861308602278],[74.17694062069927,30.33110498157529],[73.73990706396195,30.35391325004653],[73.08714271440809,30.570423848844193],[72.72698911116989,30.333115322056578],[72.41321415954383,29.63257846639242],[72.10759728782698,30.374438421518338],[71.67550230159979,30.177146202424538],[70.69808894672781,30.26888727782097],[69.71066146348419,30.48365653724669],[68.92145328654583,30.892975619214273],[68.23308040440833,31.075817850155907],[67.81794563490774,31.519095359437827],[67.32080592605703,31.650905728883018],[66.31009971135036,32.24570415661037],[65.5717971294148,32.524299022417885],[65.31011630502177,32.30763086862505],[63.98341767952877,32.93862017716672],[63.00543329898464,33.50399605009519],[62.4438077104119,34.47443943779367],[63.05707479060606,34.35706668676038],[62.92236754005569,34.80164850730023],[62.44365526724805,35.24345224045543],[62.25934878688986,35.93969199233464],[61.026346319923725,36.92290266255088],[59.60420125008722,37.257412213840084],[59.11764852952802,37.88632376517993],[58.386503217267546,38.26361998759838],[58.15175261618224,38.49422826176031],[57.842193997007335,38.948652240498234],[57.735730653358104,39.255843349353455],[57.18934928864191,39.43464665472786],[56.9706411282447,39.355659918678974],[56.457093560164274,40.07585883204507],[56.59518257746026,40.25191037167263],[56.40764089007232,40.431143555137595],[56.96775732494302,40.79055905475008],[57.42287313369753,40.93841109465705],[58.27789821405302,40.83711320158616],[58.32727600954988,41.31693745173909],[59.25462225153981,41.40555205464214],[59.37120350442311,41.700005890448104],[60.34639906457399,42.098018114485704],[60.3612703930595,42.262803990732635]]]]}},{"type":"Feature","properties":{"admin":"TWN"},"geometry":{"type":"Polygon","coordinates":[[[100.41354651507233,26.824327744718985],[100.48242080696541,25.22770764757892],[100.40094391761872,24.398609319668154],[99.68192549206756,25.251845989177394],[99.33267569355986,25.993888656703085],[99.46798064011178,26.966301874171595],[99.84545246144631,27.707348762748975],[100.33277700837924,27.416651035683905],[100.41354651507233,26.824327744718985]]]}},{"type":"Feature","properties":{"admin":"ITA"},"geometry":{"type":"MultiPolygon","coordinates":[[[[7.604089496740728,45.41143919250003],[8.0538658332552,45.31761407680455],[8.126978720258526,45.443066235537536],[8.834723355343417,45.55722379793334],[9.020764637728824,45.32831930690803],[10.082507899696772,45.15719219694298],[10.03997550055109,44.82804942264649],[10.247456243305853,44.54058572201121],[9.651917329442389,44.639249311578126],[9.078221157164172,44.398314088289155],[9.151598345677135,44.05814689265761],[9.079551075316614,43.86124463272037],[9.355816048349617,43.50632421666154],[10.087954640379005,43.15137606527817],[10.522318445383178,42.56043416655759],[11.418234989097739,41.97446682788448],[12.008632996590478,41.978994104101034],[12.210171825434461,41.81659217644046],[12.014000653181284,41.66958178984399],[12.721081503566676,41.40129883397366],[13.303396651743018,41.175299215345426],[14.000990509297555,40.782380593645044],[14.096480753696497,40.64067638520246],[13.98524004929354,40.36750193034522],[13.521326022931083,40.723296599328606],[12.845710818751485,40.847917799859815],[12.576219528520195,40.3557312052691],[13.1589608366812,40.07081667835781],[13.109757594332203,39.666241818620826],[12.793194359073974,39.62000798833422],[12.446046461776946,38.94539472110872],[12.129308775244105,38.884249513096194],[12.110392481209361,39.12635682106101],[12.228552100470962,39.5476810707763],[12.379780202192768,39.71427282607251],[12.036875102514092,40.1627899154085],[11.766191593981855,40.548960525113934],[11.440354755910036,40.64378000214329],[11.184576861330877,40.97043578603947],[10.68335812834346,41.10718802460067],[10.327849143798913,41.407764875538874],[9.763020580253425,41.45599744599744],[9.144115941547717,41.79024699517529],[8.416810911627547,42.26674981380396],[7.8748247670551175,42.68312022988476],[7.589338993688053,43.38598548053915],[7.213281710331848,43.46768706657202],[6.593146031354335,43.69849956585294],[6.257621439260498,43.604215626381276],[5.847587644794896,43.27826481683729],[5.540862359964163,43.226482705761235],[5.609120131461791,43.53192404723955],[5.201766810182017,43.6206619099722],[4.983053927615861,44.15661890493863],[5.227503484688272,44.36512026073977],[4.997050435123505,44.62023444749746],[5.01693157727665,44.81082113736933],[5.3407417518223985,44.66645763744054],[5.692764573276609,44.698559051721965],[6.089035162696606,44.926575987031434],[6.223209813372658,44.820235373213414],[6.570842289070073,44.841589318712245],[6.709474161882762,45.11124037515526],[7.256882898111165,45.02771082181818],[7.569557229965401,45.14008445176672],[7.604089496740728,45.41143919250003]]],[[[11.399794168864233,39.070481769787364],[11.979844056664142,39.13943160131376],[11.756090034925482,38.513504353189894],[11.89341080738295,38.26457723687226],[11.764809959639516,37.84825578096547],[11.145040261939034,38.153573301000776],[10.743055177303798,38.24064934838957],[9.630217118948947,38.648603242475374],[9.709275304006166,39.05664897846675],[10.618840048217008,38.98428681783462],[11.399794168864233,39.070481769787364]]],[[[6.613069370170616,41.1924141429719],[6.978746243745335,41.4239261202886],[7.4672762245875095,40.891572097092364],[7.421252537769254,39.87957681654227],[7.069545566171985,39.9284531835434],[6.770377647798406,39.66916147712396],[6.468850284833873,39.875291072636585],[6.389998534165972,40.799557872425424],[6.193495829131793,41.2298692427566],[6.613069370170616,41.1924141429719]]]]}},{"type":"Feature","properties":{"admin":"DNK"},"geometry":{"type":"MultiPolygon","coordinates":[[[[6.75509877178644,50.25374421495407],[6.328195685449188,50.17153416933837],[5.805957668774564,50.242769321948124],[5.501604917359935,50.53975773684887],[5.429342003161458,51.075054221037114],[5.527126586499822,51.213869789682164],[5.702978574955228,51.366907713700456],[6.287393731238556,51.39840077278419],[6.504545980447194,51.53771275896591],[7.020877292998506,51.67901357339173],[7.032764845662307,51.42052547924076],[6.856389607180849,51.25482726590848],[6.9549434461450295,51.111135555404985],[7.328958953397493,51.032993775136326],[7.190052468155896,50.83678858606098],[6.982277993917861,50.893497532748604],[6.540840217348019,50.51439581754907],[6.75509877178644,50.25374421495407]]],[[[8.335610203454145,50.85248030508507],[8.590340735679026,50.588697338881666],[8.244859632600344,50.1548336500614],[7.492618420706971,50.45840667908267],[7.369720289865368,50.67852219537808],[8.335610203454145,50.85248030508507]]]]}},{"type":"Feature","properties":{"admin":"GBR"},"geometry":{"type":"MultiPolygon","coordinates":[[[[-4.262152308154496,49.64347677533472],[-4.773174412682587,49.75762011206546],[-5.198318768316531,49.75002800200713],[-5.032587359670181,50.043953720680584],[-5.148375779893533,50.333618250353425],[-4.576674761580919,50.35573913703168],[-3.8697686509008276,50.02148468307189],[-4.262152308154496,49.64347677533472]]],[[[-2.136275237830182,49.38481709071672],[-2.135068168832431,49.38475751433812],[-2.0231078917350707,49.70857997165733],[-2.469506769629607,50.046728610788946],[-2.4796476926605875,50.054391343125744],[-3.3037874908222875,50.1499350782948],[-3.457852577245193,50.29600064344006],[-3.197524597908265,50.534844616493054],[-3.4116945706585304,50.68064743541531],[-3.792018454762314,50.42973709445965],[-3.797859026531884,50.93775743667435],[-4.117891491825643,51.20108001334041],[-3.8368617683772612,51.723272777606915],[-3.2958761218934356,52.12213614383528],[-2.7727053953547123,52.08362771982731],[-1.9767756042729412,52.12455885210744],[-2.7079643129862734,51.590487646482],[-2.02807132319413,51.659047568524336],[-1.3007389249860308,51.656440661682964],[-1.485265578174863,51.24460315275085],[-2.1042924370376,50.78044992641379],[-1.4075204374507853,50.74696447257837],[-1.355281039363245,50.691671573941115],[-0.7615792135503887,50.05981871681184],[-0.2944621234134815,49.97223651128524],[0.12781766775094985,49.340069816226666],[0.3258654086572803,49.11644549435704],[1.1678423357170595,49.00779128558923],[1.089401915286351,48.63907816306535],[0.7354818078474288,48.467994929516486],[1.0194633727049125,48.16306700415322],[0.38865541539779885,47.85035584698525],[-0.5561155713644215,47.855914589388156],[-1.762340361813254,47.6901305786466],[-2.08896151078421,47.80893546773595],[-2.566023885416567,47.525237918125164],[-3.219219968198547,47.59425138541993],[-3.728683874541922,47.36127567033521],[-4.099886672311533,47.48337843643825],[-3.0325579283916633,48.11590010908568],[-2.398380058088924,48.24395576170869],[-2.4038891011608134,48.244451797764256],[-3.49577747050628,48.34275371678402],[-3.6817699961377723,48.57586697630247],[-2.9435589045214545,48.755820957225524],[-3.3099441837821004,49.06517716845688],[-3.1599527249283175,49.4355974447848],[-2.136275237830182,49.38481709071672]]]]}},{"type":"Feature","properties":{"admin":"ISL"},"geometry":{"type":"Polygon","coordinates":[[[-8.808499497371661,55.48216819661228],[-9.01036540859911,55.23785464550613],[-8.379864921640875,54.97379166954897],[-9.25431652889235,54.670598349790744],[-11.124180902819209,54.39095919498217],[-11.685109986496274,54.31540640706355],[-12.490524199188837,54.376449026539625],[-14.188518824069481,54.5066121498409],[-13.51219530988628,54.68591902081711],[-14.7864082840715,54.88104078036997],[-13.66552220768979,54.95742834186047],[-13.6496452359087,55.072106058018115],[-14.901776164901074,55.16206283496556],[-14.388189590160117,55.409800562237116],[-13.445011012203622,55.4652178701772],[-12.588531580036001,55.20852095406354],[-11.591817929945625,55.415088887995836],[-10.859004347370396,55.30835597008709],[-9.808391986833678,55.508565881094874],[-8.808499497371661,55.48216819661228]]]}},{"type":"Feature","properties":{"admin":"AZE"},"geometry":{"type":"MultiPolygon","coordinates":[[[[35.01342737524151,41.90513690433858],[35.23332638946736,41.88049023017702],[35.89414269981543,41.431177157796746],[36.245328269025286,41.38029367343618],[36.31541883136795,41.56942220794],[36.670345809626625,41.86705815238934],[37.19511692240922,41.47770792591014],[37.75203407655524,40.946595140566544],[38.11785095250768,40.911313096630394],[38.417740003644354,40.70728084410063],[37.80899192954405,40.64617576474903],[37.85874934648593,40.05135936756063],[37.807843186123016,39.780119080091616],[37.57944072269837,39.598091638916586],[37.71192898304715,39.20969256090464],[37.53107235310262,39.170379560617675],[36.93367090289536,39.581329173266205],[37.0870585159842,39.96582078141032],[36.79393056505835,40.19214831458733],[36.523485336744095,40.135300259348575],[35.780946422095845,39.56304502686921],[35.61286400904736,40.101239541319046],[35.23321577725511,40.227342062760734],[34.84934065196122,40.435745166656794],[34.99479539200955,40.678369483554825],[34.51356198145885,40.937982688007544],[34.611198939832164,41.12666148532848],[34.283759071158656,41.25631281001568],[34.068790928588314,41.45230723714756],[34.21801405834222,41.5735988442643],[34.84686700087422,41.359759027500054],[35.269068622396404,41.31541356379844],[35.345643286096205,41.402838541780156],[34.84922801857421,41.803707109171825],[35.01342737524151,41.90513690433858]]],[[[35.50865465941934,39.54006765316583],[34.95273754072446,39.64384685707343],[34.46725486496682,40.002154941937604],[34.26569163084309,40.29258040991038],[34.41903078693767,40.31328556117091],[34.70309248530136,40.107093955265405],[35.04109702754007,40.10882637456045],[35.07083306754957,39.98975404331081],[35.50865465941934,39.54006765316583]]]]}},{"type":"Feature","properties":{"admin":"GEO"},"geometry":{"type":"Polygon","coordinates":[[[29.828643147078132,43.04298153371298],[29.895331850788942,43.12683434659178],[30.56180793962322,43.005392385177174],[31.69646829014571,42.89001129127828],[32.82132059336454,42.54588189105282],[32.99405775317113,42.41154427917414],[33.41412989774975,42.52507411844188],[34.16193103784934,42.37373813115855],[34.48625137177382,42.074994091597404],[35.01342737524151,41.90513690433858],[34.84922801857421,41.803707109171825],[35.345643286096205,41.402838541780156],[35.269068622396404,41.31541356379844],[34.84686700087422,41.359759027500054],[34.21801405834222,41.5735988442643],[34.068790928588314,41.45230723714756],[33.049334732282176,41.33608857804439],[32.215948231530504,41.700693003313546],[31.420330203643058,41.66556926099732],[31.444598605278987,41.98018759617598],[31.114290340879972,42.47677475463628],[30.603973376670854,42.74210235213936],[30.16546953957075,42.824488245751],[29.828643147078132,43.04298153371298]]]}},{"type":"Feature","properties":{"admin":"PHL"},"geometry":{"type":"MultiPolygon","coordinates":[[[[102.88435310337017,14.524684439743652],[102.300055224086,15.36739936405754],[103.03588519021999,15.326897969385367],[103.4034874460411,14.929079022015479],[103.3430821907829,13.970351265358026],[102.88435310337017,14.524684439743652]]],[[[104.84926340860495,11.47682603413616],[105.0204068101538,11.792666895358977],[105.01391141196156,12.490716796445959],[105.47502310217097,12.556659014198724],[105.4474923702295,11.79968241893459],[105.91939508398374,12.884131830963572],[105.99683301907383,11.81251971260721],[105.74106904166166,11.44189306987314],[105.5669745338505,10.727556397064212],[105.33989017901484,10.391983571688234],[104.7133714575446,11.174533958258865],[104.84926340860495,11.47682603413616]]],[[[108.31922252762185,9.701905493562059],[108.4913754579981,8.944949295134348],[108.60827849499381,8.304057508667169],[108.41322934968588,7.255511310666764],[107.9904082986664,8.42336947966202],[107.64517775893701,7.842853613847465],[107.99378194945785,6.99757176139984],[107.79028092270644,6.458808077818173],[106.72576339270266,7.12585433549924],[106.41100679529289,7.955849188652349],[106.6201467179065,8.499840820170204],[106.02096392529343,9.039840259434653],[105.80032289011419,8.56643053717428],[105.39212862613648,8.610420475089725],[104.81836757105636,7.972211181608708],[104.6447371250349,8.307189220260545],[104.88332656733024,9.269509362660726],[105.38821080129726,9.589857072310021],[105.80613642243091,10.018304056827784],[106.16837687568197,9.503439859376593],[106.78442870540421,9.815019311406289],[106.86338781246445,10.321898746022107],[107.46501362469172,10.352063547914327],[107.30055638869518,11.227613420001537],[108.06537606841897,10.691092013553158],[108.20910158376371,10.11993775219416],[108.31922252762185,9.701905493562059]]],[[[101.45333073406205,10.725420463993009],[100.43741305844715,9.648196024654084],[100.76785458249479,10.442678689346977],[101.3008205202978,11.141914977842738],[101.71137694135268,11.92234054742594],[101.99813980113473,13.037449982226624],[102.28387327495761,12.122644847486168],[101.80387524256012,11.502336333680182],[101.45333073406205,10.725420463993009]]],[[[102.86398744598321,20.513144118320984],[102.8405592304203,20.07358851443462],[103.31837575707051,19.30948276937522],[103.30704334037584,18.417100749746755],[102.8896467438523,18.059344460059652],[102.94565367923289,17.184768997086117],[103.31312381450766,16.314973163547567],[103.78698808738532,16.194210489790425],[104.13666481973485,16.323918690372864],[105.3171529898059,15.715205092875221],[105.34987695678913,15.115004184861476],[105.67614765881936,14.84934303283423],[105.6788570172535,14.33844745792441],[104.91850848950739,14.8825412804356],[104.49711524717733,15.462781074566015],[104.35348997502668,15.057614183585075],[103.68898908035285,15.717791902915895],[102.94787202850068,15.555082420020952],[102.47913252795381,15.798282069479901],[102.43478130679551,16.252113523774014],[102.6447526958022,16.5306611426794],[102.34060701881587,16.783420302060392],[102.30998419348079,16.389349603574736],[101.764794921577,17.017087278395778],[101.53929823476936,17.49086381422833],[101.28091568895654,18.526194600627097],[101.70092700243245,18.17129983481886],[101.39460825723282,19.848987099148577],[101.42376866307771,20.809337540715266],[101.93277549376833,20.808111569263616],[102.5299456831756,20.506445589006013],[102.71674402599209,20.78161039920079],[102.86398744598321,20.513144118320984]]],[[[104.14670398383213,13.089114504539946],[103.93015768664007,13.6207321389],[104.49758621385416,13.275117811989546],[105.04026777975722,13.276763986415537],[105.09679659627653,12.809304482498009],[104.77267545993409,12.332869697992411],[104.27858042210954,11.995200550150626],[104.17286473293665,12.517456352163814],[104.14670398383213,13.089114504539946]]],[[[106.96502205987751,13.922637838882487],[107.40798752219321,12.675000338720473],[106.7028033125098,12.972291852596772],[106.77904563153967,12.596143837372908],[107.09106534688233,11.902557500649568],[106.7202944091163,11.650118704625399],[106.56968134405514,12.441462430197127],[106.30373672484791,12.49976623088774],[106.06477071710748,13.17806751158129],[106.58117580732339,13.088825861978469],[106.50153758244026,13.511882532772221],[105.83602066405356,14.36185747999748],[106.65826090462608,14.33738590850962],[106.96502205987751,13.922637838882487]]]]}},{"type":"Feature","properties":{"admin":"MYS"},"geometry":{"type":"MultiPolygon","coordinates":[[[[85.96657301812267,7.473742141034503],[86.10121590461198,7.6782279634916435],[86.8375220619459,7.175813373665159],[86.9438319376238,6.585776280649982],[87.50240928288645,6.72309543554619],[87.75174469919291,7.1950649471105566],[87.95670468992148,7.087787505774879],[88.50946780914163,6.393791267264453],[88.91509010514363,5.6226421709859915],[89.00385622793277,4.845563368770396],[88.9355500886753,4.319896126193425],[89.03514235760512,3.92224620526296],[89.12169932463378,3.2371502992889662],[89.43450396101156,2.9179420472385535],[89.79711649926,1.8927917572729733],[89.78710477052823,1.5006061382926295],[89.17734318475694,1.4232060055019584],[88.34712070929872,2.2823974506402465],[87.30437215058893,3.2021680785996502],[87.18404187932347,3.7919886163643524],[86.65594014013588,4.56544948327488],[86.49173511189211,5.521492059221339],[86.14699592392715,6.1497649325895285],[86.189264253698,6.987124188527964],[85.96657301812267,7.473742141034503]]],[[[101.43445695600273,4.7946796372974205],[100.67814672802024,4.989318622924136],[99.68893548713021,4.989855510613609],[99.45240580854835,3.6750404954473623],[99.1359484056192,3.2724296258964825],[98.73698821558261,1.660280843253617],[98.03852319394669,1.4130135665574028],[97.21816934021282,1.7381187778431266],[96.80687154460041,1.6364223802929179],[96.31311893005723,1.0497055852119241],[95.76218732270542,1.1332980591271282],[95.20892617863241,0.8973243091198259],[94.61158466166245,1.5529141150992243],[94.45238941752368,2.3280221230051388],[95.09231352489671,1.9306408699146111],[95.75333663416657,2.1473413371274237],[95.89978422164874,3.1286067911028828],[96.25996118521812,3.347023201541132],[97.2828805402345,3.5976724503153976],[97.8610172928404,4.512716037765169],[98.24554683754465,5.243006777016539],[98.66923285162652,4.644597880410385],[98.82942587901753,5.038063218164491],[99.24257999979226,5.001490236260184],[99.2498819489358,5.738182855356492],[99.25154175985202,6.305448793722553],[99.85485843794609,7.104996783294056],[100.2135574734846,8.001235210645563],[100.56052463711616,8.00499311198655],[101.05135541124773,7.4251934781911],[101.13034486564496,6.926153055369239],[101.72046105387804,6.605685713161458],[102.46243556199902,6.259529801825469],[102.43167753599276,5.8083719009051835],[101.8583398089773,5.751196978113712],[102.04620115602444,5.187991766378978],[101.43445695600273,4.7946796372974205]]]]}},{"type":"Feature","properties":{"admin":"BRN"},"geometry":{"type":"Polygon","coordinates":[[[99.25154175985202,6.305448793722553],[99.2498819489358,5.738182855356492],[99.24257999979226,5.001490236260184],[98.82942587901753,5.038063218164491],[98.66923285162652,4.644597880410385],[98.24554683754465,5.243006777016539],[98.56084595801889,5.674533237032735],[99.25154175985202,6.305448793722553]]]}},{"type":"Feature","properties":{"admin":"SVN"},"geometry":{"type":"Polygon","coordinates":[[[10.082507899696772,45.15719219694298],[10.691886731611701,45.10565005147936],[11.041882133716541,45.25630974670152],[11.677666469575941,45.27280238426044],[11.801728634761096,45.38431009280489],[11.925242937253284,45.377016626930924],[12.097347846745937,45.153500265290944],[11.538741828669934,44.976409087760466],[11.501817980041343,44.70508024176572],[11.255157771209149,44.63592973687471],[11.280846108414211,44.44635010765348],[10.990477879946177,44.45953399515517],[10.727422005378857,44.5703689111946],[10.60583801057179,44.45577309175107],[10.090474539203065,44.479000484239144],[10.247456243305853,44.54058572201121],[10.03997550055109,44.82804942264649],[10.082507899696772,45.15719219694298]]]}},{"type":"Feature","properties":{"admin":"FIN"},"geometry":{"type":"Polygon","coordinates":[[[16.88319106120338,56.40535322858817],[16.92263584482085,56.16733693919156],[17.96077545754651,55.93417583904872],[17.548208247046027,55.6625291975053],[18.472643001324457,55.23679662753873],[18.225442616428467,54.90377355092378],[18.928214218948913,54.606069680653405],[18.801553350147135,54.33883656508773],[19.86883435249503,54.051266492668596],[19.735172018356014,53.83281210021008],[19.26005115070277,53.58084252582174],[18.12756112033924,53.006982697467315],[18.12756259359862,53.00698223870524],[18.12756037373006,53.006981321181115],[16.969064639059994,52.970438370371696],[15.890542137199573,52.80084421579423],[14.8663137401038,52.70239140289098],[14.411434798381535,52.95569543431026],[13.739959996339806,53.1060348091517],[13.745651983805729,53.547908586885086],[13.312165908638255,53.94023879347843],[13.531863215416747,54.18728341948639],[14.00973142271275,54.44824874822749],[15.263268137149415,54.88547478013038],[15.640764090444186,54.96781317809744],[15.50727079029405,55.132430139501615],[14.581515581120573,55.313316734232856],[14.316384230873421,55.45983130578695],[14.067842640139231,56.01810034496774],[13.040066734181957,56.25390848347935],[12.185600219023383,56.41922550754029],[12.504194483448751,56.50701035354754],[13.232447237274796,56.330312361997265],[13.997969555469268,56.347031672254275],[14.670795423293313,56.26506742957085],[15.164762872248483,56.41450065916796],[15.334444817808404,56.65574385719885],[16.185747726760518,56.76457912569073],[17.00616871046737,56.63668549403712],[16.88319106120338,56.40535322858817]]]}},{"type":"Feature","properties":{"admin":"SVK"},"geometry":{"type":"Polygon","coordinates":[[[16.149677885904637,46.819678026318954],[15.984124871024921,46.65619443843149],[15.89439011414178,46.40105477780038],[15.753425749123306,46.33592734027321],[14.946442783915547,46.52894446898396],[14.718012188455077,46.490307293434185],[14.576265670422634,46.340768902605845],[14.251940721825433,46.26106556787093],[14.166947547387467,46.301894816402694],[13.832744510862957,46.20263719259591],[13.549211188896171,46.18366304106837],[13.512109560799916,46.054639198250676],[12.917684286972966,45.97561991336327],[12.640366650915434,46.04595147377059],[12.248295216879686,46.210398388867766],[12.143505993684022,46.43140185525947],[12.1891238444121,46.511931809188916],[12.269664874340224,46.65088834582675],[12.589193081493818,46.64020743559017],[12.823717381651566,46.705332634951446],[12.833625370086455,46.76375077994131],[12.96590051099551,46.79352617201507],[12.989252436296859,46.93571807666964],[13.148736228933503,46.96280598764059],[13.240362467074036,47.07463891052338],[13.45299992850746,47.075392083688605],[13.499810252767672,47.0379336940872],[13.778291704103658,47.12205453854582],[14.178153075323848,46.901798264918064],[14.575666863716645,47.03520643676313],[14.92500225959753,46.97137821974855],[15.421875328654654,47.0591937042094],[16.149677885904637,46.819678026318954]]]}},{"type":"Feature","properties":{"admin":"CZE"},"geometry":{"type":"Polygon","coordinates":[[[10.575253764150741,48.0544005809686],[10.938272861920932,47.86176702367586],[11.474453189155302,47.8094489985411],[11.4563183856392,47.64325511045846],[11.861123304100538,47.51755794231401],[11.941729101692035,47.67436942297392],[12.438635969716234,47.606582118021116],[12.537898902370943,47.415795503068175],[13.072470502478508,47.37881866760323],[13.45299992850746,47.075392083688605],[13.240362467074036,47.07463891052338],[13.148736228933503,46.96280598764059],[12.989252436296859,46.93571807666964],[12.96590051099551,46.79352617201507],[12.833625370086455,46.76375077994131],[12.823717381651566,46.705332634951446],[12.589193081493818,46.64020743559017],[12.269664874340224,46.65088834582675],[12.1891238444121,46.511931809188916],[11.840176354566006,46.63124917955596],[11.507871088527086,46.59850143476254],[10.924180322320451,46.79044987477881],[10.678436052624484,46.74361123878153],[10.308542400652257,46.4855247686566],[9.749645223048676,46.6887901305437],[9.312849800840166,46.957866536089995],[8.930926139958725,47.107101464677726],[8.82529823585528,47.36686607036026],[8.679782464712265,47.54835797568577],[9.17871314069821,47.68048385332856],[9.42215432510049,47.8308120577731],[9.913490332198636,47.9470339721418],[10.074379538054778,48.060713335800884],[10.269902649689154,47.99214056560988],[10.575253764150741,48.0544005809686]]]}},{"type":"Feature","properties":{"admin":"ERI"},"geometry":{"type":"Polygon","coordinates":[[[30.912165916218004,16.417632587496563],[30.79547570867335,16.85526557170759],[31.056002080605452,18.448802708808397],[31.08870022217632,19.162892657772005],[31.33014400607056,19.4907907204528],[31.937564343437085,19.666225612777275],[32.31574418685981,20.2731526464443],[32.90188774297491,19.038666796112256],[33.20781047946208,18.05037700021592],[33.70926889960635,17.52267811035061],[34.93744973019581,16.49312084268173],[35.45102723387213,15.86796345526881],[35.952791356370625,15.23231362469798],[36.2427990107028,14.852545978573058],[36.681960061064586,14.519297487123291],[36.44157372898273,14.248189342599904],[36.071178954435915,14.344613409429085],[35.75850463263857,14.703504931942739],[35.36846581066677,15.351600996639648],[34.969062600229684,15.705520921151825],[34.72477891801373,16.08498933451531],[33.957133848241945,16.524313071391337],[33.37460464837648,16.537396140492834],[33.15506454635405,16.76591566998614],[32.67427658738969,16.50886555200532],[32.12781472912604,17.004618993283476],[31.914117610104807,16.188615593007643],[30.912165916218004,16.417632587496563]]]}},{"type":"Feature","properties":{"admin":"JPN"},"geometry":{"type":"MultiPolygon","coordinates":[[[[108.89259382996846,39.88228104000375],[108.84052561545272,39.09429427682891],[109.5117913646784,38.27090599285396],[109.71565118145948,37.623175670692916],[110.15867954263726,37.211625583016605],[110.1747117983265,36.626502181335965],[109.44690243493696,36.23176722309131],[108.09773712928137,36.18008735744041],[107.61441434138169,35.20786281872571],[106.8700389029534,35.5372873157349],[106.41883490335154,36.171871833269535],[105.17146421365666,35.98543804852738],[104.49527999970547,35.58499659929516],[103.57998805317833,35.56862779707926],[104.77643545474243,34.9363690943821],[105.12310923872727,33.445732207164056],[104.81487726156325,33.07026592145497],[104.23432740048749,33.41716306274177],[103.97490705966409,34.213204645682964],[103.32145204581263,34.467586864200385],[102.64316084486012,35.06251427415883],[103.23017762429969,35.32757168063883],[103.30750356235951,35.86404099351801],[103.81685643331863,36.30089191571718],[104.00972025844911,36.87255172417409],[105.39850270311278,37.11974374168688],[106.35503245108157,36.95039377052572],[106.10864773401812,38.40195417047841],[106.91874747938992,38.01664499767307],[107.43708286514737,38.81958416481055],[107.62995526763557,39.1274377267269],[107.31831966385674,40.08169696083586],[106.43531687153148,40.93934633170209],[106.32488575144262,41.41276799620491],[107.00302663938659,41.54920402116933],[108.37068221670523,40.505700815690616],[108.89259382996846,39.88228104000375]]],[[[107.56903472084029,43.414731320569715],[107.77396805758767,43.71131646408633],[108.7851998249298,42.919839356924086],[107.8778137754636,42.72397314036124],[107.93897150573983,42.00383804581433],[106.26712307540251,42.50110116695475],[106.63121093736244,41.70174285700379],[105.80093632157931,41.690631037150766],[105.00223480627884,42.4179155199648],[104.82409041461119,42.970590171552615],[105.5820052618303,43.010142431732945],[104.77934717977543,43.98002162613437],[104.40987901268649,44.513755691036486],[106.06444255223562,43.7987010413965],[106.88621006279256,43.56426655906792],[107.56903472084029,43.414731320569715]]],[[[104.90329541184312,35.20686251712711],[105.01720691275078,35.71744695291476],[105.53002606497832,35.61886454664067],[105.62228178482232,35.97611730757678],[106.32194647153827,35.79310489359567],[106.61318200924318,35.50075745783408],[106.49774119063191,34.98061028421089],[105.99834168601338,35.25701919178024],[105.71765899682673,35.056919383194106],[105.81878177480712,34.54976644668295],[105.14995002342596,34.79730223164755],[104.90329541184312,35.20686251712711]]]]}},{"type":"Feature","properties":{"admin":"PRY"},"geometry":{"type":"Polygon","coordinates":[[[-48.63737335865519,-22.55760397145512],[-48.308583877915424,-23.132204193224982],[-48.15575277804811,-24.520006635256067],[-47.24838712364091,-24.714501051305195],[-46.939648126916474,-24.516075250056524],[-46.33683211773997,-24.790136570363504],[-46.135129648392756,-25.09158067396009],[-45.91279347348758,-26.009563092255487],[-45.753626510050935,-26.39204908066834],[-45.4384935330052,-26.435985694363012],[-45.154849072441515,-26.275637157300356],[-44.82845345685489,-26.455538541149153],[-44.73951348727649,-26.998120028453695],[-44.7525974645953,-27.577423338858665],[-44.815347455969885,-28.138320628765502],[-44.79394546735608,-28.98762425215006],[-45.39414478057343,-29.71638540643807],[-46.00815556731554,-29.86821975442401],[-46.95249432923951,-29.724012793783967],[-47.82770771659573,-29.46601850212865],[-47.308125732301804,-28.006914862824335],[-47.50558692830187,-27.577574578691138],[-48.42304928531652,-27.19518579668953],[-49.56244740510438,-26.467206484290596],[-50.26482275860775,-26.316460699046864],[-52.07479231448511,-24.680973644895005],[-51.94729581468109,-23.460221107177706],[-52.01244640769764,-22.906343777491493],[-51.74704265015154,-21.99307904033795],[-50.32967510058809,-21.689179836929117],[-49.549360536208034,-21.703988630400982],[-48.696164030405605,-22.2374655974177],[-48.63737335865519,-22.55760397145512]]]}},{"type":"Feature","properties":{"admin":"YEM"},"geometry":{"type":"Polygon","coordinates":[[[43.62979723926448,21.33003578245199],[44.48266083320978,19.583239854042557],[44.83616113870282,18.835228300103424],[44.2543823035783,18.546337966951725],[44.13753257393934,18.06736002657229],[44.15252338164237,17.69818971109603],[43.351246723440774,17.239658601451268],[42.04058406248047,16.731105972202105],[41.34276149782725,15.958245204167762],[40.97346514248544,15.89769526446246],[40.71368060845323,15.962672928228923],[40.25112546522413,15.50609231620536],[39.72449533239889,15.293798942797736],[39.014640194876065,15.23647768717653],[38.80418275118906,15.173741665633791],[38.63795238018222,14.88185412703725],[38.420258727989776,14.801092622402631],[38.30681170504731,14.519239812342908],[37.88381797574932,14.543711973990792],[37.62128581366167,14.393150932428327],[37.02833972634546,14.449585362417531],[36.76612827348423,15.096418790355115],[36.75064524378599,15.699197963504014],[36.58966024880409,16.023507921852524],[36.36641478531249,16.83317546857273],[36.09002276328877,17.28109119126199],[36.255610274015396,17.333974184955977],[36.1310948607255,17.829810657655322],[36.21741322434062,18.038504786339335],[36.142463924681294,18.50916479300888],[36.48508310178831,18.85223917808774],[36.36034190652617,19.304064781673993],[36.537875684170245,19.828659066621658],[36.908505368259725,19.551473779256902],[37.128394317279124,19.647904242542364],[38.09857027321876,19.67239817379242],[38.262863471442145,19.56573093824698],[39.08752203229317,19.45893443293417],[39.40566015087617,19.51235923177993],[39.64973326495912,19.155876078684514],[40.02668269559022,19.334271722775554],[40.52010432306929,20.451534753325888],[41.25452375638269,20.926846695537822],[43.62979723926448,21.33003578245199]]]}},{"type":"Feature","properties":{"admin":"SAU"},"geometry":{"type":"Polygon","coordinates":[[[28.251406691412782,31.552490824991505],[29.171384907161883,31.406138314502456],[29.480695408947366,31.68898990907938],[29.626018414888545,32.018195228022115],[30.222330665817722,32.144345324327084],[30.308476817964376,32.44826831098129],[30.550638044638657,32.6017921830371],[29.609524928720695,33.49733915408866],[31.136489174160452,33.94136474188222],[31.265566416674897,34.07408472090934],[32.26903875790503,33.8353131273234],[33.57172152631109,33.213719678522914],[36.162554914614994,31.388997519879535],[37.6796004920692,31.31535811107754],[38.416883794921944,31.226257353882865],[38.69845757960921,30.784464460212842],[39.26774215139957,30.808599196008732],[39.73023763811916,30.001304523601494],[40.16876778800795,29.785777978994677],[40.3665385451584,29.452987032273402],[40.992222013503955,29.05251601188726],[41.10907295445178,28.6570770510066],[41.08105786008464,28.336249777616224],[41.23828870621942,28.011175832261497],[41.51865951565394,27.73885006791862],[41.67953089326232,27.41890012161604],[41.840721583451,27.178788922015],[42.120457858722006,26.983890123743794],[42.337825243879074,27.053745153514935],[42.55358616727655,26.677545342302725],[42.620597625853854,26.44880852109638],[43.089632457048204,25.438940552265105],[45.658485055006146,24.931581437754364],[45.79319086203479,25.144664821625497],[46.28225771437603,24.428496284394733],[46.013888294636,22.374243931643615],[43.62979723926448,21.33003578245199],[41.25452375638269,20.926846695537822],[40.52010432306929,20.451534753325888],[40.02668269559022,19.334271722775554],[39.64973326495912,19.155876078684514],[39.40566015087617,19.51235923177993],[39.08752203229317,19.45893443293417],[38.262863471442145,19.56573093824698],[38.09857027321876,19.67239817379242],[37.128394317279124,19.647904242542364],[36.908505368259725,19.551473779256902],[36.537875684170245,19.828659066621658],[36.36034190652617,19.304064781673993],[36.48508310178831,18.85223917808774],[36.142463924681294,18.50916479300888],[35.995342656612536,18.967890238129776],[35.71397076286157,19.29054917620832],[35.612738812817604,19.716523783288952],[35.1447697444331,20.097768161223552],[34.61780719404636,20.98472093816308],[34.30197780751794,21.83941162315257],[33.65435091456799,22.55546222797846],[33.26503734605601,22.72555882205422],[32.615391074734966,23.70654023344888],[32.44639271981962,24.415167759445957],[32.418073166720376,25.01502013967533],[31.820253499958937,26.12547132447465],[31.38892912422886,26.51263546521629],[30.919866680203285,26.71703485705625],[30.584193809475952,27.2804901923367],[30.603340855508474,27.501624638817976],[30.315109811380754,28.006237817726124],[30.049538470586246,28.222477368148418],[29.64250012480436,28.938204491839173],[29.049401926091143,29.705677003745333],[28.551742556857523,30.352412314895513],[28.14769075828142,30.347909298074864],[28.207790394816193,30.860131918040924],[28.20088992233363,31.1846327342304],[28.251406691412782,31.552490824991505]]]}},{"type":"Feature","properties":{"admin":"ATA"},"geometry":{"type":"MultiPolygon","coordinates":[[[[-26.284042258359488,-58.80868327042349],[-26.008975582670413,-58.80869339780676],[-25.2518769844257,-58.765514631610706],[-24.390341627133537,-58.80869339780676],[-23.637254805379136,-58.89281582455102],[-23.288581674097756,-59.00636021058968],[-23.14596390141994,-59.08336453569264],[-23.03424525955206,-59.17052788335966],[-23.800714020836306,-59.22208761845118],[-24.616786433198822,-59.26280608750834],[-25.568784127216592,-59.29946018472067],[-26.639321066329213,-59.329321738605444],[-27.90140842963973,-59.32043341949881],[-28.662248592951318,-59.26897472589419],[-28.65557694387574,-59.2029312591996],[-27.57950707411934,-59.15738800583356],[-27.19094958952431,-59.10045097910695],[-26.948632663562357,-59.024113816374665],[-26.788539541384157,-58.95580681560642],[-26.54030335537958,-58.88906717739635],[-26.28404248390715,-58.80868307184694],[-26.284042258359488,-58.80868327042349]]],[[[-35.176353988220086,-59.208450245831315],[-33.971257191512414,-59.21483357776163],[-32.80455639230335,-59.230683136925556],[-32.51010342456034,-59.16303888772013],[-32.31659257139787,-59.1028895748997],[-31.66278824778594,-59.172873413474825],[-31.69867178926058,-59.255736355922025],[-31.751735976779866,-59.32552940446711],[-32.88967045179959,-59.30463905101938],[-34.055054563673735,-59.3136261415586],[-34.799971548814455,-59.261933220714454],[-34.809887911439986,-59.255736355922025],[-35.176353988220086,-59.208450245831315]]],[[[-42.641712643018344,-57.107704995374085],[-42.6417130891842,-57.107704693087555],[-42.298291163503045,-57.07206399632677],[-41.613723641107946,-57.08396188390254],[-41.666426078893345,-56.927434513046364],[-41.796039142188846,-56.810629216668126],[-42.16464610777287,-56.55158274954581],[-42.04038024122096,-56.39553611009165],[-41.56587255143093,-56.34281116034375],[-41.090020881909886,-56.46745532949598],[-40.78995218508662,-56.590082686790595],[-40.34394812039933,-56.73578422863285],[-39.967027498030575,-56.87236792566962],[-39.61926118901626,-57.01220158789212],[-39.36500575727591,-57.14902316215651],[-39.30570972249523,-57.26555058503755],[-39.31098032821554,-57.374132124202816],[-39.92601442662106,-57.413606161877254],[-40.48136842781047,-57.46951729281686],[-41.237064994587485,-57.463955128477615],[-41.12411682704636,-57.35144272575649],[-41.73702771885571,-57.39107767310819],[-42.31474165596568,-57.43044591071988],[-42.880418540449696,-57.34575957130617],[-43.0977797303693,-57.22503252238653],[-42.641712643018344,-57.107704995374085]]],[[[-58.65093586056279,-57.29367380733232],[-58.65093586056279,-57.29367380733232],[-58.398656528528385,-57.24176839805342],[-57.58547673863167,-57.28218607551221],[-56.70829796224344,-57.3051383370641],[-56.000229386548604,-57.3451144643621],[-55.4402437990116,-57.31087719836074],[-54.781258423950455,-57.47444359425667],[-55.271899622779415,-57.4521805358606],[-55.94139629866289,-57.46332371428944],[-56.66717766449772,-57.4521805358606],[-57.40266434428394,-57.46888653143546],[-58.09986790300077,-57.412968873445756],[-58.65093586056279,-57.29367380733232]]],[[[-69.0242464282745,-57.78704720876727],[-69.0242471222719,-57.78704694230734],[-69.13498231733976,-57.697433816764594],[-68.33825688137166,-57.745083386661705],[-67.50281859624506,-57.787033086370435],[-66.9491605475161,-57.739801389790436],[-67.03129348272189,-57.8337935673115],[-67.38795880291121,-57.900490998744694],[-68.22059606531467,-57.8800818396211],[-69.0242464282745,-57.78704720876727]]],[[[-71.78980994647739,-57.734527840194666],[-71.78981067138443,-57.73452757076812],[-71.53697226825781,-57.676103764763596],[-70.80369106063324,-57.739801389790436],[-69.66728780413906,-57.84411472467721],[-70.0247784197711,-57.8337935673115],[-70.82069566298183,-57.80787518466088],[-71.78980994647739,-57.734527840194666]]],[[[-88.02030832562866,-58.91524882793514],[-88.02030832562866,-58.91524882793514],[-87.96905563291618,-58.84345027821641],[-86.85014205014345,-58.87396236509463],[-86.08638915758254,-58.93377672448366],[-85.42889268151886,-58.99920652089828],[-84.9755005696489,-59.079930448932004],[-85.90760981555184,-59.10384811298658],[-86.84867011914538,-59.04172323825324],[-87.41136221852689,-58.977616958597785],[-87.47443372723218,-58.96673468985059],[-88.02030832562866,-58.91524882793514]]],[[[92.98548832668696,-59.77352152174585],[91.87886162176471,-60.011596415434745],[-91.87886162176471,-60.011596415434745],[-92.98548832668696,-59.77352152174585],[-92.95245956646006,-59.774244950218915],[-92.7468750853493,-59.71922488703525],[-91.67668984328758,-59.74956732624928],[-91.63162850890448,-59.74626237061274],[-91.22434715951367,-59.71522015098238],[-91.14814451894432,-59.71633891474663],[-91.08402223524604,-59.7170840937204],[-90.15630901881553,-59.75717518490996],[-89.67845698289942,-59.7170840937204],[-89.58567202914729,-59.711381168936484],[-88.14105760397952,-59.6933588584043],[-87.54597671761127,-59.7170840937204],[-87.25206794870684,-59.72888380267976],[-86.33670540138169,-59.76052088579085],[-84.77252373087207,-59.78345775289719],[-83.4987466594978,-59.810194369142486],[-81.43226294127797,-59.82916470960805],[-80.03748101331564,-59.80694426139524],[-77.78362729711873,-59.822944742333355],[-76.44967250898918,-59.84719934309133],[-75.1737641923136,-59.824508383129256],[-73.82317174460988,-59.802016368325106],[-73.8635705695151,-59.76052088579085],[-75.91215498569373,-59.75689218345205],[-77.66817084717307,-59.73459911593322],[-78.254370162543,-59.695385746267974],[-79.73398327477925,-59.672726778054454],[-79.83558664501156,-59.62285086010484],[-79.82834808589784,-59.57436527937941],[-79.81098951905244,-59.52808108760271],[-80.11819724049933,-59.47426831199736],[-81.13409007877513,-59.43685169098422],[-81.72660992943086,-59.38692211564536],[-82.71857524925383,-59.34083783007373],[-81.4044451560146,-59.349604133912756],[-80.27365127955115,-59.32610748632971],[-79.32581606758772,-59.37555713596117],[-78.54647715960313,-59.332023015493625],[-77.8840914982707,-59.27485956335399],[-77.64815756464752,-59.221811356987466],[-78.07647729016226,-59.15380220728496],[-78.9309935178546,-59.10694396725322],[-79.89857660793403,-59.05540831659532],[-81.0353434916958,-59.04492950024801],[-82.08872373399952,-59.02027632137436],[-83.19218428466108,-59.0024799990481],[-83.793381167689,-58.933455609701724],[-84.7093991506994,-58.87362270837662],[-85.38734250296177,-58.804441451881594],[-86.41999253990639,-58.5682172785509],[-86.07640141561573,-58.58939218088814],[-85.34496419697311,-58.65610390636483],[-84.52439433338411,-58.63541008631973],[-83.76404635282904,-58.606205988221134],[-82.99646382769888,-58.6970066511838],[-82.20656642660988,-58.67663592469853],[-81.63971353096076,-58.63125774512178],[-81.15773292256792,-58.57247115623673],[-80.7830627512086,-58.4995005852224],[-80.02989069481156,-58.4777083778788],[-80.3286879508327,-58.39353440139968],[-80.80533245044073,-58.30722400498167],[-80.91507830997269,-58.22346762537859],[-80.33585524829924,-58.18087079678329],[-79.75469534728411,-58.26093217930653],[-79.05868293253766,-58.21404849186875],[-78.6118156303709,-58.15221158238014],[-77.83304093831484,-58.147416622644776],[-77.15615925319473,-58.12334025156872],[-76.5806396087104,-58.06496218125633],[-76.14155429814026,-58.010703989461156],[-75.62457074129082,-57.955736573895436],[-75.14274152390077,-57.970790735275656],[-74.7017019186572,-57.99079423617035],[-73.97050921244778,-57.955736573895436],[-73.09820665786644,-58.00075435914995],[-72.3466992384966,-57.995777096850965],[-71.7109742162779,-57.96076038779756],[-70.88661891781598,-57.985805524186084],[-69.98743936010187,-58.010703989461156],[-69.2380861524872,-58.00075435914995],[-68.41568814979973,-58.005725513766954],[-67.57170226205605,-58.010703989461156],[-66.83232143214585,-58.00075435914995],[-66.456659991017,-57.92544360744557],[-65.87933707270687,-57.88474803939527],[-65.03684969428835,-57.94061642194328],[-64.48114252862972,-57.8949536354837],[-64.10294570538422,-57.80222409150428],[-63.539703630820824,-57.88474803939527],[-63.120681432032505,-57.97579701069647],[-62.55415513202881,-58.06006139780932],[-62.155265420053176,-57.985805524186084],[-61.26348700666735,-58.07962982230433],[-60.44195271328262,-58.10881868423261],[-59.640659011619114,-58.176111189958675],[-58.89214374188813,-58.16179677667564],[-58.28543968217229,-58.118509978264385],[-57.42542821295471,-58.12816489088277],[-56.59933129457936,-58.16179677667564],[-55.74382603362728,-58.20459344341913],[-55.68286822339939,-58.09911696196295],[-56.22544924249429,-58.015663418546396],[-56.69600144520084,-57.92544360744557],[-57.46453137134697,-57.90514940572747],[-57.998213268432686,-57.80742287250055],[-58.33789533730705,-57.707594938921154],[-58.9828873968405,-57.50169114423725],[-58.4661118497608,-57.54024618298769],[-57.68594631758672,-57.556677326214434],[-56.98626897052782,-57.54024618298769],[-56.22850453596106,-57.58396096040863],[-55.484552966454366,-57.66494496292604],[-55.04420347033938,-57.760395975052276],[-54.25057060078075,-57.77612858440031],[-53.59667722702402,-57.739356496613624],[-52.92832227046269,-57.686323391293016],[-52.29347278279306,-57.65422795521096],[-51.59423421538653,-57.71821013532211],[-50.88294722711919,-57.69697088838519],[-50.790671646908685,-57.48507262383607],[-50.10199077202396,-57.61110037511673],[-49.35856621102589,-57.65958921584629],[-48.698062050372535,-57.63271048440709],[-48.041145666692664,-57.739356496613624],[-47.28246109552329,-57.749887977190554],[-46.542799644119256,-57.78135643803478],[-45.77103005114847,-57.838507652497256],[-45.50082938074948,-57.739356496613624],[-45.44207335602802,-57.643473529655324],[-44.69900249859523,-57.749887977190554],[-43.96963776754601,-57.72350185803037],[-43.30074639999486,-57.78135643803478],[-42.77178644628811,-57.86938270686878],[-42.06557904595932,-57.84367938344682],[-41.57232328625853,-57.78657874882654],[-41.10443204371485,-57.71821013532211],[-40.475285016551545,-57.68099081810415],[-39.72573465044997,-57.64884665096915],[-39.059854125869364,-57.61110037511673],[-38.58981647343621,-57.551205953369546],[-38.37942011058899,-57.46283887888121],[-38.41610334627511,-57.33892936663942],[-38.64819083675317,-57.218057893070146],[-38.9875105364788,-57.10059292140681],[-39.352362092392696,-56.9808454560157],[-39.697375011961185,-56.85883803819474],[-39.994230429356534,-56.74706874744428],[-40.19500738556121,-56.6207362385209],[-40.30485023048001,-56.49216096087606],[-40.186807145650654,-56.36790606782871],[-40.13059911626679,-56.22821649873037],[-40.20504591920246,-56.09289115704492],[-40.50744013287154,-55.9414323590578],[-40.74759720417822,-55.80138664020139],[-40.64761663058042,-55.637583956631715],[-40.44240608736237,-55.52915963064941],[-40.20920433249447,-55.390038412269945],[-39.924510668522586,-55.27129686760519],[-39.55698136455432,-55.158718720995765],[-39.496506876295356,-54.99132339970865],[-39.2724365718979,-54.88339086043127],[-38.98997222647436,-54.78218965314795],[-38.41975023148002,-54.75871678997378],[-38.156955921529566,-54.63262353547439],[-37.796368613246415,-54.55309226304177],[-37.33010898174331,-54.50511173358635],[-36.97658507173449,-54.40045220265877],[-36.74127927962672,-54.2703704266812],[-36.29433694892361,-54.221227011191715],[-35.830456199648964,-54.32747038417475],[-35.938464878635465,-54.46497236604784],[-36.46170687452491,-54.58497540421641],[-36.646905903015245,-54.672181574475054],[-37.16987797225871,-54.60881386282507],[-37.64259549355461,-54.648455056874525],[-37.97449991028076,-54.74301996514597],[-38.32066318305752,-54.84458124449664],[-38.50377271365788,-54.960593650624],[-38.42883227836044,-55.113333540000966],[-38.241808498692954,-55.25636383451857],[-37.820770064801806,-55.38264422044539],[-38.142744115416846,-55.47083210889495],[-38.68148188886805,-55.500030913685784],[-38.87630265013308,-55.623207304686666],[-39.100926788490234,-55.737633525325926],[-39.29776138285103,-55.892678131632486],[-39.23580144880123,-56.024378892825695],[-38.85446428299683,-56.16758607134753],[-38.41138531987358,-56.27506683023947],[-37.82888700403827,-56.354698449300585],[-37.25272799757728,-56.459660222555925],[-36.85658495532858,-56.588799950630545],[-36.5854942980529,-56.7094098809218],[-36.263196900938475,-56.83415718390322],[-35.863356114955884,-56.938402249268094],[-35.55360278184207,-57.05296125951479],[-35.135328846354525,-57.32753266675648],[-34.83285692176206,-57.434920864145354],[-34.648454753556436,-57.54572909174889],[-34.33296365314422,-57.65422795521096],[-34.22706933367648,-57.79701923129598],[-34.39388084240535,-57.90514940572747],[-34.60874471192513,-57.99079423617035],[-35.30491558542871,-58.02556495839725],[-35.43375781711603,-58.113673578792124],[-35.656088277373556,-58.19512707751078],[-36.36190028619509,-58.28413997881706],[-37.04206080313281,-58.32098870009242],[-37.65648482340564,-58.37102645527218],[-38.322665796013894,-58.42034506935867],[-38.61644107759769,-58.512497369227184],[-39.48073830065769,-58.52113208482301],[-40.45907841513413,-58.512497369227184],[-41.29718084576174,-58.52975408026841],[-42.217831800170494,-58.52975408026841],[-41.897519378403466,-58.61458808609632],[-41.00077156155057,-58.65195975594274],[-40.29568392354153,-58.70915671244751],[-39.83299271068609,-58.780947197599936],[-40.328208316989645,-58.84311643756622],[-41.29227638460743,-58.82385476352503],[-41.97319183545787,-58.87362270837662],[-41.8611160475341,-58.95183345180402],[-41.748817061861374,-59.02381522804289],[-41.01128998864554,-59.08306566094644],[-40.77833375024326,-59.147177215138086],[-39.988198541838344,-59.20906601233753],[-38.82067682802346,-59.23445732315382],[-37.79007702369259,-59.27792255406799],[-36.951338749969544,-59.32610748632971],[-35.91200321827013,-59.37269267535553],[-34.565349975715854,-59.3953875487123],[-33.21686879694982,-59.43412569478773],[-32.260816563925275,-59.47426831199736],[-31.22059039791309,-59.51805102391188],[-30.62223000154989,-59.576736593170274],[-30.30267857752163,-59.62060674104643],[-29.730099228352373,-59.57910143951045],[-28.922225187123896,-59.54294266859567],[-28.065292394979995,-59.502802990400156],[-27.02193740897154,-59.46900064397228],[-26.13392668820191,-59.43140048369787],[-24.830764492441485,-59.42866912685098],[-23.523753493627908,-59.44766402446633],[-22.4312542686988,-59.47951771155227],[-22.154298683032103,-59.420437218488686],[-21.465867450317944,-59.37840774083964],[-20.13830583667064,-59.37555713596117],[-19.12501774642682,-59.343763705442164],[-18.16088018158675,-59.31122075591162],[-17.081064819861698,-59.29012047866168],[-15.931282792402213,-59.262536861769554],[-15.140510896226726,-59.221811356987466],[-15.555579298064954,-59.16368007386327],[-15.827645081598336,-59.10355245723538],[-15.874246598308586,-59.03791902422411],[-16.905824645195377,-59.04492950024801],[-17.98281142342526,-59.072734706999015],[-19.028522057015074,-59.072734706999015],[-19.23203275260063,-59.00604974685412],[-19.27693531813354,-58.866037606430865],[-19.069122493114655,-58.82385476352503],[-18.33436568668545,-58.777011883381284],[-17.458980599185733,-58.729307317296765],[-16.84442202573545,-58.668434746018164],[-16.22713641575327,-58.606205988221134],[-15.792332828912508,-58.52113208482301],[-15.067067522836703,-58.48207640833466],[-14.345127614557539,-58.451351078810525],[-13.979382240414596,-58.43367587626093],[-13.135104186522812,-58.424790628410214],[-12.344506357853867,-58.39353440139968],[-11.687768595445318,-58.3483700952525],[-11.043624186418628,-58.29339374482756],[-10.461725405013944,-58.23756412877717],[-9.721848871839445,-58.16179677667564],[-9.262794696486853,-58.07962982230433],[-8.764763788929615,-58.005725513766954],[-8.634198887616087,-57.90514940572747],[-9.248534741605182,-57.84367938344682],[-9.088031009448125,-57.734081918529895],[-8.740151488094318,-57.64884665096915],[-8.169085525117174,-57.5948283636279],[-7.565400841845333,-57.52924903240903],[-7.009131546527266,-57.44051295578742],[-6.589077939299721,-57.32753266675648],[-6.339704930403563,-57.188906133009624],[-5.939831167482476,-57.106517196899304],[-5.247322783884427,-57.12427179374131],[-4.947788220991776,-57.223867938352136],[-4.259585451605286,-57.235471173086424],[-4.253576850416239,-57.12427179374131],[-3.9762763286026686,-57.00498038115692],[-3.3491717648581565,-57.03501714334029],[-3.1894633409981954,-57.14785929247207],[-2.4996669345785163,-57.1654783187254],[-1.7586547601993567,-57.11245147843308],[-1.0369171577722172,-57.07682272648078],[-0.38062796700776963,-57.09466294596965],[-0.13139335332984062,-57.218057893070146],[0.5006730095956999,-57.118364638278955],[1.0900300020356544,-57.06491116061408],[1.7488381517206975,-57.02302583813059],[2.3982279418348895,-56.9808454560157],[2.995758059104878,-56.907910334637705],[3.6502236599369504,-56.85883803819474],[4.161088831420047,-56.79076009785547],[4.5320160312374815,-56.677869304878335],[4.954259251386356,-56.75958757300046],[5.568270290454917,-56.71569794083803],[5.962228976591164,-56.86498982125958],[6.269291307473544,-56.97480158328198],[6.941940716805933,-56.91401702996558],[7.233375202142025,-56.79076009785547],[7.850035613887378,-56.7031164889297],[8.612103575467165,-56.721980025905836],[8.8063575301431,-56.840331972245615],[9.321846210264068,-56.721980025905836],[9.963852098047594,-56.68418531736704],[10.655945705206257,-56.67154731983379],[11.27280094832873,-56.677869304878335],[11.9113925545164,-56.71569794083803],[12.53333587108239,-56.734543874331386],[12.762952135046739,-56.840331972245615],[13.098610764507232,-56.93231827991269],[13.760690579917247,-56.8772766887675],[14.449960806553243,-56.86498982125958],[15.110732352895324,-56.86498982125958],[15.763396056726473,-56.85883803819474],[16.3682205435846,-56.8155833195329],[17.005575673058193,-56.77829829231645],[17.570647917674744,-56.69049600161872],[18.154582920561268,-56.633481533448894],[18.7710468723633,-56.60160145391466],[19.275314327516213,-56.511583394524045],[19.712682463923123,-56.32825010682925],[20.120094920673104,-56.21480801441626],[20.702177937887996,-56.26837822418414],[20.856044356091008,-56.38766684336286],[21.311878328119757,-56.46616838626297],[21.94190611425867,-56.440085297131255],[22.274184410061622,-56.556722169301416],[22.65027194573352,-56.63983709504252],[23.30519340968752,-56.563162521639846],[23.620237987918873,-56.42045997767896],[24.197301105740888,-56.36131383091614],[24.899247033608717,-56.24833116933862],[25.517611429470016,-56.20132355504764],[26.270756036396758,-56.13372601928938],[26.798765698163216,-56.058705219373344],[27.3582441218363,-55.97609450816328],[27.891007773456092,-55.899657399307365],[28.419225183984878,-55.9414323590578],[29.067932844602588,-55.81550315892196],[29.542721769459416,-55.716294485256455],[30.10337961171616,-55.72341295204488],[30.675987292950946,-55.637583956631715],[30.9100763954742,-55.50733585870413],[31.512738968527696,-55.404770946651105],[32.07988228534422,-55.33084546642033],[32.74332044082425,-55.27129686760519],[33.33316813521647,-55.24140897224974],[33.85083102721833,-55.263833318223334],[34.38936562693538,-55.30111566116341],[34.778031724903485,-55.404770946651105],[34.67837863077605,-55.5654402642089],[35.0876481907629,-55.68774518753938],[35.35067144416796,-55.78726686648926],[36.02453679115728,-55.82957862850396],[36.3184535366215,-55.9275360102034],[36.703969998110736,-56.024378892825695],[37.25404344866818,-56.04499870436013],[37.81241413150204,-55.97609450816328],[38.49653749998534,-55.82957862850396],[38.97198655190682,-55.90661221832558],[39.50965224801649,-55.948372506757266],[40.022531136558136,-55.989912938499],[40.57436404841154,-56.01750062248491],[41.17134826901336,-56.01750062248491],[41.204757462373216,-56.37449268486725],[41.070207006644026,-56.459660222555925],[40.805241206311734,-56.60798524968172],[40.133771762480166,-56.69049600161872],[39.519455530248194,-56.809385851578995],[39.43609618307014,-56.93231827991269],[40.09231821117255,-56.926212767253546],[39.84827504386295,-57.04698537677518],[39.4001104523632,-57.159611117763454],[38.9620659014252,-57.281685234087746],[39.2722681910189,-57.372997425358285],[39.89229628146963,-57.40123209785563],[40.62608868820897,-57.35030342092687],[41.10665522789202,-57.235471173086424],[41.45861789338392,-57.12427179374131],[41.91218953226585,-57.02902418310102],[42.405536714126946,-56.938402249268094],[42.71177230308392,-56.82796062744626],[43.24319394114863,-56.67154731983379],[43.65536978813723,-56.63983709504252],[44.33952362934675,-56.62712000189012],[44.981235327216275,-56.588799950630545],[45.65495126409753,-56.53741810274198],[46.13456620842732,-56.40735952717851],[46.49186961357066,-56.28171441548756],[47.08448831333703,-56.15407676144792],[47.796823899719506,-56.065568074687135],[48.40038354784579,-55.996831905801194],[48.901632000977706,-55.878684989489194],[49.335069120118675,-55.81550315892196],[49.85395451691315,-55.758941207295344],[50.40295118119004,-55.79432954248802],[50.998139525724,-55.758941207295344],[51.65256962413096,-55.716294485256455],[52.28127505840241,-55.737633525325926],[52.872124980718155,-55.637583956631715],[53.557844494637955,-55.3900188393673],[53.62787219622909,-55.49273937002598],[53.64415409947037,-55.66628906474359],[54.03996992969644,-55.737633525325926],[54.57278287619398,-55.76602620739511],[55.21976125548432,-55.72341295204488],[55.78719769060259,-55.75185026878405],[56.341759598526494,-55.758941207295344],[56.7784532229462,-55.72341295204488],[57.25034296003627,-55.7447541163493],[57.578283830514046,-55.82254350417099],[58.20482337058766,-55.77312441996508],[58.853348562453206,-55.77312441996508],[59.49439553883071,-55.72341295204488],[60.03242813768114,-55.77312441996508],[60.64808596565285,-55.65193832911591],[61.17204352447131,-55.52915963064941],[61.76747094798853,-55.42682880857554],[63.025194423169665,-55.14359942516956],[63.32926200545001,-55.19639042284428],[63.611619172802165,-55.30111566116341],[63.77879049584005,-55.434189544461894],[64.13725725884487,-55.65910697667621],[64.71527457521253,-55.66628906474359],[65.27117880326549,-55.66628906474359],[66.00425123753836,-55.623207304686666],[66.75293502908194,-55.57267613123766],[67.44744266611248,-55.47083210889495],[68.07587295357447,-55.36048664198789],[68.78462775543603,-55.34566735085293],[69.39667139286584,-55.263833318223334],[69.73020178312463,-55.33825937583786],[69.80790422978271,-55.456180268717866],[70.00262871052935,-55.57267613123766],[70.69622087814291,-55.55819920055974],[70.91911165631439,-55.65193832911591],[71.44692558050541,-55.7447541163493],[72.12687850566601,-55.780198251576316],[72.81244737119573,-55.75185026878405],[73.5293412478406,-55.637583956631715],[74.17876872681954,-55.52189035636032],[74.78740098372428,-55.49273937002598],[75.2244568721857,-55.543700006490354],[75.77457814621624,-55.579906062406785],[76.47109134574605,-55.52189035636032],[77.01750377657099,-55.52189035636032],[77.47123745847928,-55.55819920055974],[77.94762254211875,-55.59436838364475],[78.64020874533404,-55.52915963064941],[79.42549957337636,-55.47083210889495],[80.07740214462316,-55.456180268717866],[80.76756939047131,-55.456180268717866],[81.411543375102,-55.4194816222628],[82.02768040203017,-55.390038412269945],[82.62260081095371,-55.203903953134784],[83.0070257282978,-55.04487124709715],[83.15071482350962,-55.15115183235502],[82.86216929921723,-55.32342637996205],[82.70312384313836,-55.47813996700988],[82.65964862143491,-55.601581967197895],[83.01330763553658,-55.66628906474359],[83.7517113219951,-55.64476411122126],[84.56228715802641,-55.637583956631715],[85.16011351429032,-55.6159916938668],[85.95376174129005,-55.6159916938668],[86.54038292012564,-55.60878961457914],[87.29773286317683,-55.623207304686666],[87.89946006113573,-55.65193832911591],[88.03118156659004,-55.76602620739511],[87.56529051537757,-55.899657399307365],[87.67794167417136,-56.00372695268401],[88.10099394513568,-56.08606886942131],[88.52619904826742,-56.174376990443484],[89.12758619629835,-56.234921076531855],[89.77981645425238,-56.288409441711515],[90.23288813528178,-56.34148551382088],[90.88596946226778,-56.34812970272758],[91.59261372638984,-56.234921076531855],[91.84717374288432,-56.32825010682925],[91.99204478554489,-56.4335722876695],[92.281216597947,-56.511583394524045],[92.8991808513849,-56.54385831850909],[93.4617879913379,-56.582398889494975],[93.36076831827026,-56.7094098809218],[93.79146028341204,-56.784523772359215],[93.88686697843424,-56.8956802289291],[94.37972856437295,-56.94448022863677],[95.06968119962274,-56.938402249268094],[95.63562108060866,-56.95661945637072],[96.34829925300494,-56.95055252804838],[96.96125078652767,-56.97480158328198],[97.46779416338892,-57.01700585451715],[97.82696787785933,-57.088726968160834],[98.2247066169931,-57.14785929247207],[98.32912502484841,-57.235471173086424],[97.86267349918806,-57.35030342092687],[97.20558883305875,-57.451694983052654],[96.50186067887302,-57.57851873653756],[95.95674018108376,-57.67563854548717],[95.29416874040746,-57.78657874882654],[94.40682136809387,-57.82817384110275],[93.74611377299098,-57.92037887595637],[92.82372120374707,-57.97579701069647],[92.21617194763638,-58.07474639487544],[91.50276873218006,-58.166574057070605],[90.82649999370594,-58.24224722776896],[90.24536721961405,-58.339270661805315],[89.79129418968829,-58.424790628410214],[89.36512434511344,-58.52545179584],[89.07456128118707,-58.606205988221134],[89.07217853032908,-58.68886579521307],[88.89880368700315,-58.76517003196279],[88.8831830080898,-58.83544425912065],[89.78251740553894,-58.862225929814954],[89.67002173873767,-58.94450462312429],[88.58837466840177,-58.9736834808619],[87.61567242372836,-59.013170498395674],[86.57127721338772,-59.02027632137436],[85.73496944267926,-59.120456794687804],[85.33485284391404,-59.19943965722458],[84.87258002171063,-59.259442751675216],[84.36739887048313,-59.31719896310698],[84.87390987153434,-59.36695997952859],[84.90717618311034,-59.42593148638482],[85.15463185496188,-59.47689275929894],[85.61304441285003,-59.52056796019538],[86.17762375266072,-59.55999825804513],[86.8069083326123,-59.59780412979088],[87.84711971112347,-59.63398134116404],[87.8839278025302,-59.68723970307802],[89.280732834159,-59.709405436194785],[89.34717573310786,-59.7170840937204],[89.60734981644357,-59.74586136777968],[91.14646148202795,-59.72116845833616],[92.19609539988456,-59.75140815644911],[92.98548832668696,-59.77352152174585]]]]}},{"type":"Feature","properties":{"admin":"CYN"},"geometry":{"type":"Polygon","coordinates":[[[25.711891978307975,36.628099563340356],[25.76666140615488,36.63267586339775],[25.84630300524838,36.833731967479466],[26.413278995220352,36.82251237081243],[27.082373229724105,37.07009896855817],[26.614958392252042,36.716347524602945],[26.69914287239245,36.55994558497004],[26.609877468744155,36.589293447245545],[26.470570080968407,36.525929678028845],[26.349936996029115,36.54336208552843],[26.316175427319642,36.511260560542624],[26.28621025220263,36.59583900788579],[26.22088440062741,36.64704847055108],[26.067939646933194,36.65574357285939],[25.866699247654694,36.58447545553632],[25.711891978307975,36.628099563340356]]]}},{"type":"Feature","properties":{"admin":"CYP"},"geometry":{"type":"Polygon","coordinates":[[[25.711891978307975,36.628099563340356],[25.866699247654694,36.58447545553632],[26.067939646933194,36.65574357285939],[26.22088440062741,36.64704847055108],[26.28621025220263,36.59583900788579],[26.316175427319642,36.511260560542624],[26.349936996029115,36.54336208552843],[26.470570080968407,36.525929678028845],[26.609877468744155,36.589293447245545],[26.69914287239245,36.55994558497004],[26.735285278303678,36.492624959301715],[25.985707558454322,36.151053920149],[25.582325315332387,36.26044727027557],[25.343712072601967,36.59735048626454],[25.711891978307975,36.628099563340356]]]}},{"type":"Feature","properties":{"admin":"MAR"},"geometry":{"type":"Polygon","coordinates":[[[-1.7042774766093107,36.65179494453383],[-1.413072094609949,36.11395325052799],[-1.3705234588423583,35.59761188640471],[-1.1033689231968111,34.68848988240967],[-0.8948632478506937,34.503534133289],[-1.042767282226647,34.16356857741523],[-2.0879032222071285,34.01545162579403],[-2.4532785087864872,33.68898838097756],[-2.9169599825728976,33.611726586971805],[-2.9617061023372635,32.951395396024665],[-3.9072317543639463,32.595190868408395],[-4.224443306005157,32.141312548382466],[-4.889985170152669,31.8962614967633],[-5.699595436984026,31.75677931265623],[-7.026307467207848,31.077109886155633],[-7.054918039391377,29.97001943011994],[-7.178859584338792,29.97001943011994],[-7.176005298165459,29.463147428053606],[-7.681383131452847,29.432539028267946],[-7.9517290498387965,29.21599024373968],[-8.32261778777847,29.21599024373968],[-8.613636342781014,29.339670629335718],[-9.304478299121588,29.2374152931991],[-9.600168069395504,28.490674730795515],[-9.859038280495442,28.42009530163852],[-10.293612008520725,27.193868568991608],[-11.483055710262034,26.12801544685421],[-11.811655977768089,24.742839941452626],[-12.169852980280028,24.287184649741903],[-12.284021713908075,23.919938688832875],[-14.163010672689646,23.838333418419698],[-14.177488295177403,23.839944468486674],[-14.117123333724724,24.312408085775484],[-13.785341982890062,24.589007637292617],[-13.489958807762854,25.115473807614844],[-13.527869170510277,25.45560525350392],[-13.210478770502638,26.160181849277873],[-12.721348276567282,26.78968433925016],[-12.436384781852654,26.948404475522032],[-12.191817112652387,27.520171769546483],[-12.1477002907597,28.03853679780914],[-11.82295848131791,28.635344691114163],[-11.261248007512268,28.984856158972157],[-10.698347778459102,29.95467574313409],[-10.682802016314316,29.967872398552508],[-10.256937113981184,30.328829331183293],[-9.496631363587195,30.432274512257823],[-8.830470630770252,31.06863752752737],[-8.414517023278973,31.314953090959442],[-7.71027723283257,32.08043373660969],[-7.86622810546466,33.20275837915717],[-7.530502073544256,33.96592727183944],[-7.404240463958172,34.42775633814164],[-6.868816958324109,35.01435102095173],[-6.0586128046366285,35.40723390065389],[-5.45983954556985,35.76014735028508],[-4.904981618218037,36.63297742580228],[-4.642468559166367,37.14319021779675],[-4.066274666819404,37.139219125098315],[-3.602660030405053,36.787136406894014],[-2.8553551351695234,36.84467028653392],[-2.045335969779903,36.66072627085988],[-1.7042774766093107,36.65179494453383]]]}},{"type":"Feature","properties":{"admin":"EGY"},"geometry":{"type":"Polygon","coordinates":[[[30.651244282483276,24.42849526904425],[27.353649583743703,24.42849526904425],[24.127748052287,24.42849526904425],[20.7854480119633,24.42849526904425],[20.51483297326772,28.08334971160519],[20.21551047671399,31.44404390392179],[19.900938396517688,32.18110650462612],[20.051388713241355,32.7398372097247],[19.887142033239922,33.123701480125646],[20.131287656406005,33.55127560237714],[21.19398230508084,33.56594560640275],[21.991533188726795,33.330808078438025],[22.81866345984741,33.06685550649207],[23.207032113735455,32.92725312318175],[23.78942079675261,33.2109074396368],[24.086401057588205,33.46622237994387],[24.782425968547948,33.5394781772757],[25.366608761826786,33.42727163371878],[25.644917693318785,32.9842672646702],[25.791272933521732,33.27649232369272],[26.462934509899032,33.06533333261256],[27.095341208506404,33.01462136367952],[27.457389682732977,33.23992231044309],[27.457393298426467,33.23992498828808],[28.093211108448244,31.92310183604574],[28.20620061962366,31.685391831361763],[28.029219022770874,31.31572253462752],[27.946498296647384,30.614807535099402],[27.78683906795366,30.127106762104685],[27.617290051242975,29.962737331969606],[27.30903829242379,30.26616471933223],[26.8910024259558,30.68349957437667],[26.146409620168,32.00524275491146],[26.0741990343576,31.92250726147428],[26.531914883654327,30.950966134826473],[27.1453133571554,30.01097100812142],[27.93602043963162,28.527444694705995],[28.298151833741876,28.001970734501946],[28.623025791105004,27.451996778855886],[29.480353613875934,26.362084121738793],[29.334434433587358,26.189018891334708],[29.427834657199817,25.54048264005214],[30.484763975403922,24.636237297590558],[30.651244282483276,24.42849526904425]]]}},{"type":"Feature","properties":{"admin":"LBY"},"geometry":{"type":"Polygon","coordinates":[[[20.7854480119633,24.42849526904425],[20.915221858595707,22.377407601253882],[19.953301372344594,22.374250163531595],[19.967510767115353,21.937519109146024],[16.52998270621593,23.914311117877578],[13.124298058190092,25.84776091828376],[12.312119641507962,25.30018282068912],[11.740365229402281,24.92586939404831],[11.25252656304873,25.478407115829622],[9.927021315560491,25.909566135134725],[9.542743164447078,26.531657408539235],[8.876208561925496,26.989988983293472],[8.49663955922813,26.809580100685118],[8.186573114047688,27.357326721960863],[8.142512871116246,27.775493345966993],[7.635232387027397,28.481264841029976],[7.947265322437826,28.882733445402256],[7.855981594595261,29.482384019862092],[7.941704487740052,30.000014859594923],[7.867796007462073,30.4280915601855],[7.982771948731053,31.18695057632676],[7.922498009764537,31.615026438427115],[7.630599212970901,32.420102724154326],[8.014635070112899,32.629612816670566],[8.068288799862131,33.009576330879604],[7.967316220267262,33.37963074153001],[8.50139955680026,33.72166876928981],[8.733860288510195,34.004422878015866],[9.109995088852733,34.25652391997228],[9.119947587901652,34.925130278696095],[10.069740712666137,34.62655949052363],[10.399193063397558,34.70135180682451],[11.07247275987452,34.556206700644594],[12.154969785314254,34.16549133999834],[12.582410503263073,33.379799911366014],[13.313478833300254,33.20672766707064],[14.47157852053906,32.831595055258894],[15.36238404512911,32.38281061491622],[15.736041494877126,32.617425746337794],[16.086789536252454,33.03101974701623],[15.84186881569743,33.713146305280006],[16.054446005296114,34.14189737329698],[16.59044208071583,34.5517117606518],[17.126439587109157,34.6704013420019],[18.22051237729692,34.49224809889952],[18.53283439650619,34.100872719073394],[18.830182192848326,34.09715601832935],[19.100040383512052,33.94705109497675],[19.90457325675836,33.84358422102754],[20.131287656406005,33.55127560237714],[19.887142033239922,33.123701480125646],[20.051388713241355,32.7398372097247],[19.900938396517688,32.18110650462612],[20.21551047671399,31.44404390392179],[20.51483297326772,28.08334971160519],[20.7854480119633,24.42849526904425]]]}},{"type":"Feature","properties":{"admin":"ETH"},"geometry":{"type":"Polygon","coordinates":[[[40.981147478454155,9.233081291088721],[38.66777681932583,5.791652101964984],[37.54865598895164,5.740859250235787],[36.79961386917361,4.927538993820284],[36.24845050495872,4.906221870365347],[36.01984083321784,4.542073664810494],[35.4318143910949,4.542279369218012],[35.07766611030103,4.932654500238591],[34.300100658574706,4.449473032726043],[34.05323845842113,3.9675857098293497],[33.47785711156282,4.058598992982675],[33.28531758968194,4.191981407869793],[33.08423922362399,4.160110324284748],[32.812024723675236,4.171784647246784],[31.706707424295786,5.152977267220854],[31.10792146379872,5.152977267220854],[30.807201864265313,5.5326620659565275],[30.794464709914408,6.17940042322134],[30.34384725890803,6.3725088373579295],[29.80718957252561,7.622509342824236],[29.4082934180192,7.888199740266426],[29.245859166871465,8.345882077424756],[28.795579093896976,8.90270938080236],[28.2664934063681,8.984446446997328],[28.539509294473405,9.633493974396139],[28.99354229738674,9.661463513688275],[29.11059363296428,10.00870369572056],[29.064266046392117,11.027813981970958],[29.272142405018652,12.207878415059623],[29.66381599440093,12.522483263564672],[29.729864519051894,12.9806935924015],[30.05655053343239,13.833735737680655],[30.543327784944484,14.384636848945178],[30.83133846545315,15.474254845388005],[30.912165916218004,16.417632587496563],[31.914117610104807,16.188615593007643],[32.12781472912604,17.004618993283476],[32.67427658738969,16.50886555200532],[33.15506454635405,16.76591566998614],[33.37460464837648,16.537396140492834],[33.957133848241945,16.524313071391337],[34.72477891801373,16.08498933451531],[34.969062600229684,15.705520921151825],[35.36846581066677,15.351600996639648],[35.75850463263857,14.703504931942739],[36.071178954435915,14.344613409429085],[35.80031937806732,13.852826430556554],[35.54094551550381,13.329884612228938],[35.623883456981076,13.021157393423547],[35.65529880491876,12.680369401298826],[36.133240121882686,12.661630815884294],[36.334684278336034,12.741135889990757],[36.5346612626583,12.541235042112001],[36.368648803707565,12.14321376096397],[36.71470981197908,11.522968552966722],[37.05568266079984,10.979065796378892],[37.40066297237496,10.574965478968679],[40.260178755660526,9.22610553846304],[40.981147478454155,9.233081291088721]]]}},{"type":"Feature","properties":{"admin":"DJI"},"geometry":{"type":"Polygon","coordinates":[[[36.071178954435915,14.344613409429085],[36.44157372898273,14.248189342599904],[36.681960061064586,14.519297487123291],[36.90442861620426,14.175657992785716],[36.904952558945276,13.713469399290208],[36.43368304688175,13.446527927138215],[36.81705803519977,13.140792857166685],[36.5346612626583,12.541235042112001],[36.334684278336034,12.741135889990757],[36.133240121882686,12.661630815884294],[35.65529880491876,12.680369401298826],[35.623883456981076,13.021157393423547],[35.54094551550381,13.329884612228938],[35.80031937806732,13.852826430556554],[36.071178954435915,14.344613409429085]]]}},{"type":"Feature","properties":{"admin":"SOL"},"geometry":{"type":"Polygon","coordinates":[[[41.77242537230164,13.083269959289707],[41.77242537230164,13.083269959289707],[41.76827404611747,13.06497540616297],[41.79345214359086,12.603448131569701],[41.8578827527723,11.46831172495188],[41.888802723141126,10.87867126932578],[41.53648703117736,10.18254576022977],[40.981147478454155,9.233081291088721],[40.260178755660526,9.22610553846304],[37.40066297237496,10.574965478968679],[37.05568266079984,10.979065796378892],[36.71470981197908,11.522968552966722],[36.368648803707565,12.14321376096397],[36.5346612626583,12.541235042112001],[36.81705803519977,13.140792857166685],[37.106072357890255,12.934509875352695],[37.298359198060474,12.470848459992704],[37.7082933793346,12.000288743821514],[38.13281663750925,11.996537606809213],[38.92315291604369,12.284240919909257],[39.84568511476554,12.417381126645086],[40.57738213411433,12.765927666356621],[40.99640589987767,12.839702113630604],[41.28890011909339,13.043956299606036],[41.772425876881584,13.083275553319888],[41.77242537230164,13.083269959289707]]]}},{"type":"Feature","properties":{"admin":"UGA"},"geometry":{"type":"Polygon","coordinates":[[[29.207725354529263,-1.1025730923425492],[27.452097577939732,-1.1923400508543143],[26.507697873861446,-1.1774758618368546],[26.20503637035659,-1.3168408213046285],[25.688748756540797,-1.674936541833964],[25.480766950559453,-1.5565997835422836],[25.49067556493983,-0.681781385225465],[25.690827009236425,-0.23830291211206844],[25.738721936383914,0.693357076895812],[25.91851000953684,1.2328974816316927],[26.245263639337008,1.8378891427918538],[26.574413641382765,2.145902307911049],[26.848501664046942,2.557548891302721],[26.502127079707275,2.714498037089971],[26.541026046140328,4.068344949882151],[26.54101907857809,4.068351889740906],[26.891514091136653,4.383712829003719],[27.442072392680746,4.125137959231494],[28.131429666880898,4.39575810500137],[28.736999632225725,4.393076262715452],[29.25841993321237,4.924415390175183],[29.678075802179468,4.122050018386672],[29.78592329349484,3.5413505228912845],[30.177178516668828,2.211351284897474],[29.86863618636581,1.3658978263135146],[29.44711102918845,0.5977468283269384],[29.200879852461945,0.1274612573059101],[29.207725354529263,-1.1025730923425492]]]}},{"type":"Feature","properties":{"admin":"RWA"},"geometry":{"type":"Polygon","coordinates":[[[26.20503637035659,-1.3168408213046285],[26.54397616239437,-1.9713939881682045],[26.489645769279534,-2.653499785300738],[26.239927987460852,-2.800190595920129],[26.239931201715354,-2.800219565401562],[25.78295645252329,-2.7244691140711104],[25.513702866148545,-3.384031621587713],[24.991675513570037,-3.293015289399497],[25.076490037171435,-2.659249444165525],[25.19542063850078,-2.569887408451925],[25.231521016069447,-1.8799350444061997],[25.480766950559453,-1.5565997835422836],[25.688748756540797,-1.674936541833964],[26.20503637035659,-1.3168408213046285]]]}},{"type":"Feature","properties":{"admin":"BIH"},"geometry":{"type":"Polygon","coordinates":[[[13.930371769806374,42.4802996327291],[13.232088972175013,42.752812493158906],[12.912445285622237,43.051043965313966],[12.608571719323853,43.20800951603993],[12.234061893780158,43.471168508598865],[12.046639760084766,43.68791099688666],[11.644709256502352,44.012183244786776],[11.764361844260101,44.29728272521774],[12.048746773702673,44.13986159566246],[12.190592494259642,44.28212088761465],[12.533040794972598,44.29728272521774],[13.182479608225307,44.18354674335484],[13.691410692341023,44.193049916746745],[14.047448532890328,44.04082065064876],[14.047445239072264,44.04081789313032],[14.315131815836219,44.042727416938845],[14.174311712611813,43.73800885010671],[14.571151538744346,43.469224673207584],[14.510169087805329,43.13746613733397],[14.338913342016502,43.106077127566934],[14.208429845642513,43.041227059740066],[13.987962537728556,42.87559032760069],[13.930371769806374,42.4802996327291]]]}},{"type":"Feature","properties":{"admin":"MKD"},"geometry":{"type":"Polygon","coordinates":[[[16.835106208281886,42.24116969934903],[17.248629898512952,42.00682840852706],[17.37737614968965,41.51909517706422],[17.236783224280956,41.49443949191635],[17.131574760487723,41.36469113065945],[16.71862998164089,41.37913837707175],[16.452821335085584,41.21584793817078],[15.9653494225606,41.149496189744724],[15.625760831376404,41.33167283955972],[15.474919937479019,41.65035592263994],[15.536277110254145,41.901264434278836],[15.536276598017723,41.901268107850846],[15.633006784601879,41.895170193523526],[15.645656763346338,42.045312164592175],[16.07411150245019,42.15850807703136],[16.238531166102785,42.18652376089892],[16.488322133513066,42.229073297823724],[16.835106208281886,42.24116969934903]]]}},{"type":"Feature","properties":{"admin":"SRB"},"geometry":{"type":"Polygon","coordinates":[[[13.812209114430683,44.75545194274915],[13.81221804129262,44.75545598432313],[14.346420128325033,44.931992560046105],[14.808208675090487,44.90233872095818],[15.249118204553401,44.637816441234726],[15.36706358225977,44.42188382712365],[15.842479112738786,44.261291655143715],[15.94744679559686,43.977826483091064],[16.41253759647508,43.77650895425097],[16.618741427902986,43.93190638764933],[16.816172216375662,43.845656280278384],[16.66446595939398,43.728373823030566],[16.82092387205996,43.606797810404004],[16.664258204966576,43.44787908671195],[16.773538128602247,43.19038593971725],[17.18673212963949,42.883484406683316],[16.93774195533996,42.65944276879439],[16.84788721687176,42.4299046770453],[16.942829673257787,42.34369884825806],[16.835106208281886,42.24116969934903],[16.488322133513066,42.229073297823724],[16.238531166102785,42.18652376089892],[16.20534318556935,42.241162422382885],[16.282344090346676,42.327629657600475],[16.339852699450716,42.503924459627726],[16.23387987806742,42.49993032481899],[16.06787370664,42.633572476567466],[15.939534527840214,42.66740152852941],[15.824387428085052,42.78156798686243],[15.677856024590623,42.82613813431704],[15.556575289015916,42.92694629262046],[15.428340331078992,42.88744753792577],[15.359653622870596,42.649498729380085],[15.187799420988902,42.597722158247784],[15.24058015310446,42.6594434877615],[14.93382143987743,42.80831852652691],[14.677161134822516,42.88535497111712],[14.5540869604092,42.98413525644307],[14.338913342016502,43.106077127566934],[14.510169087805329,43.13746613733397],[14.571151538744346,43.469224673207584],[14.174311712611813,43.73800885010671],[14.315131815836219,44.042727416938845],[14.047445239072264,44.04081789313032],[14.047448532890328,44.04082065064876],[14.2933027347973,44.299155470377094],[14.030097917864367,44.49339879152498],[13.812209114430683,44.75545194274915]]]}},{"type":"Feature","properties":{"admin":"MNE"},"geometry":{"type":"Polygon","coordinates":[[[15.070468022093326,42.43591796480833],[14.877268368150336,42.37178943506577],[14.810747933316069,42.50793040919394],[14.533304866818483,42.15044353308063],[14.614744197905912,41.91753245247767],[14.449439220885376,41.974378842725564],[14.207220769680108,42.21296012399712],[13.863662585881412,42.3572135293512],[13.930371769806374,42.4802996327291],[13.987962537728556,42.87559032760069],[14.208429845642513,43.041227059740066],[14.338913342016502,43.106077127566934],[14.5540869604092,42.98413525644307],[14.677161134822516,42.88535497111712],[14.93382143987743,42.80831852652691],[15.24058015310446,42.6594434877615],[15.187799420988902,42.597722158247784],[15.070468022093326,42.43591796480833]]]}},{"type":"Feature","properties":{"admin":"KOS"},"geometry":{"type":"Polygon","coordinates":[[[15.536276598017723,41.901268107850846],[15.448344622042427,42.166581714561495],[15.257870602673444,42.24116969934903],[15.070468022093326,42.43591796480833],[15.187799420988902,42.597722158247784],[15.359653622870596,42.649498729380085],[15.428340331078992,42.88744753792577],[15.556575289015916,42.92694629262046],[15.677856024590623,42.82613813431704],[15.824387428085052,42.78156798686243],[15.939534527840214,42.66740152852941],[16.06787370664,42.633572476567466],[16.23387987806742,42.49993032481899],[16.339852699450716,42.503924459627726],[16.282344090346676,42.327629657600475],[16.20534318556935,42.241162422382885],[16.238531166102785,42.18652376089892],[16.07411150245019,42.15850807703136],[15.645656763346338,42.045312164592175],[15.633006784601879,41.895170193523526],[15.536276598017723,41.901268107850846]]]}},{"type":"Feature","properties":{"admin":"TTO"},"geometry":{"type":"Polygon","coordinates":[[[-52.69332301985875,12.353868323529772],[-52.191354878954385,12.499844802542842],[-52.01488390068909,12.46055478834324],[-52.10852430355214,11.622291997007322],[-52.83111477091454,11.498214599708898],[-52.97806519531797,11.599738214026354],[-52.70838714909395,11.909626484741004],[-52.69332301985875,12.353868323529772]]]}},{"type":"Feature","properties":{"admin":"SDS"},"geometry":{"type":"Polygon","coordinates":[[[26.54101907857809,4.068351889740906],[25.773651966337642,4.836431137269726],[25.562312638534383,5.329465892107977],[25.08671509951414,5.085340157349455],[24.687847580542744,5.1613023704226455],[24.460172743027886,4.967451188636694],[24.071992330711684,5.1074410186641535],[23.537197425959892,6.059310646828794],[23.393094797769255,6.4242346764731995],[22.742989631968896,6.879304016363293],[22.513715108412196,7.567913513924322],[22.146315147538928,8.063683133853162],[21.55710450573928,8.659213653350523],[21.541383015678008,9.030232154617844],[21.061759496984042,9.490760378520712],[20.468624765538213,9.935034716799764],[20.728905991253292,10.058843866040922],[21.017963367496037,10.273251916129608],[21.212619124616044,11.283990972307357],[21.433024787313478,11.806865549247888],[22.044883028262014,11.961525713643464],[22.200781346649865,11.652082742074755],[22.660205705096946,10.99292228891172],[22.898015292331426,10.895809286939963],[23.20103328554951,11.089990485138589],[23.819190961306283,11.051168381017844],[23.943568094766558,10.818087555069393],[24.795910596450835,10.818087555069393],[24.81820366233034,11.051168381017844],[25.252185287276426,11.264599592131132],[25.329568869951405,11.59400801776102],[25.64468570674224,11.826204385132622],[26.38634506099166,11.16761298389682],[26.823081467258564,11.283990972307357],[27.219809655610277,12.096751997813042],[27.665259245813655,12.713688114683524],[27.564364044883096,13.386053461680982],[27.345524211146717,13.711688126919864],[27.855281919851862,13.769087216346405],[27.902750104955402,14.017586782260494],[28.301221035552,13.941164968984172],[28.234823164936543,13.117417061850505],[28.370518097422522,12.309055212374759],[28.828039403070978,11.864877422781639],[28.945519289355897,11.477807780211796],[28.951328448986313,10.915236132814455],[29.070608654167845,10.89285798887484],[29.11059363296428,10.00870369572056],[28.99354229738674,9.661463513688275],[28.539509294473405,9.633493974396139],[28.2664934063681,8.984446446997328],[28.795579093896976,8.90270938080236],[29.245859166871465,8.345882077424756],[29.4082934180192,7.888199740266426],[29.80718957252561,7.622509342824236],[30.34384725890803,6.3725088373579295],[29.77596058420432,5.6135591296297225],[29.25841993321237,4.924415390175183],[28.736999632225725,4.393076262715452],[28.131429666880898,4.39575810500137],[27.442072392680746,4.125137959231494],[26.891514091136653,4.383712829003719],[26.54101907857809,4.068351889740906]]]}}]}